BIN,Address,CD,BLOCK,LOT,LAT,LONG,BOROUGH
1000005,1 NEW YORK PLAZA,101,00004,07501,40.70215,-74.01202,Manhattan
1000007,25 WATER STREET,101,00005,00010,40.70278,-74.01072,MANHATTAN
1000030,16 BEAVER STREET,101,00011,00007,40.70482,-74.0125,Manhattan
1000038,80 BROAD STREET,101,00011,00021,40.70431,-74.01185,MANHATTAN
1000045,25 BROADWAY,101,00013,00027,40.70576,-74.014,MANHATTAN
1000058,225 LIBERTY STREET,101,00016,00125,40.71246,-74.0153,MANHATTAN
1000061,377 RECTOR PLACE,101,00016,07501,40.70985,-74.01789,Manhattan
1000794,88 GREENWICH STREET,101,00018,07501,40.70787,-74.01409,MANHATTAN
1000803,39 BROADWAY,101,00020,00004,40.70634,-74.01343,Manhattan
1000804,45 BROADWAY,101,00020,00009,40.70654,-74.01327,MANHATTAN
1000808,57 BROADWAY,101,00021,00001,40.7071,-74.01284,MANHATTAN
1000811,26 BROADWAY,101,00022,00013,40.70543,-74.0129,MANHATTAN
1000812,42 BROADWAY,101,00022,00020,40.70599,-74.0126,MANHATTAN
1000813,50 BROADWAY,101,00022,00024,40.70623,-74.01244,MANHATTAN
1000819,30 BROAD STREET,101,00024,00029,40.70627,-74.01166,Manhattan
1000824,25 BROAD STREET,101,00025,07502,40.70592,-74.01077,MANHATTAN
1000825,40 EXCHANGE PLACE,101,00025,00027,40.70568,-74.01028,MANHATTAN
1000835,1 WALL STREET COURT,101,00028,07501,40.70522,-74.00854,MANHATTAN
1000859,10 HANOVER SQUARE,101,00031,00001,40.70457,-74.00886,Manhattan
1000863,77 WATER STREET,101,00033,00001,40.70423,-74.0082,MANHATTAN
1000868,111 WALL STREET,101,00035,00010,40.70427,-74.007,MANHATTAN
1000871,120 WALL STREET,101,00037,00001,40.70476,-74.00596,MANHATTAN
1000875,100 WALL STREET,101,00038,00001,40.70524,-74.00675,Manhattan
1000876,88 PINE STREET,101,00038,00017,40.70566,-74.00616,MANHATTAN
1000880,80 PINE STREET,101,00039,07502,40.70615,-74.00681,Manhattan
1001004,60 WALL STREET,101,00040,00003,40.70624,-74.00851,MANHATTAN
1001006,52 WILLIAM STREET,101,00040,00016,40.70671,-74.00892,MANHATTAN
1001007,70 PINE STREET,101,00041,07504,40.70646,-74.00771,MANHATTAN
1001017,44 WALL STREET,101,00043,00001,40.70678,-74.00938,Manhattan
1001023,2 WALL STREET,101,00046,00001,40.70773,-74.01133,Manhattan
1001024,100 BROADWAY,101,00046,00003,40.70797,-74.01112,MANHATTAN
1001025,14 WALL STREET,101,00046,00009,40.70763,-74.01077,MANHATTAN
1001026,120 BROADWAY,101,00047,07501,40.70822,-74.01052,MANHATTAN
1001029,111 BROADWAY,101,00049,00002,40.70871,-74.01164,MANHATTAN
1001031,101 GREENWICH STREET,101,00051,00001,40.70809,-74.01317,Manhattan
1001064,90 WEST STREET,101,00056,00004,40.70999,-74.01426,Manhattan
1001068,1 LIBERTY PLAZA,101,00062,07501,40.70922,-74.01125,MANHATTAN
1001069,22 CORTLANDT STREET,101,00063,00003,40.71046,-74.0105,Manhattan
1001086,67 LIBERTY STREET,101,00064,07501,40.70906,-74.00982,MANHATTAN
1001094,63 NASSAU STREET,101,00065,00002,40.70938,-74.00876,Manhattan
1001109,33 MAIDEN LANE,101,00067,00023,40.70912,-74.00848,MANHATTAN
1001115,80 JOHN STREET,101,00068,07501,40.70814,-74.00686,Manhattan
1001116,100 WILLIAM STREET,101,00068,00036,40.70835,-74.0072,Manhattan
1001127,90 JOHN STREET,101,00069,07502,40.70791,-74.0065,Manhattan
1001162,199 WATER STREET,101,00074,07501,40.70686,-74.00437,MANHATTAN
1001176,64 FULTON STREET,101,00076,00001,40.70873,-74.00536,Manhattan
1001186,110 WILLIAM STREET,101,00077,00008,40.70877,-74.00674,Manhattan
1001215,71 NASSAU STREET,101,00079,07503,40.70975,-74.00851,MANHATTAN
1001216,17 JOHN STREET,101,00079,00010,40.71002,-74.00867,Manhattan
1001227,195 BROADWAY,101,00080,00001,40.71085,-74.00977,MANHATTAN
1001234,18 VESEY STREET,101,00088,00004,40.71199,-74.00938,Manhattan
1001245,212 BROADWAY,101,00089,00012,40.71087,-74.00839,MANHATTAN
1001271,55 ANN STREET,101,00092,00013,40.71033,-74.00656,Manhattan
1001357,1 PACE PLAZA,101,00102,00001,40.71117,-74.00479,MANHATTAN
1001394,1 CENTRE STREET,101,00121,00001,40.71297,-74.00368,MANHATTAN
1001416,97 BARCLAY STREET,101,00128,00002,40.71451,-74.01224,MANHATTAN
1001528,172 DUANE STREET,101,00141,00028,40.7169,-74.00974,MANHATTAN
1001626,83 CHAMBERS STREET,101,00149,00005,40.71478,-74.00687,MANHATTAN
1001627,85 CHAMBERS STREET,101,00149,00006,40.71481,-74.00694,MANHATTAN
1001649,291 BROADWAY,101,00150,00038,40.71495,-74.00609,Manhattan
1001840,59 FRANKLIN STREET,101,00171,00005,40.71704,-74.00319,Manhattan
1001877,66 LEONARD STREET,101,00173,07501,40.71735,-74.00565,MANHATTAN
1001971,101 FRANKLIN STREET,101,00177,00002,40.71807,-74.0058,Manhattan
1002035,13 HARRISON STREET,101,00180,07506,40.71851,-74.00974,MANHATTAN
1002117,56 NORTH MOORE STREET,101,00187,00021,40.71981,-74.00932,Manhattan
1002124,62 BEACH STREET,101,00188,07502,40.72042,-74.00977,Manhattan
1002160,25 NORTH MOORE STREET,101,00190,07505,40.72,-74.00713,MANHATTAN
1002294,34 WALKER STREET,101,00194,00015,40.71951,-74.00405,Manhattan
1002621,41 ELIZABETH STREET,102,00204,00024,40.71702,-73.99697,Manhattan
1002662,219 CANAL STREET,102,00206,00034,40.71767,-73.99911,MANHATTAN
1002934,75 VARICK STREET,102,00226,00001,40.72344,-74.00682,Manhattan
1003012,423 BROADWAY,102,00231,00001,40.71975,-74.00193,Manhattan
1003141,605 WATER STREET,103,00244,00019,40.711,-73.98428,MANHATTAN
1003327,53 CATHERINE STREET,103,00276,00059,40.71158,-73.99653,Manhattan
1003331,83 MADISON STREET,103,00277,00005,40.71238,-73.99609,Manhattan
1003732,235 E BROADWAY,103,00286,00033,40.71414,-73.98643,MANHATTAN
1003777,10 ELDRIDGE ST,103,00293,00002,40.71464,-73.99355,MANHATTAN
1003818,11 ESSEX STREET,103,00297,00024,40.71508,-73.99031,Manhattan
1004070,111 COLUMBIA STREET,103,00335,00001,40.71941,-73.97958,Manhattan
1004257,154 STANTON STREET,103,00350,00037,40.7206,-73.98513,Manhattan
1004496,703 EAST    6 STREET,103,00376,00062,40.7235,-73.97873,MANHATTAN
1004592,236 EAST    3 STREET,103,00385,00023,40.72194,-73.98183,MANHATTAN
1004615,256 EAST    4 STREET,103,00386,00014,40.72282,-73.982,MANHATTAN
1004627,600 EAST    6 STREET,103,00387,00001,40.72369,-73.98162,MANHATTAN
1004658,73 AVENUE C,103,00387,00141,40.72317,-73.97987,Manhattan
1004759,303 EAST    8 STREET,103,00391,00057,40.7256,-73.98003,Manhattan
1005592,133 ELDRIDGE STREET,103,00419,00068,40.71901,-73.99181,MANHATTAN
1005641,327 BROOME STREET,103,00423,00017,40.71902,-73.9938,Manhattan
1005750,11 AVENUE A,103,00429,00039,40.72271,-73.9863,MANHATTAN
1006081,32 2ND AVE,103,00443,00008,40.72466,-73.99014,MANHATTAN
1006472,180 SECOND AVENUE,103,00453,00004,40.73054,-73.98586,MANHATTAN
1006980,385 BROOME STREET,102,00471,00036,40.72025,-73.9968,Manhattan
1007032,52 GREENE STREET,102,00474,00006,40.72211,-74.00153,MANHATTAN
1007076,40 WOOSTER STREET,102,00475,00034,40.72221,-74.00247,MANHATTAN
1007098,100 6 AVENUE,102,00476,00007,40.7233,-74.00439,MANHATTAN
1007174,178 MOTT STREET,102,00479,00040,40.72035,-73.99578,MANHATTAN
1007207,43 CROSBY STREET,102,00482,00002,40.72168,-73.9985,MANHATTAN
1007228,494 BROADWAY,102,00483,00003,40.7219,-73.99938,Manhattan
1007308,375 WEST BROADWAY,102,00487,00008,40.72343,-74.00229,Manhattan
1007333,392 WEST BROADWAY,102,00488,00025,40.72421,-74.00254,MANHATTAN
1007357,188 SPRING STREET,102,00489,00022,40.72482,-74.0031,MANHATTAN
1007583,529 BROADWAY,102,00498,00023,40.72333,-73.99907,Manhattan
1007824,233 SPRING STREET,102,00505,00036,40.7259,-74.00458,MANHATTAN
1007832,2 CHARLTON STREET,102,00506,00027,40.72667,-74.0039,Manhattan
1007921,51 EAST HOUSTON STREET,102,00509,00023,40.72454,-73.99464,MANHATTAN
1007942,568 BROADWAY,102,00511,00001,40.72424,-73.9972,Manhattan
1008114,39 CHARLTON STREET,102,00519,00064,40.72731,-74.00479,MANHATTAN
1008117,180 VARICK STREET,102,00519,00070,40.72748,-74.00513,MANHATTAN
1008121,201 WEST HOUSTON STREET,102,00520,00025,40.7283,-74.00404,Manhattan
1008124,195 WEST HOUSTON STREET,102,00520,00028,40.72823,-74.00382,Manhattan
1008127,17 KING STREET,102,00520,00040,40.72788,-74.0034,Manhattan
1008436,51 BOND STREET,102,00529,00034,40.72577,-73.99283,MANHATTAN
1008451,43 BLEECKER STREET,102,00529,00062,40.72596,-73.99418,MANHATTAN
1008529,14 EAST    4 STREET,102,00531,07501,40.728,-73.99377,MANHATTAN
1008629,250 MERCER STREET,102,00535,07501,40.72831,-73.99493,MANHATTAN
1008684,163 BLEECKER STREET,102,00539,00039,40.72881,-73.99994,Manhattan
1008740,136 WEST    3 STREET,102,00543,00010,40.73075,-74.00111,Manhattan
1008817,713 BROADWAY,102,00546,00033,40.72901,-73.99413,MANHATTAN
1008939,44 WEST    8 STREET,102,00553,00019,40.73295,-73.99864,MANHATTAN
1009072,110 EAST   14 STREET,103,00559,00012,40.73369,-73.98925,MANHATTAN
1009223,20 EAST    9 STREET,102,00566,00018,40.73208,-73.995,Manhattan
1009239,23 EAST    9 STREET,102,00567,00023,40.73247,-73.99447,Manhattan
1009251,39 5 AVENUE,102,00568,00004,40.73362,-73.99489,MANHATTAN
1009271,3 EAST   10 STREET,102,00568,00034,40.73337,-73.99477,Manhattan
1009285,84 UNIVERSITY PLACE,102,00569,00026,40.73363,-73.99341,Manhattan
1009289,27 EAST   11 STREET,102,00569,00030,40.73372,-73.9937,MANHATTAN
1009373,55 FIFTH AVENUE,102,00570,07501,40.73473,-73.99406,Manhattan
1009429,20 5 AVENUE,102,00572,00038,40.73283,-73.99639,Manhattan
1009468,36 WEST 10 STREET,102,00573,00024,40.73396,-73.99728,MANHATTAN
1009526,36 WEST   11 STREET,102,00574,00026,40.73446,-73.99661,MANHATTAN
1009539,40 FIFTH AVENUE,102,00574,00039,40.734,-73.99554,MANHATTAN
1009548,25 WEST   10 STREET,102,00574,00057,40.73419,-73.99671,Manhattan
1009615,40 WEST   13 STREET,102,00576,07504,40.73592,-73.99619,MANHATTAN
1009616,8 WEST   13 STREET,102,00576,07503,40.73549,-73.99509,Manhattan
1009716,5 WEST   13 STREET,102,00577,00034,40.73594,-73.99467,Manhattan
1009845,59 MORTON STREET,102,00584,00049,40.7311,-74.00597,Manhattan
1009854,4 GROVE STREET,102,00585,00015,40.73225,-74.00604,MANHATTAN
1009860,16 GROVE STREET,102,00585,00022,40.73226,-74.00555,MANHATTAN
1009962,51 BARROW STREET,102,00587,00049,40.73195,-74.00438,MANHATTAN
1009966,43 BARROW STREET,102,00587,00053,40.73204,-74.0041,MANHATTAN
1010190,87 SEVENTH AVENUE SOUTH,102,00591,00034,40.73262,-74.00311,MANHATTAN
1010310,289 HUDSON ST,102,00594,00079,40.72571,-74.00782,MANHATTAN
1010312,285 HUDSON STREET,102,00594,00082,40.72554,-74.00793,MANHATTAN
1010356,550 WASHINGTON STREET,102,00596,00002,40.72818,-74.01004,MANHATTAN
1010378,345 HUDSON STREET,102,00598,00058,40.72775,-74.00786,Manhattan
1010379,375 HUDSON STREET,102,00599,00064,40.72848,-74.00792,MANHATTAN
1010396,39 CLARKSON ST,102,00601,00072,40.72979,-74.00773,MANHATTAN
1010530,156 WEST   11 STREET,102,00606,00033,40.73619,-74.0005,MANHATTAN
1010613,118 WEST   13 STREET,102,00608,07506,40.73688,-73.99844,Manhattan
1010632,175 WEST   13 STREET,102,00609,00001,40.73791,-73.99974,MANHATTAN
1010639,120 WEST   14 STREET,102,00609,00023,40.73753,-73.99831,MANHATTAN
1010666,161 WEST   13 STREET,102,00609,00076,40.73785,-73.99954,Manhattan
1010672,176 WAVERLY PLACE,102,00610,00025,40.73418,-74.00154,Manhattan
1010692,1 CHRISTOPHER STREET,102,00610,00060,40.7342,-74.00002,MANHATTAN
1010866,36 PERRY STREET,102,00612,00013,40.73546,-74.00249,MANHATTAN
1010907,252 WEST   11 STREET,102,00613,00009,40.73606,-74.0034,Manhattan
1010911,244 WEST   11 STREET,102,00613,00013,40.73606,-74.00312,Manhattan
1010952,36 BANK STREET,102,00614,00014,40.73677,-74.00291,MANHATTAN
1010954,32 BANK STREET,102,00614,00016,40.73678,-74.00275,Manhattan
1010963,244 WAVERLY PLACE,102,00614,00025,40.73672,-74.00223,Manhattan
1011000,315 WEST    4 STREET,102,00615,00008,40.73735,-74.00362,Manhattan
1011012,248 WEST   12 STREET,102,00615,00023,40.73744,-74.00258,Manhattan
1011088,104 GREENWICH AVENUE,102,00617,00033,40.7382,-74.00183,Manhattan
1011169,79 CHRISTOPHER STREET,102,00619,00077,40.73371,-74.00349,Manhattan
1011192,233 WEST   10 STREET,102,00620,00033,40.73422,-74.0054,Manhattan
1011195,215 WEST   10 STREET,102,00620,00041,40.73421,-74.00445,MANHATTAN
1011204,90 CHARLES STREET,102,00620,00052,40.73454,-74.00424,MANHATTAN
1011268,61 CHARLES STREET,102,00621,00066,40.73502,-74.00368,MANHATTAN
1011278,81 CHARLES STREET,102,00621,00076,40.73491,-74.00439,MANHATTAN
1011320,73 PERRY STREET,102,00622,00063,40.73561,-74.00424,MANHATTAN
1011413,803 GREENWICH STREET,102,00625,00003,40.73793,-74.00625,Manhattan
1011435,46 JANE STREET,102,00625,00031,40.73797,-74.00488,MANHATTAN
1011641,64 HORATIO STREET,102,00626,00007,40.73862,-74.00631,Manhattan
1011645,61 JANE STREET,102,00626,00012,40.73844,-74.00588,MANHATTAN
1011670,829 GREENWICH STREET,102,00627,00001,40.739,-74.00626,Manhattan
1011855,332 WEST   11 STREET,102,00633,00010,40.73539,-74.00768,Manhattan
1011862,738 GREENWICH STREET,102,00633,00024,40.73516,-74.00726,MANHATTAN
1011916,96 BANK STREET,102,00634,00057,40.73632,-74.00645,Manhattan
1012048,400 WEST   12 STREET,102,00640,07501,40.73721,-74.00925,Manhattan
1012054,767 WASHINGTON STREET,102,00640,00040,40.73745,-74.00797,Manhattan
1012096,775 WASHINGTON STREET,102,00641,00075,40.73775,-74.00787,MANHATTAN
1012147,75 JANE STREET,102,00642,00065,40.73832,-74.00712,MANHATTAN
1012154,95 HORATIO STREET,102,00643,00001,40.73906,-74.00883,Manhattan
1012281,512 WEST   19 STREET,104,00690,00040,40.74538,-74.00689,Manhattan
1012499,550 WEST   37 STREET,104,00708,00062,40.75725,-74.00014,Manhattan
1012507,523 WEST   37 STREET,104,00709,00023,40.75718,-73.9988,Manhattan
1012515,522 WEST   38 STREET,104,00709,00052,40.75742,-73.99863,MANHATTAN
1012544,458 WEST 17TH STREET,104,00714,00063,40.74384,-74.00657,MANHATTAN
1012648,428 WEST   22 STREET,104,00719,00059,40.74604,-74.00289,MANHATTAN
1012649,430 WEST   22 STREET,104,00719,00060,40.74607,-74.00295,MANHATTAN
1012694,415 WEST   22 STREET,104,00720,00040,40.74624,-74.00219,Manhattan
1012836,450 WEST   31 STREET,104,00728,00060,40.75214,-73.99986,MANHATTAN
1012841,424 WEST   33 STREET,104,00729,00163,40.75304,-73.99814,Manhattan
1012892,430 WEST 37 STREET,104,00734,00052,40.75565,-73.99672,Manhattan
1013043,111 8 AVENUE,104,00739,00001,40.74136,-74.0032,MANHATTAN
1013228,324 WEST   20 STREET,104,00743,00059,40.74374,-74.00117,Manhattan
1013248,353 WEST   20 STREET,104,00744,00010,40.7445,-74.0019,MANHATTAN
1013261,313 WEST   20 STREET,104,00744,00030,40.74395,-74.00056,MANHATTAN
1013319,324 WEST   22 STREET,104,00745,00051,40.74492,-74.00025,Manhattan
1013332,360 WEST   22 STREET,104,00745,07502,40.74544,-74.00148,MANHATTAN
1013459,341 WEST 25 STREET,104,00749,00017,40.74738,-73.99889,Manhattan
1013460,329 WEST   25 STREET,104,00749,00023,40.74728,-73.99865,Manhattan
1013561,481 8 AVENUE,104,00758,00037,40.75272,-73.99364,MANHATTAN
1013623,555 8 AVENUE,104,00761,00037,40.75468,-73.99214,MANHATTAN
1013629,350 WEST   38 STREET,104,00761,00062,40.75549,-73.99406,Manhattan
1013711,80 EIGHTH AVENUE,104,00764,00001,40.73986,-74.00205,Manhattan
1013737,208 WEST   15 STREET,104,00764,00044,40.73932,-73.9999,MANHATTAN
1013857,246 WEST   18 STREET,104,00767,00067,40.74174,-74.00004,Manhattan
1014126,210 7 AVENUE,104,00772,00044,40.74364,-73.99622,Manhattan
1014169,253 WEST   24 STREET,104,00774,00008,40.74585,-73.99718,MANHATTAN
1014170,247 WEST   24 STREET,104,00774,00012,40.74577,-73.99699,Manhattan
1014302,236 WEST   30 STREET,105,00779,00063,40.74899,-73.99426,Manhattan
1014307,252 WEST   30 STREET,105,00779,07501,40.74925,-73.99489,MANHATTAN
1014402,225 WEST   34 STREET,105,00784,00019,40.75187,-73.99171,Manhattan
1014412,212 WEST   35 STREET,105,00784,00051,40.75171,-73.99082,MANHATTAN
1014414,224 WEST   35 STREET,105,00784,00060,40.7519,-73.99129,MANHATTAN
1014417,254 WEST   35 STREET,105,00784,00071,40.75235,-73.99236,Manhattan
1014425,237 WEST   35 STREET,105,00785,00018,40.75246,-73.99146,Manhattan
1014468,262 WEST   38 STREET,105,00787,00076,40.75423,-73.99107,Manhattan
1014474,263 WEST   38 STREET,105,00788,00011,40.75463,-73.99086,Manhattan
1014476,247 WEST   38 STREET,105,00788,00019,40.75444,-73.99039,MANHATTAN
1014572,101 7 AVENUE,104,00792,07504,40.73998,-73.99824,Manhattan
1014667,134 WEST   18 STREET,104,00793,00058,40.74028,-73.99657,Manhattan
1014759,142 WEST   21 STREET,104,00796,00063,40.74223,-73.99576,Manhattan
1014950,131 WEST   23 STREET,104,00799,00024,40.74368,-73.99358,Manhattan
1015000,275 SEVENTH AVENUE,104,00801,00001,40.74554,-73.99416,MANHATTAN
1015060,305 7 AVENUE,105,00803,07502,40.74664,-73.99338,MANHATTAN
1015150,130 WEST   30 STREET,105,00805,07501,40.74768,-73.99117,Manhattan
1015154,363 7 AVENUE,105,00806,00001,40.74848,-73.9921,MANHATTAN
1015181,116 WEST   32 STREET,105,00807,00028,40.74859,-73.98985,MANHATTAN
1015199,1293 BROADWAY,105,00809,07502,40.74957,-73.98842,Manhattan
1015226,1333 BROADWAY,105,00811,07502,40.75117,-73.98814,MANHATTAN
1015233,152 WEST   36 STREET,105,00811,00062,40.7518,-73.98913,Manhattan
1015253,501 7 AVENUE,105,00813,00001,40.75285,-73.98856,Manhattan
1015261,1384 BROADWAY,105,00813,00050,40.75257,-73.98703,MANHATTAN
1015275,1411 BROADWAY,105,00815,00001,40.75419,-73.98756,Manhattan
1015281,1430 BROADWAY,105,00815,00046,40.75391,-73.98643,Manhattan
1015289,31 WEST   14 STREET,105,00816,00020,40.73695,-73.99515,Manhattan
1015293,20 WEST 15 STREET,105,00816,00054,40.73701,-73.99438,MANHATTAN
1015398,20 WEST   17 STREET,105,00818,00063,40.73826,-73.99359,Manhattan
1015479,6 WEST   20 STREET,105,00821,00049,40.73986,-73.99193,Manhattan
1015551,54 WEST   22 STREET,105,00823,00072,40.74178,-73.99279,MANHATTAN
1015580,27 WEST   23 STREET,105,00825,00024,40.7424,-73.99058,Manhattan
1015649,1140 BROADWAY,105,00828,00033,40.74393,-73.9887,MANHATTAN
1015781,11 WEST   30 STREET,105,00832,00032,40.74651,-73.98721,MANHATTAN
1015859,50 WEST   34 STREET,105,00835,07501,40.74924,-73.98754,MANHATTAN
1015862,350 FIFTH AVENUE,105,00835,00041,40.74845,-73.98571,MANHATTAN
1015891,29 WEST   35 STREET,105,00837,00023,40.74994,-73.98548,MANHATTAN
1015894,23 WEST   35 STREET,105,00837,00028,40.74983,-73.98521,MANHATTAN
1015912,50 WEST   36 STREET,105,00837,00072,40.75034,-73.98567,Manhattan
1015915,60 WEST   36 STREET,105,00837,00078,40.7505,-73.98605,MANHATTAN
1015938,404 5 AVENUE,105,00838,00048,40.75035,-73.98369,MANHATTAN
1015958,49 WEST   37 STREET,105,00839,00009,40.75159,-73.98557,MANHATTAN
1016047,452 FIFTH AVENUE,105,00841,00049,40.75205,-73.98248,Manhattan
1016058,58 WEST   40 STREET,105,00841,00081,40.75304,-73.98443,MANHATTAN
1016065,15 UNION SQUARE WEST,105,00842,07502,40.73589,-73.9917,Manhattan
1016070,77 FIFTH AVENUE,105,00843,00003,40.7368,-73.99265,Manhattan
1016079,79 5 AVENUE,105,00843,00045,40.73697,-73.99239,MANHATTAN
1016089,41 UNION SQUARE WEST,105,00844,00026,40.73718,-73.99091,MANHATTAN
1016212,254 PARK AVENUE SOUTH,105,00849,07508,40.73864,-73.98795,MANHATTAN
1016226,915 BROADWAY,105,00849,00070,40.73982,-73.98999,MANHATTAN
1016239,149 5 AVENUE,105,00850,00001,40.74021,-73.98999,MANHATTAN
1016278,171 5 AVENUE,105,00851,00001,40.74099,-73.98965,Manhattan
1016304,5 EAST   22 STREET,105,00851,07501,40.7408,-73.98889,MANHATTAN
1016876,11 EAST   26 STREET,105,00856,00009,40.74344,-73.98723,MANHATTAN
1016896,245 5 AVENUE,105,00857,00076,40.74437,-73.98708,Manhattan
1016920,95 MADISON AVENUE,105,00858,00058,40.74433,-73.98512,Manhattan
1016939,105 MADISON AVENUE,105,00859,00064,40.74492,-73.98469,MANHATTAN
1016941,112 MADISON AVENUE,105,00859,00072,40.7452,-73.98517,Manhattan
1016951,295 5 AVENUE,105,00860,00001,40.74605,-73.98573,MANHATTAN
1016981,303 FIFTH AVENUE,105,00861,00001,40.7465,-73.98548,MANHATTAN
1017012,152 MADISON AVENUE,105,00862,00016,40.74672,-73.98408,Manhattan
1017082,171 MADISON AVENUE,105,00863,00027,40.74714,-73.98306,Manhattan
1017089,183 MADISON AVENUE,105,00863,00060,40.7475,-73.9828,MANHATTAN
1017097,365 5 AVENUE,105,00864,07502,40.74845,-73.98349,MANHATTAN
1017098,185 MADISON AVENUE,106,00864,00025,40.74783,-73.98257,Manhattan
1017105,10 PARK AVENUE,106,00864,00035,40.74749,-73.9815,MANHATTAN
1017107,38 EAST 35 STREET,106,00864,00047,40.74787,-73.9817,Manhattan
1017135,211 MADISON AVENUE,106,00865,07501,40.74867,-73.98196,Manhattan
1017220,22 EAST   38 STREET,106,00867,00055,40.74997,-73.98095,Manhattan
1017221,244 MADISON AVENUE,105,00867,00057,40.75021,-73.98152,MANHATTAN
1017230,260 MADISON AVENUE,105,00868,00016,40.75074,-73.98125,Manhattan
1017589,271 MADISON AVENUE,106,00869,00020,40.75108,-73.98019,Manhattan
1017601,10 EAST   40 STREET,105,00869,00066,40.75154,-73.98122,Manhattan
1017808,136 EAST   16 STREET,106,00871,00052,40.73477,-73.98716,Manhattan
1017822,145 EAST   16 STREET,106,00872,00035,40.73503,-73.98633,MANHATTAN
1017843,130 EAST   18 STREET,106,00873,00019,40.73608,-73.98667,MANHATTAN
1017869,67 IRVING PLACE,105,00874,00017,40.73675,-73.98708,MANHATTAN
1017916,80 IRVING PLACE,106,00875,00026,40.73705,-73.98623,MANHATTAN
1017946,251 PARK AVENUE SOUTH,105,00876,00001,40.73835,-73.98733,MANHATTAN
1017956,38 GRAMERCY PARK EAST,106,00876,00026,40.73756,-73.98461,Manhattan
1017990,2 LEXINGTON AVENUE,106,00877,00018,40.73855,-73.98576,Manhattan
1017993,45 GRAMERCY PARK NORTH,106,00877,00026,40.7382,-73.98504,Manhattan
1017995,40 GRAMERCY PARK NORTH,106,00877,00034,40.73801,-73.98461,MANHATTAN
1018004,150 EAST 22ND STREET,106,00877,00056,40.73825,-73.98444,MANHATTAN
1018087,114 EAST   25 STREET,105,00880,00082,40.74092,-73.98471,Manhattan
1018159,381 PARK AVENUE SOUTH,105,00882,00085,40.74236,-73.98421,Manhattan
1018189,140 EAST   28 STREET,106,00883,00058,40.74217,-73.98191,MANHATTAN
1018215,137 EAST   28 STREET,106,00884,00027,40.74264,-73.98188,Manhattan
1018236,415 PARK AVENUE SOUTH,105,00884,00084,40.74362,-73.98335,Manhattan
1018240,103 EAST 29 STREET,105,00885,00006,40.74391,-73.98302,MANHATTAN
1018549,155 EAST   34 STREET,106,00890,07501,40.7462,-73.97853,MANHATTAN
1018885,35 PARK AVENUE,106,00891,00003,40.74796,-73.98022,MANHATTAN
1018967,554 3 AVENUE,106,00892,07502,40.74756,-73.97714,MANHATTAN
1019460,99 PARK AVENUE,106,00895,00001,40.75033,-73.97842,MANHATTAN
1019522,200 EAST   15 STREET,106,00896,00048,40.73363,-73.98648,Manhattan
1019580,205 3 AVENUE,106,00899,00001,40.73592,-73.98478,Manhattan
1019620,359 2 AVENUE,106,00901,07502,40.73648,-73.98227,Manhattan
1019771,215 EAST   23 STREET,106,00904,00010,40.73867,-73.98205,Manhattan
1019791,245 EAST   24 STREET,106,00905,00026,40.73887,-73.98059,MANHATTAN
1019864,200 EAST   27 STREET,106,00907,00056,40.7409,-73.98094,MANHATTAN
1019898,247 EAST   28 STREET,106,00909,00028,40.74138,-73.97883,Manhattan
1019971,443 THIRD AVENUE,106,00911,00064,40.74348,-73.97929,MANHATTAN
1020063,232 EAST   32 STREET,106,00912,00048,40.74372,-73.97793,MANHATTAN
1020072,212 EAST   32 STREET,106,00912,00058,40.74395,-73.97848,Manhattan
1020145,211 EAST 34 STREET,106,00915,00002,40.74577,-73.97756,MANHATTAN
1020204,225 EAST   36 STREET,106,00917,00017,40.74665,-73.97578,MANHATTAN
1020338,240 EAST   38 STREET,106,00918,07501,40.74729,-73.97495,MANHATTAN
1020352,205 EAST   38 STREET,106,00919,00006,40.74821,-73.97567,Manhattan
1020430,313 EAST   17 STREET,106,00923,00011,40.73414,-73.98266,Manhattan
1020513,320 EAST   20 STREET,106,00925,00012,40.73532,-73.98154,MANHATTAN
1020543,301 EAST   21 STREET,106,00927,00001,40.73666,-73.98135,MANHATTAN
1020569,301 EAST   22 STREET,106,00928,00001,40.73721,-73.98078,Manhattan
1020607,334 EAST   26 STREET,106,00931,00021,40.73878,-73.97809,MANHATTAN
1020612,332 EAST   29 STREET,106,00934,00015,40.74079,-73.977,MANHATTAN
1021925,333 EAST   38 STREET,106,00944,07502,40.74677,-73.97193,Manhattan
1022051,300 EAST   40 STREET,106,00945,07501,40.748,-73.97284,MANHATTAN
1022057,401 EAST   34 STREET,106,00966,00001,40.74384,-73.97253,MANHATTAN
1022553,801 EAST   14 STREET,106,00988,00001,40.72806,-73.97366,MANHATTAN
1022554,292 AVENUE C,106,00990,00070,40.73033,-73.97355,MANHATTAN
1022563,1440 BROADWAY,105,00993,00011,40.75438,-73.98623,MANHATTAN
1022573,1460 BROADWAY,105,00994,07504,40.7551,-73.98623,Manhattan
1022579,1466 BROADWAY,105,00994,07502,40.75531,-73.98604,MANHATTAN
1022610,1500 BROADWAY,105,00996,00001,40.75677,-73.98564,Manhattan
1022637,125 WEST   45 STREET,105,00998,00018,40.75745,-73.98382,Manhattan
1022661,1560 BROADWAY,105,00999,00003,40.75858,-73.98443,Manhattan
1022678,1211 AVENUE OF THE AMERICAS,105,01000,00029,40.75866,-73.9824,MANHATTAN
1022687,170 WEST 48 STREET,105,01000,00064,40.75946,-73.98396,Manhattan
1022693,1221 AVENUE OF THE AMERICAS,105,01001,00029,40.75938,-73.98206,MANHATTAN
1022706,1251 6 AVENUE,105,01002,07501,40.75997,-73.98161,Manhattan
1022708,135 WEST   50 STREET,105,01003,00005,40.76095,-73.98206,Manhattan
1023158,1285 AVENUE OF AMERICAS,105,01004,00029,40.76117,-73.98053,MANHATTAN
1023389,145 WEST   55 STREET,105,01008,00008,40.76405,-73.97997,MANHATTAN
1023449,881 SEVENTH AVENUE,105,01009,00001,40.76501,-73.97992,Manhattan
1023462,140 WEST   57 STREET,105,01009,00050,40.76475,-73.97894,MANHATTAN
1023750,180 CENTRAL PARK SOUTH,105,01011,00001,40.76638,-73.979,MANHATTAN
1023757,120 CENTRAL PARK SOUTH,105,01011,00042,40.76583,-73.97738,MANHATTAN
1023759,150 CENTRAL PARK SOUTH,105,01011,00052,40.76606,-73.97794,Manhattan
1024656,592 7 AVENUE,105,01013,00029,40.75586,-73.98757,Manhattan
1024663,220 WEST   42 STREET,105,01013,00042,40.75617,-73.98816,MANHATTAN
1024684,215 W 42 STREET,105,01014,00020,40.75669,-73.9878,MANHATTAN
1024737,235 WEST   46 STREET,105,01018,00006,40.75964,-73.98701,MANHATTAN
1024742,1567 BROADWAY,105,01018,07501,40.75939,-73.98559,MANHATTAN
1024748,268 WEST   47 STREET,105,01018,00061,40.76011,-73.98728,Manhattan
1024784,242 WEST   49 STREET,105,01020,00057,40.76117,-73.98598,Manhattan
1024805,218 WEST   50 STREET,105,01021,00050,40.76156,-73.98496,MANHATTAN
1024812,1633 BROADWAY,105,01022,00043,40.76211,-73.9847,MANHATTAN
1024817,226 WEST   52 STREET,105,01023,00018,40.76252,-73.98375,MANHATTAN
1024818,790 7 AVENUE,105,01023,00029,40.76221,-73.98301,MANHATTAN
1024832,260 WEST   54 STREET,105,01025,07502,40.76433,-73.98417,MANHATTAN
1024836,1700 BROADWAY,105,01025,00025,40.76351,-73.98227,MANHATTAN
1024839,230 WEST   54 STREET,105,01025,00044,40.76399,-73.98291,Manhattan
1024857,204 WEST   55 STREET,105,01026,00037,40.76428,-73.98172,MANHATTAN
1024873,245 WEST   55 STREET,105,01027,00007,40.76532,-73.98299,Manhattan
1024877,1730 BROADWAY,105,01027,00020,40.76495,-73.98169,Manhattan
1024894,211 WEST   56 STREET,105,01028,00017,40.76547,-73.98147,Manhattan
1024895,888 SEVENTH AVENUE,105,01028,00029,40.76536,-73.98088,Manhattan
1024899,250 WEST   57 STREET,105,01028,00056,40.76628,-73.98253,MANHATTAN
1024909,1790 BROADWAY,105,01029,00053,40.76674,-73.98142,MANHATTAN
1024918,200 CENTRAL PARK SOUTH,105,01030,00029,40.76668,-73.97974,MANHATTAN
1024920,222 CENTRAL PARK SOUTH,105,01030,00046,40.76716,-73.98048,MANHATTAN
1025089,343 WEST   47 STREET,104,01038,00011,40.76138,-73.9892,MANHATTAN
1025240,333 WEST   52 STREET,104,01043,00013,40.7644,-73.98664,MANHATTAN
1025246,342 WEST   53 STREET,104,01043,00051,40.76468,-73.98654,Manhattan
1025398,315 WEST   53 STREET,104,01044,00024,40.76463,-73.98549,Manhattan
1025399,313 WEST   53 STREET,104,01044,00025,40.76459,-73.98541,Manhattan
1025400,301 WEST   53 STREET,104,01044,07501,40.76463,-73.98489,Manhattan
1025416,300 WEST   55 STREET,104,01045,00029,40.76523,-73.9844,MANHATTAN
1025426,337 WEST 55 STREET,104,01046,00017,40.7662,-73.9851,MANHATTAN
1025442,330 WEST   56 STREET,104,01046,00047,40.76651,-73.98505,Manhattan
1025450,322 WEST   57 STREET,104,01047,07503,40.76683,-73.98424,MANHATTAN
1026051,309 WEST   57 STREET,104,01048,00026,40.7672,-73.98331,Manhattan
1026634,435 WEST 48TH STREET,104,01058,00113,40.76314,-73.99142,MANHATTAN
1026676,425 WEST   50 STREET,104,01060,07502,40.76437,-73.99014,MANHATTAN
1026863,440 WEST   57 STREET,104,01066,00012,40.76818,-73.98747,Manhattan
1026893,432 WEST 58TH STREET,104,01067,00044,40.7689,-73.98655,MANHATTAN
1027057,790 ELEVENTH AVENUE,104,01083,00001,40.76847,-73.99198,MANHATTAN
1027100,609 11 AVENUE,104,01093,00129,40.76302,-73.99713,MANHATTAN
1027101,613 11 AVENUE,104,01093,00031,40.76313,-73.99702,MANHATTAN
1027102,617 11 AVENUE,104,01093,00033,40.76328,-73.99693,MANHATTAN
1027103,623 11 AVENUE,104,01093,00036,40.7634,-73.99684,MANHATTAN
1027104,616 WEST   46 STREET,104,01093,00042,40.7636,-73.99758,Manhattan
1027122,653 11 AVENUE,104,01095,00035,40.76457,-73.99599,MANHATTAN
1027184,755 12 AVENUE,104,01109,00100,40.76924,-73.99618,Manhattan
1027366,43 WEST   61 STREET,107,01114,07501,40.7705,-73.98334,Manhattan
1027463,30 WEST   63 STREET,107,01115,07503,40.77077,-73.98158,MANHATTAN
1027467,15 WEST   63 STREET,107,01116,07502,40.77114,-73.98087,MANHATTAN
1028159,125 COLUMBUS AVENUE,107,01118,00001,40.77316,-73.98143,Manhattan
1028166,55 CENTRAL PARK WEST,107,01118,00036,40.77232,-73.97925,Manhattan
1028167,22 WEST   66 STREET,107,01118,07502,40.77264,-73.9799,Manhattan
1028172,56 WEST   66 STREET,107,01118,00052,40.77303,-73.9808,MANHATTAN
1028230,65 CENTRAL PARK WEST,107,01119,00029,40.77279,-73.97887,Manhattan
1028232,30 WEST   67 STREET,107,01119,00043,40.7733,-73.97952,MANHATTAN
1028242,1 WEST   67 STREET,107,01120,00023,40.77351,-73.97885,Manhattan
1028463,24 WEST   69 STREET,107,01121,00043,40.77452,-73.97852,Manhattan
1028519,42 WEST   70 STREET,107,01122,00052,40.77543,-73.97873,MANHATTAN
1028564,101 CENTRAL PARK WEST,107,01123,00029,40.77536,-73.97706,Manhattan
1028618,115 CENTRAL PARK WEST,107,01124,00027,40.77606,-73.97668,MANHATTAN
1028619,12 WEST   72 STREET,107,01124,00042,40.77641,-73.97715,MANHATTAN
1028630,40 WEST   72 STREET,107,01124,07501,40.77674,-73.97794,Manhattan
1028691,5 WEST   73 STREET,107,01126,00127,40.77733,-73.97588,MANHATTAN
1028692,301 COLUMBUS AVENUE,107,01127,00001,40.77873,-73.97742,MANHATTAN
1028700,43 WEST   74 STREET,107,01127,00011,40.7785,-73.97668,Manhattan
1028712,15 WEST   74 STREET,107,01127,00023,40.7781,-73.97574,Manhattan
1028714,146 CENTRAL PARK WEST,107,01127,00029,40.77801,-73.97519,Manhattan
1028816,170 CENTRAL PARK WEST,107,01129,00029,40.7793,-73.97439,Manhattan
1028817,6 WEST   77 STREET,107,01129,00039,40.77961,-73.97461,Manhattan
1028821,44 WEST   77 STREET,107,01129,00055,40.78011,-73.97579,MANHATTAN
1028857,1991 BROADWAY,107,01139,07501,40.77528,-73.98264,Manhattan
1028950,155 WEST   68 STREET,107,01140,07501,40.77613,-73.98277,Manhattan
1029778,160 WEST   71 STREET,107,01142,00064,40.77746,-73.98158,Manhattan
1029957,154 WEST   73 STREET,107,01144,00054,40.77869,-73.9803,MANHATTAN
1030274,111 WEST   78 STREET,107,01150,00125,40.78176,-73.97655,MANHATTAN
1030280,386 COLUMBUS AVENUE,107,01150,07502,40.78175,-73.97601,MANHATTAN
1030320,210 WEST   61 STREET,107,01152,00029,40.77159,-73.9875,MANHATTAN
1030391,232 WEST END AVENUE,107,01162,00064,40.77871,-73.98491,Manhattan
1030432,244 WEST   72 STREET,107,01163,00053,40.77916,-73.98367,MANHATTAN
1030435,260 WEST   72 STREET,107,01163,00058,40.77931,-73.98407,MANHATTAN
1030436,260 WEST END AVENUE,107,01163,00061,40.77946,-73.98433,Manhattan
1030439,229 WEST   71 STREET,107,01163,00119,40.77861,-73.98318,Manhattan
1030507,253 WEST   72 STREET,107,01164,00005,40.77977,-73.98363,Manhattan
1030727,2130 BROADWAY,107,01166,00035,40.78065,-73.981,Manhattan
1030730,232 WEST   75 STREET,107,01166,00052,40.78109,-73.98206,Manhattan
1030859,2169 BROADWAY,107,01168,00010,40.78215,-73.98144,Manhattan
1030916,222 WEST   79 STREET,107,01170,00043,40.78332,-73.97946,MANHATTAN
1030930,315 WEST   70 STREET,107,01182,00020,40.77901,-73.98605,MANHATTAN
1030965,243 WEST END AVENUE,107,01183,00029,40.77938,-73.98511,MANHATTAN
1030968,310 WEST   72 STREET,107,01183,00037,40.77982,-73.98525,Manhattan
1030971,340 WEST 72ND STREET,107,01183,00050,40.78022,-73.9862,MANHATTAN
1030981,3 RIVERSIDE DRIVE,107,01184,00001,40.78058,-73.98519,MANHATTAN
1030988,277 WEST END AVENUE,107,01184,00019,40.7804,-73.98443,MANHATTAN
1031018,33 RIVERSIDE DRIVE,107,01185,00001,40.78256,-73.98434,MANHATTAN
1031048,327 WEST   76 STREET,107,01185,00054,40.78308,-73.98363,MANHATTAN
1031078,320 WEST   77 STREET,107,01185,00085,40.78322,-73.98318,Manhattan
1031111,54 RIVERSIDE DRIVE,107,01186,00048,40.78402,-73.98301,Manhattan
1031122,381 WEST END AVENUE,107,01186,00074,40.78386,-73.98182,MANHATTAN
1031139,15 WEST   81 STREET,107,01195,00018,40.78287,-73.97258,Manhattan
1031141,7 WEST   81 STREET,107,01195,00029,40.78258,-73.97192,Manhattan
1031168,41 WEST   82 STREET,107,01196,00009,40.7837,-73.97298,MANHATTAN
1031330,58 WEST   85 STREET,107,01198,00055,40.78522,-73.97189,MANHATTAN
1031403,41 WEST   86 STREET,107,01200,00011,40.78629,-73.97097,MANHATTAN
1031408,262 CENTRAL PARK WEST,107,01200,00031,40.78579,-73.96938,MANHATTAN
1031513,279 CENTRAL PARK WEST,107,01202,07501,40.78688,-73.96857,MANHATTAN
1031514,285 CENTRAL PARK WEST,107,01202,00036,40.78718,-73.96847,MANHATTAN
1031607,300 CENTRAL PARK WEST,107,01204,00029,40.78836,-73.9677,Manhattan
1031630,67 WEST   92 STREET,107,01206,00008,40.79018,-73.96855,Manhattan
1031644,5 WEST   93 STREET,107,01207,00023,40.79026,-73.96678,Manhattan
1031655,42 WEST   94 STREET,107,01207,00048,40.79075,-73.96715,Manhattan
1032168,130 WEST   86 STREET,107,01216,00044,40.78673,-73.9735,MANHATTAN
1032170,140 WEST   86 STREET,107,01216,00048,40.78684,-73.97376,MANHATTAN
1032177,168 WEST   86 STREET,107,01216,00060,40.78727,-73.97478,MANHATTAN
1032199,107 WEST   86 STREET,107,01217,00029,40.7869,-73.97249,MANHATTAN
1032490,101 WEST   90 STREET,107,01221,00029,40.78946,-73.97048,Manhattan
1032491,165 WEST   91 STREET,107,01222,07501,40.79092,-73.97219,Manhattan
1032522,154 WEST   93 STREET,107,01223,00005,40.79136,-73.97098,Manhattan
1032587,175 WEST   95 STREET,107,01226,07502,40.79353,-73.97024,MANHATTAN
1032643,214 WEST   80 STREET,107,01227,00043,40.78407,-73.97899,Manhattan
1032677,440 WEST END AVENUE,107,01229,00001,40.7857,-73.97971,MANHATTAN
1032770,470 WEST END AVENUE,107,01230,00061,40.78658,-73.97903,MANHATTAN
1033139,201 WEST   85 STREET,107,01233,00029,40.7873,-73.97564,MANHATTAN
1033147,272 WEST   86 STREET,107,01233,07504,40.78838,-73.97739,Manhattan
1033222,258 WEST   88 STREET,107,01235,00057,40.78969,-73.97631,MANHATTAN
1033223,260 WEST   88 STREET,107,01235,00058,40.78971,-73.97637,Manhattan
1033226,262 WEST   88 STREET,107,01235,00158,40.78974,-73.97643,MANHATTAN
1033688,710 WEST END AVENUE,107,01242,00062,40.7942,-73.97357,MANHATTAN
1033803,473 WEST END AVENUE,107,01245,00025,40.7869,-73.97971,Manhattan
1033860,310 WEST   85 STREET,107,01246,00039,40.78826,-73.97908,MANHATTAN
1033867,340 WEST   85 STREET,107,01246,00049,40.78863,-73.97996,Manhattan
1033921,302 WEST   86 STREET,107,01247,00037,40.78889,-73.97862,MANHATTAN
1033938,315 WEST   86 STREET,107,01248,00022,40.7895,-73.97861,MANHATTAN
1033941,545 WEST END AVENUE,107,01248,00029,40.78927,-73.97797,Manhattan
1033945,320 WEST   87 STREET,107,01248,00041,40.78976,-73.97842,MANHATTAN
1034050,607 WEST END AVENUE,107,01250,00094,40.79125,-73.97651,MANHATTAN
1034101,639 WEST END AVENUE,107,01251,00054,40.79235,-73.97574,MANHATTAN
1034198,11 WEST   42 STREET,105,01258,00021,40.7543,-73.98179,MANHATTAN
1034199,500 5 AVENUE,105,01258,00034,40.75391,-73.98121,MANHATTAN
1034212,522 5 AVENUE,105,01259,07502,40.75481,-73.98062,Manhattan
1034232,16 WEST 45 STREET,105,01260,00045,40.75558,-73.98048,Manhattan
1034243,45 WEST   45 STREET,105,01261,00016,40.75635,-73.98113,Manhattan
1034313,1180 6 AVENUE,105,01262,07503,40.75737,-73.98162,Manhattan
1034326,21 WEST   46 STREET,105,01262,00024,40.75669,-73.98001,MANHATTAN
1034484,580 5 AVENUE,105,01263,00034,40.75708,-73.97898,Manhattan
1034503,73 WEST   47 STREET,105,01263,00104,40.75802,-73.9813,MANHATTAN
1034506,600 FIFTH AVENUE,105,01264,00030,40.75768,-73.97845,MANHATTAN
1034520,660 5 AVENUE,105,01268,07502,40.76037,-73.97671,Manhattan
1034786,65 WEST   54 STREET,105,01270,00001,40.76244,-73.97811,MANHATTAN
1035037,60 WEST   57 STREET,105,01272,00001,40.76384,-73.97713,MANHATTAN
1035051,720 5 AVENUE,105,01272,00034,40.7626,-73.97473,MANHATTAN
1035058,50 WEST   57 STREET,105,01272,00066,40.76376,-73.97659,Manhattan
1035066,37 WEST   57 STREET,105,01273,00012,40.7641,-73.97594,MANHATTAN
1035071,9 WEST   57 STREET,105,01273,00022,40.76389,-73.97499,MANHATTAN
1035077,1414 AVENUE OF THE AMERICAS,105,01273,00071,40.76471,-73.97651,MANHATTAN
1035321,295 MADISON AVENUE,105,01275,00050,40.75178,-73.97944,MANHATTAN
1035322,292 MADISON AVENUE,105,01275,00059,40.75207,-73.98017,MANHATTAN
1035335,60 EAST   42 STREET,105,01276,00042,40.75214,-73.97884,MANHATTAN
1035336,50 EAST   42 STREET,105,01276,00051,40.75245,-73.97916,Manhattan
1035347,6 EAST   43 STREET,105,01277,00008,40.75351,-73.9798,MANHATTAN
1035360,22 VANDERBILT AVENUE,105,01278,00020,40.75359,-73.9781,Manhattan
1035365,529 5 AVENUE,105,01278,00069,40.75443,-73.9797,Manhattan
1035366,535 5 AVENUE,105,01279,00001,40.75484,-73.97942,Manhattan
1035375,52 VANDERBILT AVENUE,105,01279,00045,40.75426,-73.97734,Manhattan
1035385,420 LEXINGTON AVENUE,105,01280,07501,40.7527,-73.97586,MANHATTAN
1035404,383 MADISON AVENUE,105,01282,00021,40.75547,-73.97672,MANHATTAN
1035405,250 PARK AVENUE,105,01282,00034,40.75517,-73.976,Manhattan
1035420,400 MADISON AVENUE,105,01283,00017,40.75638,-73.97693,Manhattan
1035454,444 MADISON AVENUE,105,01285,00015,40.75764,-73.9761,MANHATTAN
1035471,477 MADISON AVENUE,105,01287,00021,40.75852,-73.97463,Manhattan
1035473,340 PARK AVENUE,105,01287,00033,40.7583,-73.97373,Manhattan
1035721,665 FIFTH AVENUE,105,01288,00069,40.76009,-73.9756,MANHATTAN
1035725,1 EAST   53 STREET,105,01289,00005,40.76039,-73.97519,Manhattan
1035728,515 MADISON AVENUE,105,01289,00021,40.75973,-73.97369,Manhattan
1035733,60 EAST   54 STREET,105,01289,00045,40.75988,-73.97322,Manhattan
1035747,535 MADISON AVENUE,105,01290,00021,40.76043,-73.97327,Manhattan
1035758,545 MADISON AVENUE,105,01290,00052,40.7607,-73.97308,MANHATTAN
1035762,2 EAST   55 STREET,105,01290,07502,40.76125,-73.97448,MANHATTAN
1035769,550 MADISON AVENUE,105,01291,00010,40.76146,-73.9735,Manhattan
1036052,5 EAST   57 STREET,105,01293,00007,40.76292,-73.97314,Manhattan
1036061,595 MADISON AVENUE,105,01293,00026,40.76235,-73.97183,Manhattan
1036068,470 PARK AVENUE,105,01293,00037,40.76225,-73.97077,MANHATTAN
1036082,767 5 AVENUE,105,01294,00001,40.76361,-73.97243,MANHATTAN
1036085,613 MADISON AVENUE,105,01294,00046,40.76312,-73.97122,Manhattan
1036145,360 LEXINGTON AVENUE,105,01295,00017,40.75047,-73.97717,Manhattan
1036147,133 EAST   40 STREET,106,01295,00023,40.75016,-73.97649,Manhattan
1036149,630 3 AVENUE,106,01295,00040,40.75001,-73.9754,Manhattan
1036150,370 LEXINGTON AVENUE,105,01295,00058,40.75074,-73.97702,MANHATTAN
1036152,122 EAST   42 STREET,105,01296,00014,40.75122,-73.97668,MANHATTAN
1036174,441 LEXINGTON AVENUE,106,01299,00022,40.75283,-73.97473,Manhattan
1036176,140 EAST   45 STREET,106,01299,00027,40.75275,-73.9741,Manhattan
1036205,245 PARK AVENUE,105,01301,00001,40.75463,-73.97472,MANHATTAN
1036207,750 THIRD AVENUE,106,01301,00033,40.75386,-73.97282,Manhattan
1036217,770 3 AVENUE,106,01302,00033,40.75442,-73.97229,MANHATTAN
1036223,299 PARK AVENUE,105,01303,00001,40.75602,-73.97414,MANHATTAN
1036233,145 EAST   48 STREET,106,01303,07501,40.75514,-73.97244,Manhattan
1036441,541 LEXINGTON AVENUE,106,01304,00020,40.75605,-73.97228,MANHATTAN
1036451,560 LEXINGTON AVENUE,105,01305,00013,40.75686,-73.97264,Manhattan
1036456,155 EAST   50 STREET,106,01305,00033,40.75615,-73.97095,Manhattan
1036461,575 LEXINGTON AVENUE,106,01306,07501,40.75719,-73.97128,MANHATTAN
1036462,850 THIRD AVENUE,106,01306,00033,40.75691,-73.97052,Manhattan
1036474,601 LEXINGTON AVENUE,106,01308,07501,40.7584,-73.97004,Manhattan
1036528,136 EAST   56 STREET,105,01310,00059,40.76012,-73.97009,Manhattan
1036867,111 EAST   56 STREET,105,01311,00005,40.76081,-73.97034,MANHATTAN
1036904,135 EAST   57 STREET,105,01312,00015,40.76139,-73.96937,Manhattan
1036911,153 EAST   57 STREET,106,01312,00028,40.76078,-73.96806,Manhattan
1036921,475 PARK AVENUE,105,01312,00069,40.76192,-73.97005,MANHATTAN
1037546,220 EAST   42 STREET,106,01315,07501,40.74977,-73.97318,MANHATTAN
1037549,675 THIRD AVENUE,106,01316,00001,40.75101,-73.97387,Manhattan
1037551,219 EAST   42 STREET,106,01316,00012,40.75067,-73.97305,MANHATTAN
1037552,229 EAST   42 STREET,106,01316,00023,40.75039,-73.97253,MANHATTAN
1037568,711 THIRD AVENUE,106,01318,00001,40.75216,-73.97282,Manhattan
1037578,228 EAST   45 STREET,106,01318,00033,40.75186,-73.9718,MANHATTAN
1037996,767 3 AVENUE,106,01321,00047,40.75422,-73.97141,Manhattan
1038013,243 EAST   48 STREET,106,01322,00019,40.7541,-73.96999,MANHATTAN
1038464,845 3 AVENUE,106,01325,00001,40.75662,-73.96976,Manhattan
1038526,243 EAST   52 STREET,106,01326,00018,40.75661,-73.96818,Manhattan
1038549,885 THIRD AVENUE,106,01327,07504,40.75788,-73.96878,MANHATTAN
1038561,1009 SECOND AVENUE,106,01327,00023,40.75715,-73.96725,MANHATTAN
1038570,909 THIRD AVENUE,106,01328,00001,40.7583,-73.9679,MANHATTAN
1038577,919 3 AVENUE,106,01329,00001,40.75896,-73.96759,MANHATTAN
1038590,200 EAST   57 STREET,106,01330,00004,40.75972,-73.96741,MANHATTAN
1038594,220 EAST   57 STREET,106,01330,00038,40.75963,-73.9668,Manhattan
1038598,235 EAST   57 STREET,106,01331,00017,40.75982,-73.96577,MANHATTAN
1038634,245 EAST   58 STREET,106,01332,00029,40.76048,-73.96491,MANHATTAN
1038656,320 EAST   42 STREET,106,01334,00041,40.74921,-73.97148,Manhattan
1038660,45 TUDOR CITY PLACE,106,01335,00022,40.74935,-73.96999,Manhattan
1038666,333 EAST   43 STREET,106,01336,00015,40.75001,-73.96996,MANHATTAN
1038671,310 EAST   44 STREET,106,01336,00040,40.75055,-73.97048,MANHATTAN
1038755,307 EAST   44 STREET,106,01337,00006,40.75099,-73.97033,MANHATTAN
1038767,303 E 44 ST,106,01337,00105,40.75112,-73.97066,MANHATTAN
1038770,310 EAST   46 STREET,106,01338,00005,40.75177,-73.96992,MANHATTAN
1038901,333 EAST   46 STREET,106,01339,00012,40.75205,-73.96899,MANHATTAN
1038912,326 EAST   48 STREET,106,01340,00039,40.75293,-73.96835,Manhattan
1039205,100 UNITED NATIONS PLAZA,106,01341,07503,40.7531,-73.96764,Manhattan
1039577,926 2 AVENUE,106,01342,07502,40.75428,-73.96856,Manhattan
1039604,331 EAST   50 STREET,106,01343,00014,40.75455,-73.96716,MANHATTAN
1039661,350 EAST   52 STREET,106,01344,00030,40.75512,-73.96577,Manhattan
1039972,1005 1 AVENUE,106,01348,00023,40.75754,-73.96407,MANHATTAN
1040078,2 BEEKMAN PLACE,106,01361,00012,40.75304,-73.96532,MANHATTAN
1040145,400 EAST   52 STREET,106,01363,00043,40.75471,-73.96486,MANHATTAN
1040155,435 EAST   52 STREET,106,01364,00022,40.75464,-73.96311,MANHATTAN
1040160,60 SUTTON PLACE SOUTH,106,01365,00020,40.75534,-73.96285,MANHATTAN
1040162,411 EAST   53 STREET,106,01365,07501,40.75576,-73.96423,MANHATTAN
1040353,50 SUTTON PLACE SOUTH,106,01366,00025,40.75588,-73.9622,MANHATTAN
1040463,20 SUTTON PLACE SOUTH,106,01367,00026,40.75664,-73.96165,Manhattan
1040470,2 SUTTON PLACE SOUTH,106,01368,00025,40.75722,-73.9612,MANHATTAN
1040472,430 EAST   57 STREET,106,01368,00036,40.75757,-73.96194,MANHATTAN
1040544,16 SUTTON PLACE,106,01369,00026,40.75797,-73.96061,Manhattan
1040637,425 EAST   58 STREET,106,01370,00015,40.75874,-73.96095,MANHATTAN
1040742,3 RIVERVIEW TERRACE,106,01372,00059,40.75799,-73.95954,MANHATTAN
1040751,781 5 AVENUE,108,01374,00001,40.76431,-73.97254,Manhattan
1040762,645 MADISON AVENUE,108,01374,00049,40.76391,-73.97083,MANHATTAN
1040765,785 FIFTH AVENUE,108,01374,00069,40.76455,-73.97236,Manhattan
1040802,655 MADISON AVENUE,108,01375,00021,40.76428,-73.97054,Manhattan
1040808,660 MADISON AVENUE,108,01375,07502,40.76472,-73.97115,MANHATTAN
1040809,2 EAST   61 STREET,108,01375,00067,40.76509,-73.97168,Manhattan
1040849,19 EAST   61 STREET,108,01376,00015,40.76527,-73.97057,MANHATTAN
1040892,694 MADISON AVENUE,108,01377,00016,40.76578,-73.97012,Manhattan
1040922,817 FIFTH AVENUE,108,01377,07501,40.76651,-73.97098,Manhattan
1041029,29 EAST   63 STREET,108,01378,00026,40.76606,-73.96891,MANHATTAN
1041036,580 PARK AVENUE,108,01378,00033,40.76587,-73.96809,MANHATTAN
1041045,726 MADISON AVENUE,108,01378,00056,40.76666,-73.96944,MANHATTAN
1041080,37 EAST   64 STREET,108,01379,00026,40.76661,-73.96831,MANHATTAN
1041142,54 EAST   66 STREET,108,01380,00045,40.76748,-73.96763,Manhattan
1041153,4 EAST   66 STREET,108,01380,00069,40.7683,-73.9695,Manhattan
1041176,650 PARK AVENUE,108,01381,00038,40.76789,-73.96673,MANHATTAN
1041196,854 FIFTH AVENUE,108,01381,00072,40.76885,-73.96923,Manhattan
1041199,857 FIFTH AVENUE,108,01382,00001,40.76925,-73.96895,MANHATTAN
1041213,793 MADISON AVENUE,108,01382,00024,40.76859,-73.96745,MANHATTAN
1041234,809 MADISON AVENUE,108,01382,07502,40.76899,-73.96712,MANHATTAN
1041243,860 FIFTH AVENUE,108,01382,00069,40.76947,-73.96872,MANHATTAN
1041250,870 FIFTH AVENUE,108,01383,00001,40.7699,-73.96835,Manhattan
1041284,14 EAST   69 STREET,108,01383,00061,40.76989,-73.96754,MANHATTAN
1041285,12 EAST   69 STREET,108,01383,00063,40.76994,-73.96765,MANHATTAN
1041288,875 FIFTH AVENUE,108,01383,00069,40.77016,-73.96821,MANHATTAN
1041291,880 FIFTH AVENUE,108,01384,00001,40.77061,-73.96783,Manhattan
1041295,11 EAST   69 STREET,108,01384,00013,40.77024,-73.96719,Manhattan
1041297,15 EAST   69 STREET,108,01384,07502,40.77024,-73.96684,Manhattan
1041314,34 EAST   70 STREET,108,01384,00046,40.77,-73.96587,Manhattan
1041329,41 EAST   70 STREET,108,01385,00027,40.77037,-73.96557,MANHATTAN
1041333,730 PARK AVENUE,108,01385,00037,40.77042,-73.96492,MANHATTAN
1041363,740 PARK AVENUE,108,01386,00033,40.77085,-73.96474,Manhattan
1041377,4 EAST   72 STREET,108,01386,00064,40.77193,-73.96652,MANHATTAN
1041455,898 MADISON AVENUE,108,01387,00014,40.77217,-73.96561,MANHATTAN
1041461,55 EAST   72 STREET,108,01387,00031,40.77161,-73.96429,MANHATTAN
1041464,770 PARK AVENUE,108,01387,00037,40.77179,-73.96393,MANHATTAN
1041500,51 EAST   73 STREET,108,01388,00030,40.77228,-73.96391,Manhattan
1041503,778 PARK AVENUE,108,01388,00033,40.77213,-73.96355,MANHATTAN
1041521,6 EAST   74 STREET,108,01388,00066,40.77331,-73.96555,MANHATTAN
1041523,927 FIFTH AVENUE,108,01388,00068,40.77349,-73.96585,Manhattan
1041534,923 5 AVENUE,108,01388,07501,40.77317,-73.96603,Manhattan
1041663,38 EAST   75 STREET,108,01389,00045,40.77324,-73.96344,MANHATTAN
1041666,945 MADISON AVENUE,108,01389,00050,40.77341,-73.96384,Manhattan
1041673,936 FIFTH AVENUE,108,01389,00069,40.77414,-73.96539,Manhattan
1041681,23 EAST   74 STREET,108,01389,07501,40.77346,-73.96473,MANHATTAN
1041683,944 FIFTH AVENUE,108,01390,00003,40.77451,-73.96513,MANHATTAN
1041706,20 EAST   76 STREET,108,01390,07505,40.77432,-73.96404,Manhattan
1041710,10 EAST   76 STREET,108,01390,00064,40.77451,-73.96448,Manhattan
1041792,11 EAST   76 STREET,108,01391,00010,40.77487,-73.96415,MANHATTAN
1041813,956 FIFTH AVENUE,108,01391,00071,40.77542,-73.96445,MANHATTAN
1041816,960 FIFTH AVENUE,108,01392,00001,40.77568,-73.9641,MANHATTAN
1041819,15 EAST   77 STREET,108,01392,00011,40.77546,-73.96358,MANHATTAN
1041822,53 EAST   77 STREET,108,01392,00025,40.77502,-73.96255,Manhattan
1041901,111 EAST   59 STREET,108,01394,00005,40.76295,-73.96894,Manhattan
1041908,515 PARK AVENUE,108,01394,07501,40.76322,-73.96918,MANHATTAN
1041920,770 LEXINGTON AVENUE,108,01395,00017,40.76316,-73.96787,MANHATTAN
1041950,525 PARK AVENUE,108,01395,07503,40.76382,-73.96866,MANHATTAN
1041956,124 EAST   61 STREET,108,01395,00162,40.76358,-73.96809,Manhattan
1041991,146 EAST   62 STREET,108,01396,00048,40.76368,-73.96639,MANHATTAN
1042051,166 EAST   63 STREET,108,01397,07503,40.76405,-73.96532,Manhattan
1042055,140 EAST   63 STREET,108,01397,07505,40.7644,-73.9662,MANHATTAN
1042064,157 EAST   62 STREET,108,01397,00127,40.76398,-73.96596,Manhattan
1042118,132 EAST   64 STREET,108,01398,00061,40.76535,-73.96649,Manhattan
1042137,188 EAST   64 STREET,108,01398,07501,40.7645,-73.96484,MANHATTAN
1042362,165 EAST   64 STREET,108,01399,00026,40.76529,-73.96517,MANHATTAN
1042391,605 PARK AVENUE,108,01399,00074,40.76629,-73.96676,MANHATTAN
1042479,150 EAST   69 STREET,108,01403,00033,40.76784,-73.96306,Manhattan
1042497,169 EAST   69 STREET,108,01404,00033,40.76813,-73.96218,MANHATTAN
1042746,156 EAST   71 STREET,108,01405,00047,40.76929,-73.96223,MANHATTAN
1042748,142 EAST   71 STREET,108,01405,00051,40.76943,-73.96254,MANHATTAN
1042818,190 EAST   72 STREET,108,01406,00041,40.76954,-73.96126,MANHATTAN
1042825,132 EAST   72 STREET,108,01406,00061,40.77034,-73.96275,MANHATTAN
1042830,755 PARK AVENUE,108,01406,00069,40.77069,-73.96358,MANHATTAN
1042849,155 EAST   72 STREET,108,01407,00026,40.77039,-73.9614,MANHATTAN
1043046,181 EAST   73 STREET,108,01408,00033,40.77076,-73.9603,MANHATTAN
1043061,134 EAST   74 STREET,108,01408,00059,40.77172,-73.96168,MANHATTAN
1043160,829 PARK AVENUE,108,01410,00069,40.77332,-73.96172,MANHATTAN
1043163,136 EAST   76 STREET,108,01410,07501,40.77294,-73.96076,Manhattan
1043173,145 EAST   76 STREET,108,01411,07501,40.7731,-73.95996,MANHATTAN
1043180,150 EAST   77 STREET,108,01411,00053,40.77329,-73.95962,Manhattan
1043230,885 PARK AVENUE,108,01413,00001,40.77492,-73.96039,Manhattan
1043253,170 EAST   79 STREET,108,01413,00045,40.77442,-73.95834,MANHATTAN
1043259,136 EAST   79 STREET,108,01413,00057,40.77486,-73.9594,Manhattan
1043261,895 PARK AVENUE,108,01413,00071,40.77521,-73.96024,Manhattan
1043547,200 EAST   61 STREET,108,01415,07501,40.76237,-73.96559,MANHATTAN
1043780,200 EAST   62 STREET,108,01416,07501,40.76302,-73.96508,MANHATTAN
1043820,248 EAST   62 STREET,108,01416,00127,40.76248,-73.96355,Manhattan
1043826,201 EAST   62 STREET,108,01417,00001,40.76348,-73.96474,MANHATTAN
1043853,1059 3 AVENUE,108,01417,07502,40.76367,-73.96462,Manhattan
1043934,203 EAST   71 STREET,108,01426,00005,40.76903,-73.96042,MANHATTAN
1043935,207 EAST   71 STREET,108,01426,00006,40.76899,-73.96033,MANHATTAN
1043972,245 EAST   72 STREET,108,01427,00018,40.76927,-73.95874,MANHATTAN
1044019,1291 3RD AVENUE,108,01429,00001,40.77105,-73.9593,MANHATTAN
1044129,200 EAST   78 STREET,108,01432,00045,40.77327,-73.9576,MANHATTAN
1044178,230 EAST   79 STREET,108,01433,00034,40.7735,-73.95618,Manhattan
1044249,300 EAST   62 STREET,108,01436,07501,40.7622,-73.96279,MANHATTAN
1044689,301 EAST   64 STREET,108,01439,00001,40.76369,-73.96142,MANHATTAN
1044738,301 EAST   66 STREET,108,01441,07501,40.76517,-73.96061,Manhattan
1044753,315 EAST   68 STREET,108,01443,00001,40.76623,-73.95953,Manhattan
1044767,350 EAST   69 STREET,108,01443,00036,40.76608,-73.95842,MANHATTAN
1044877,311 EAST   72 STREET,108,01447,00005,40.76878,-73.95759,Manhattan
1044878,315 EAST   72 STREET,108,01447,00009,40.76876,-73.95718,Manhattan
1044925,300 EAST   75 STREET,108,01449,00003,40.77026,-73.95669,Manhattan
1045135,301 EAST   75 STREET,108,01450,00001,40.77081,-73.95649,MANHATTAN
1045251,351 EAST   78 STREET,108,01453,00021,40.77211,-73.95358,Manhattan
1045321,404 EAST   63 STREET,108,01457,00145,40.76173,-73.95984,Manhattan
1045381,1175 YORK AVENUE,108,01458,07502,40.76162,-73.958,MANHATTAN
1045570,420 EAST   67 STREET,108,01461,00013,40.76374,-73.95718,Manhattan
1045571,431 EAST   66 STREET,108,01461,00021,40.76351,-73.95673,Manhattan
1045589,400 EAST   70 STREET,108,01464,07501,40.76614,-73.95679,MANHATTAN
1045832,422 EAST   72 STREET,108,01466,07501,40.76685,-73.95502,MANHATTAN
1045843,399 EAST   72 STREET,108,01467,00001,40.76789,-73.9555,MANHATTAN
1045862,1356 1 AVENUE,108,01467,00048,40.76815,-73.95531,Manhattan
1045863,1354 1 AVENUE,108,01467,00048,40.76812,-73.95533,Manhattan
1045864,1352 FIRST AVENUE,108,01467,00048,40.76815,-73.95531,Manhattan
1045865,402 EAST   73 STREET,108,01467,00048,40.76815,-73.95531,Manhattan
1045989,439 EAST   77 STREET,108,01472,00017,40.77057,-73.95198,Manhattan
1046252,510 EAST   62 STREET,108,01474,00040,40.76001,-73.95809,Manhattan
1046255,1320 YORK AVENUE,108,01482,00001,40.76568,-73.95415,Manhattan
1046259,530 EAST   72 STREET,108,01483,00028,40.76581,-73.95198,MANHATTAN
1046261,515 EAST   72 STREET,108,01484,07501,40.76686,-73.95265,Manhattan
1046437,39 EAST   79 STREET,108,01491,00023,40.77639,-73.96169,MANHATTAN
1046438,53 EAST   79 STREET,108,01491,00025,40.77634,-73.96145,MANHATTAN
1046594,988 5 AVENUE,108,01491,07502,40.77742,-73.96304,MANHATTAN
1046609,993 5 AVENUE,108,01492,00003,40.77782,-73.96268,Manhattan
1046624,61 EAST   80 STREET,108,01492,00030,40.77682,-73.96061,Manhattan
1046639,1065 MADISON AVENUE,108,01492,00051,40.77729,-73.96107,Manhattan
1046662,9 EAST   81 STREET,108,01493,00008,40.77818,-73.96186,MANHATTAN
1046669,940 PARK AVENUE,108,01493,00033,40.77724,-73.95984,MANHATTAN
1046670,944 PARK AVENUE,108,01493,07504,40.77737,-73.95974,Manhattan
1046686,1001 FIFTH AVENUE,108,01493,00072,40.77859,-73.96217,Manhattan
1046740,1010 5 AVENUE,108,01494,00001,40.77897,-73.96177,MANHATTAN
1046759,960 PARK AVENUE,108,01494,00032,40.77795,-73.95935,Manhattan
1046771,1014 5 AVENUE,108,01494,00072,40.77911,-73.96162,Manhattan
1046789,1122 MADISON AVENUE,108,01495,00056,40.77944,-73.96014,Manhattan
1046830,12 EAST   86 STREET,108,01497,00009,40.78069,-73.95955,MANHATTAN
1046831,35 EAST   85 STREET,108,01497,00021,40.78026,-73.95874,MANHATTAN
1046833,1020 PARK AVENUE,108,01497,00034,40.77985,-73.95788,Manhattan
1046858,12 EAST   87 STREET,108,01498,00061,40.7816,-73.95906,MANHATTAN
1046861,1056 FIFTH AVENUE,108,01498,00069,40.78186,-73.95967,Manhattan
1046913,1060 5 AVENUE,108,01499,00001,40.78219,-73.95929,Manhattan
1046925,2 EAST   88 STREET,108,01499,00069,40.78258,-73.95926,MANHATTAN
1046951,15 EAST   88 STREET,108,01500,00011,40.7826,-73.95834,MANHATTAN
1046956,1088 PARK AVENUE,108,01500,00040,40.78203,-73.95649,Manhattan
1046971,17 EAST   89 STREET,108,01501,00016,40.78314,-73.95765,Manhattan
1046983,21 EAST   90 STREET,108,01502,00017,40.78373,-73.95711,Manhattan
1046991,1120 PARK AVENUE,108,01502,00033,40.78311,-73.95565,MANHATTAN
1046992,1130 PARK AVENUE,108,01502,00040,40.78334,-73.95544,Manhattan
1047025,1150 PARK AVENUE,108,01503,00038,40.78396,-73.95496,MANHATTAN
1047045,1107 FIFTH AVENUE,108,01503,00069,40.78502,-73.95744,MANHATTAN
1047079,60 EAST   93 STREET,108,01504,00045,40.78481,-73.95501,MANHATTAN
1047101,1120 FIFTH AVENUE,108,01505,00001,40.78609,-73.95669,Manhattan
1047171,40 EAST   94 STREET,108,01505,07502,40.78552,-73.95496,MANHATTAN
1047390,1133 FIFTH AVENUE,108,01506,00003,40.7867,-73.95625,MANHATTAN
1047413,1136 5 AVENUE,108,01506,00069,40.78691,-73.95609,MANHATTAN
1047431,1220 PARK AVENUE,108,01507,00033,40.78627,-73.95341,Manhattan
1047432,1230 PARK AVENUE,108,01507,00040,40.78647,-73.9531,Manhattan
1047438,8 EAST   96 STREET,108,01507,00064,40.78735,-73.95519,Manhattan
1047470,151 EAST   79 STREET,108,01508,00020,40.77511,-73.95853,MANHATTAN
1047479,178 EAST   80 STREET,108,01508,00038,40.77489,-73.95736,Manhattan
1047535,140 EAST   81 STREET,108,01509,00051,40.77596,-73.95779,Manhattan
1047566,161 EAST   81 STREET,108,01510,00029,40.77611,-73.95695,Manhattan
1047627,140 EAST   83 STREET,108,01511,00053,40.77725,-73.9569,MANHATTAN
1047665,993 PARK AVENUE,108,01512,00070,40.7785,-73.95788,MANHATTAN
1047704,171 EAST   84 STREET,108,01513,07501,40.77788,-73.95523,Manhattan
1047938,185 EAST   85 STREET,108,01514,00039,40.77867,-73.95473,Manhattan
1047948,1035 PARK AVENUE,108,01514,00069,40.77981,-73.95706,MANHATTAN
1047951,1045 PARK AVENUE,108,01515,00001,40.78029,-73.95673,MANHATTAN
1048040,1065 PARK AVENUE,108,01516,00001,40.78087,-73.95625,MANHATTAN
1048043,115 EAST   87 STREET,108,01516,07502,40.7808,-73.9556,MANHATTAN
1048044,125 EAST   87 STREET,108,01516,00013,40.78049,-73.95526,Manhattan
1048070,1085 PARK AVENUE,108,01517,00001,40.78151,-73.95573,Manhattan
1048100,108 EAST   89 STREET,108,01517,00062,40.78155,-73.95506,Manhattan
1048105,1105 PARK AVENUE,108,01518,00001,40.78212,-73.95523,Manhattan
1048289,1149 PARK AVENUE,108,01520,00003,40.78348,-73.95437,Manhattan
1048384,1185 PARK AVENUE,108,01522,00001,40.78468,-73.95312,MANHATTAN
1048461,1209 PARK AVENUE,108,01523,00072,40.78543,-73.95288,Manhattan
1048515,239 EAST   79 STREET,108,01525,00021,40.7738,-73.95515,Manhattan
1048692,201 EAST   83 STREET,108,01529,00001,40.7769,-73.95499,MANHATTAN
1048693,1477 THIRD AVENUE,108,01529,00004,40.77702,-73.95489,Manhattan
1048696,213 EAST 83 STREET,108,01529,00008,40.77672,-73.95447,Manhattan
1048714,232 EAST   84 STREET,108,01529,00033,40.77671,-73.95367,Manhattan
1048799,250 EAST   87 STREET,108,01532,00022,40.77839,-73.95184,Manhattan
1048898,1739 2 AVENUE,108,01535,00028,40.78045,-73.95023,Manhattan
1048914,1751 SECOND AVENUE,108,01537,00022,40.78161,-73.94971,MANHATTAN
1048916,200 EAST   94 STREET,108,01539,07502,40.78336,-73.95,Manhattan
1049245,205 EAST   95 STREET,108,01541,00001,40.78468,-73.94924,MANHATTAN
1049854,345 EAST   81 STREET,108,01544,00019,40.77404,-73.95206,MANHATTAN
1050004,1651 FIRST AVENUE,108,01548,00029,40.77684,-73.94976,Manhattan
1050022,1647 1 AVENUE,108,01548,00023,40.77673,-73.95007,Manhattan
1050031,1655 1 AVENUE,108,01549,00024,40.77725,-73.94944,Manhattan
1050240,1772 SECOND AVENUE,108,01555,00004,40.78184,-73.94844,Manhattan
1050288,345 EAST   93 STREET,108,01556,00023,40.78178,-73.94626,Manhattan
1050309,309 EAST   94 STREET,108,01557,00008,40.78271,-73.94675,MANHATTAN
1050339,306 EAST   96 STREET,108,01558,00040,40.78363,-73.94636,Manhattan
1050495,443 EAST   84 STREET,108,01564,00019,40.77509,-73.94863,MANHATTAN
1050634,1725 YORK AVENUE,108,01569,00016,40.77832,-73.94598,MANHATTAN
1050765,505 EAST   79 STREET,108,01576,00005,40.7713,-73.94946,MANHATTAN
1050766,515 EAST   79 STREET,108,01576,00014,40.77103,-73.94883,MANHATTAN
1050774,510 EAST   80 STREET,108,01576,07501,40.7716,-73.94942,MANHATTAN
1051198,80 EAST END AVENUE,108,01580,00023,40.77334,-73.94644,Manhattan
1051245,120 EAST END AVENUE,108,01582,00023,40.77466,-73.94563,MANHATTAN
1051265,535 EAST   86 STREET,108,01583,00015,40.7756,-73.94535,MANHATTAN
1051275,534 EAST   87 STREET,108,01583,00038,40.77586,-73.94534,Manhattan
1051385,10 GRACIE SQUARE,108,01590,00030,40.77291,-73.945,MANHATTAN
1051389,7 GRACIE SQUARE,108,01590,00044,40.77319,-73.9453,Manhattan
1051437,1150 5 AVENUE,111,01602,00001,40.78798,-73.95521,MANHATTAN
1051439,9 EAST   96 STREET,111,01602,00009,40.78777,-73.95473,MANHATTAN
1051458,1158 5 AVENUE,111,01602,00069,40.78824,-73.95505,Manhattan
1051486,1200 FIFTH AVENUE,111,01607,07501,40.79115,-73.95301,MANHATTAN
1051513,1249 5 AVENUE,111,01611,00001,40.79365,-73.95065,Manhattan
1051514,1250 5 AVENUE,111,01612,00001,40.7943,-73.94997,MANHATTAN
1051954,1405 PARK AVENUE,111,01632,00001,40.79168,-73.94801,MANHATTAN
1051972,168 EAST  105 STREET,111,01632,00044,40.79102,-73.94605,MANHATTAN
1052167,174 EAST  110 STREET,111,01637,00141,40.79417,-73.94348,Manhattan
1052385,201 EAST  104 STREET,111,01654,00001,40.79023,-73.94525,Manhattan
1052438,2125 SECOND AVENUE,111,01659,00022,40.79287,-73.94116,Manhattan
1052439,2127 SECOND AVENUE,111,01659,00023,40.79292,-73.94112,Manhattan
1052440,2129 SECOND AVENUE,111,01659,00024,40.79297,-73.94109,Manhattan
1052441,2131 SECOND AVENUE,111,01659,00025,40.79302,-73.94104,Manhattan
1052443,2135 SECOND AVENUE,111,01659,00027,40.79315,-73.94095,Manhattan
1052444,2137 SECOND AVENUE,111,01659,00028,40.79321,-73.9409,Manhattan
1052450,2123 SECOND AVENUE,111,01659,00121,40.79282,-73.9412,Manhattan
1052573,225 E 116 ST,111,01666,00011,40.79773,-73.93877,MANHATTAN
1052820,2112 SECOND AVENUE,111,01680,00050,40.79227,-73.94089,Manhattan
1052821,2108 2 AVENUE,111,01680,00052,40.79215,-73.94091,Manhattan
1052986,319 EAST  117 STREET,111,01689,00005,40.79746,-73.93583,MANHATTAN
1053348,220 LENOX AVENUE,110,01720,00035,40.80515,-73.9469,Manhattan
1053349,222 LENOX AVENUE,110,01720,00036,40.80519,-73.94686,MANHATTAN
1053500,35 WEST  125 STREET,110,01723,00017,40.80732,-73.94367,Manhattan
1053506,2036 5 AVENUE,110,01723,00038,40.80701,-73.94221,MANHATTAN
1053883,438 LENOX AVENUE,110,01729,00170,40.81186,-73.94203,Manhattan
1053885,444 LENOX AVENUE,110,01730,00001,40.81239,-73.94161,Manhattan
1053896,58 WEST  135 STREET,110,01730,00065,40.8136,-73.94039,MANHATTAN
1053899,506 LENOX AVENUE,110,01734,00001,40.81429,-73.939,MANHATTAN
1053938,45 WEST  139 STREET,110,01737,00015,40.81659,-73.93733,MANHATTAN
1053943,650 LENOX AVENUE,110,01740,00007,40.81866,-73.93678,MANHATTAN
1054159,22 EAST  128 STREET,111,01752,00059,40.80768,-73.93999,MANHATTAN
1054407,1990 LEXINGTON AVENUE,111,01770,00158,40.8023,-73.93967,Manhattan
1054609,2367 2 AVENUE,111,01786,00024,40.80059,-73.93553,MANHATTAN
1054626,2253 THIRD AVENUE,111,01787,00001,40.80194,-73.93663,MANHATTAN
1054627,221 EAST  122 STREET,111,01787,00060,40.80173,-73.93615,Manhattan
1054628,2385 2 AVENUE,111,01787,00070,40.80125,-73.93544,Manhattan
1054629,230 EAST  123 STREET,111,01787,00080,40.80153,-73.93537,MANHATTAN
1054632,207 EAST  123 STREET,111,01788,00005,40.80236,-73.93611,Manhattan
1054786,2351 1 AVENUE,111,01797,00100,40.79927,-73.93374,Manhattan
1054911,511 EAST  118 STREET,111,01815,00107,40.79625,-73.93136,MANHATTAN
1055019,100 WEST  114 STREET,110,01823,00036,40.80077,-73.95106,MANHATTAN
1055151,233 WEST  113 STREET,110,01829,00021,40.80192,-73.95486,Manhattan
1055263,361 CENTRAL PARK WEST,107,01832,00029,40.79205,-73.9649,MANHATTAN
1055287,392 CENTRAL PARK WEST,107,01833,07503,40.79445,-73.96501,MANHATTAN
1055870,357 WEST 115TH STREET,110,01849,00027,40.80477,-73.9577,MANHATTAN
1055880,358 WEST 116TH STREET,110,01849,00042,40.80495,-73.95737,MANHATTAN
1055892,143 WEST   96 STREET,107,01851,00005,40.79404,-73.96962,Manhattan
1056004,105 WEST  108 STREET,107,01863,00026,40.80098,-73.96237,Manhattan
1056068,2575 BROADWAY,107,01868,07501,40.79523,-73.97206,Manhattan
1056468,814 WEST END AVENUE,107,01871,00061,40.7975,-73.97118,MANHATTAN
1056485,210 WEST  101 STREET,107,01872,00043,40.79739,-73.96918,Manhattan
1056579,890 WEST END AVENUE,107,01875,00061,40.80002,-73.96934,MANHATTAN
1056582,900 WEST END AVENUE,107,01876,00001,40.80033,-73.96899,MANHATTAN
1056631,225 WEST  106 STREET,107,01878,00012,40.80141,-73.96728,MANHATTAN
1056636,207 WEST  106 STREET,107,01878,00025,40.80094,-73.96617,Manhattan
1056647,2780 BROADWAY,107,01879,00001,40.80222,-73.96725,MANHATTAN
1057086,270 RIVERSIDE DRIVE,107,01888,07504,40.798,-73.97313,MANHATTAN
1057127,280 RIVERSIDE DRIVE,107,01889,00001,40.79861,-73.97266,Manhattan
1057147,290 RIVERSIDE DRIVE,107,01889,00040,40.79913,-73.97211,Manhattan
1057181,865 WEST END AVENUE,107,01890,00015,40.7994,-73.97063,Manhattan
1057182,875 WEST END AVENUE,107,01890,00024,40.79967,-73.97047,MANHATTAN
1057197,885 WEST END AVENUE,107,01890,00053,40.80002,-73.97014,MANHATTAN
1057257,340 RIVERSIDE DRIVE,107,01892,00001,40.80239,-73.96964,Manhattan
1057312,370 RIVERSIDE DRIVE,107,01893,00032,40.8042,-73.96817,MANHATTAN
1057313,375 RIVERSIDE DRIVE,107,01893,00035,40.80439,-73.96797,MANHATTAN
1057332,395 RIVERSIDE DRIVE,109,01894,00067,40.80579,-73.96716,Manhattan
1057650,144 WEST  121 STREET,110,01905,00053,40.80577,-73.94928,MANHATTAN
1057672,150 WEST  121 STREET,110,01905,00155,40.80585,-73.94946,Manhattan
1057926,156 WEST  128 STREET,110,01912,00155,40.81032,-73.94617,Manhattan
1057994,134 WEST  130 STREET,110,01914,00047,40.81131,-73.94464,Manhattan
1058059,130 WEST  131 STREET,110,01915,00047,40.81194,-73.9442,Manhattan
1058378,131 SAINT NICHOLAS AVENUE,110,01922,00041,40.80411,-73.95325,MANHATTAN
1058460,2230 FREDERICK DOUGLASS BOULEVARD,110,01926,00001,40.80705,-73.95314,MANHATTAN
1058662,270 WEST  126 STREET,110,01931,00056,40.81037,-73.95016,MANHATTAN
1058710,203 WEST  131 STREET,110,01937,00027,40.8132,-73.94601,MANHATTAN
1058855,270 WEST  135 STREET,110,01940,00056,40.81599,-73.94604,Manhattan
1058859,221 WEST  134 STREET,110,01940,00122,40.81522,-73.94501,MANHATTAN
1059167,494 MANHATTAN AVENUE,110,01947,00118,40.80772,-73.95456,MANHATTAN
1059407,425 WEST  130 STREET,109,01957,00010,40.81493,-73.95206,MANHATTAN
1059655,509 WEST  121 STREET,109,01976,00020,40.81059,-73.95953,MANHATTAN
1059809,536 WEST  136 STREET,109,01988,00131,40.82029,-73.95404,MANHATTAN
1060173,120 WEST  145 STREET,110,02013,00029,40.82061,-73.93748,MANHATTAN
1060350,259 WEST  139 STREET,110,02025,00005,40.81902,-73.94406,MANHATTAN
1060431,2690 FREDERICK DOUGLASS BOULEVARD,110,02029,00001,40.8217,-73.94228,Manhattan
1060461,210 WEST 145TH STREET,110,02030,00038,40.8217,-73.93999,MANHATTAN
1061200,459 WEST  140 STREET,109,02057,00036,40.82194,-73.94902,Manhattan
1061432,1763 AMSTERDAM AVENUE,109,02062,00002,40.82668,-73.94615,Manhattan
1061607,1861 AMSTERDAM AVENUE,109,02067,00001,40.82971,-73.94393,Manhattan
1061643,1871 AMSTERDAM AVENUE,109,02067,00064,40.82988,-73.94382,Manhattan
1062386,614 WEST  146 STREET,109,02092,00043,40.82732,-73.9511,Manhattan
1062405,618 WEST  147 STREET,109,02093,00040,40.82785,-73.95039,Manhattan
1062792,500 WEST  160 STREET,112,02118,00022,40.83487,-73.9416,Manhattan
1062991,1150 ST NICHOLAS AVENUE,112,02124,00035,40.84039,-73.93906,Manhattan
1063266,636 WEST 158 STREET,112,02134,00154,40.83552,-73.94723,Manhattan
1063400,722 WEST  168 STREET,112,02139,00017,40.8424,-73.9435,MANHATTAN
1063947,185 WADSWORTH AVENUE,112,02165,00026,40.85056,-73.93397,Manhattan
1064069,99 HILLSIDE AVENUE,112,02170,00140,40.85932,-73.9269,Manhattan
1064415,4295 BROADWAY,112,02180,00108,40.85152,-73.93547,Manhattan
1064444,4395 BROADWAY,112,02180,00315,40.85482,-73.93385,MANHATTAN
1064532,99 TERRACE VIEW AVENUE,208,02215,00080,40.87731,-73.91294,Manhattan
1064620,9 VAN CORLEAR PLACE,208,02215,00423,40.87614,-73.91106,Manhattan
1064623,15 VAN CORLEAR PLACE,208,02215,00429,40.8763,-73.91082,BRONX
1064674,36 MARBLE HILL AVENUE,208,02215,00546,40.87532,-73.90984,Manhattan
1064728,240 NAGLE AVENUE,112,02218,00025,40.8633,-73.92139,Manhattan
1065045,5141 BROADWAY,112,02244,00100,40.87323,-73.91295,Manhattan
1065089,250 SOUTH END AVENUE,101,00016,07503,40.70975,-74.01614,Manhattan
1066885,101 EAST    9 STREET,103,00555,00010,40.7306,-73.99022,Manhattan
1066973,42 EAST   12 STREET,102,00563,07502,40.73333,-73.99197,MANHATTAN
1067716,302 WEST   12 STREET,102,00624,07503,40.7373,-74.00467,Manhattan
1068012,343 WEST   25 STREET,104,00749,00015,40.74749,-73.99917,Manhattan
1068169,130 WEST   17 STREET,104,00792,07503,40.73975,-73.99716,MANHATTAN
1068187,181 SEVENTH AVENUE,104,00796,07501,40.74245,-73.99639,MANHATTAN
1068277,7 EAST   20 STREET,105,00849,07502,40.73957,-73.99015,MANHATTAN
1069254,157 EAST   32 STREET,106,00888,07501,40.74498,-73.97948,MANHATTAN
1069579,425 EAST   25 STREET,106,00962,00100,40.73875,-73.97534,Manhattan
1069581,120 WEST   45 STREET,105,00997,00041,40.75703,-73.98394,MANHATTAN
1069595,106 CENTRAL PARK SOUTH,105,01011,07502,40.76543,-73.9769,MANHATTAN
1070711,140 WEST END AVENUE,107,01158,07504,40.77592,-73.98618,MANHATTAN
1071438,461 5 AVENUE,105,01275,00001,40.75223,-73.98135,Manhattan
1071616,215 EAST   45 STREET,106,01319,00008,40.75254,-73.97209,MANHATTAN
1072630,301 EAST   69 STREET,108,01444,07501,40.76692,-73.95926,Manhattan
1072675,343 EAST   74 STREET,108,01449,07502,40.76977,-73.95574,Manhattan
1072689,404 EAST   79 STREET,108,01473,07501,40.7719,-73.95254,MANHATTAN
1072695,524 EAST   72 STREET,108,01483,07501,40.76585,-73.95248,MANHATTAN
1072932,30 EAST   85 STREET,108,01496,07501,40.78007,-73.95978,MANHATTAN
1073221,200 EAST   89 STREET,108,01534,07501,40.78051,-73.9524,Manhattan
1074035,52 EAST END AVENUE,108,01578,07501,40.77234,-73.94704,MANHATTAN
1075676,107 RIVINGTON STREET,103,00410,00048,40.71978,-73.98809,MANHATTAN
1075787,33 BOWERY,103,00289,00001,40.71486,-73.99594,MANHATTAN
1076154,127 EAST   30 STREET,105,00886,07503,40.74426,-73.9819,Manhattan
1076168,415 EAST   37 STREET,106,00969,07501,40.74569,-73.97123,MANHATTAN
1076175,1325 AVENUE OF THE AMERICAS,105,01006,00013,40.76288,-73.98071,Manhattan
1076193,1585 BROADWAY,105,01019,07502,40.75998,-73.9855,Manhattan
1076239,235 WEST END AVENUE,107,01182,07501,40.77905,-73.98539,MANHATTAN
1076247,221 WEST   82 STREET,107,01230,07501,40.78579,-73.97794,Manhattan
1076254,222 RIVERSIDE DRIVE,107,01253,07502,40.79488,-73.97584,Manhattan
1076262,30 ROCKEFELLER PLAZA,105,01265,07501,40.75915,-73.97964,MANHATTAN
1076267,38 EAST   52 STREET,105,01287,00028,40.7585,-73.97412,Manhattan
1076281,400 EAST   54 STREET,106,01365,07502,40.756,-73.964,Manhattan
1076285,45 EAST   66 STREET,108,01381,07502,40.76804,-73.9678,MANHATTAN
1076290,965 FIFTH AVENUE,108,01392,00070,40.77594,-73.96405,MANHATTAN
1076298,115 EAST   67 STREET,108,01402,00006,40.76789,-73.96512,MANHATTAN
1076299,1160 3 AVENUE,108,01402,07501,40.76706,-73.96296,MANHATTAN
1076307,200 EAST   65 STREET,108,01419,07502,40.76477,-73.96355,MANHATTAN
1076323,45 EAST   80 STREET,108,01492,07501,40.77705,-73.96124,MANHATTAN
1076433,2230 5 AVENUE,110,01733,00017,40.81353,-73.93835,MANHATTAN
1076524,301 CATHEDRAL PARKWAY,110,01846,07501,40.80119,-73.9585,Manhattan
1076684,130 CLAREMONT AVENUE,109,01993,00001,40.81237,-73.96144,Manhattan
1076737,285 WEST  155 STREET,110,02105,00001,40.82945,-73.93596,Manhattan
1076741,21 JUMEL PLACE,112,02112,00058,40.83922,-73.93573,MANHATTAN
1076752,4360 BROADWAY,112,02167,00029,40.85323,-73.93362,Manhattan
1076756,4600 BROADWAY,112,02172,00016,40.86091,-73.93005,MANHATTAN
1076767,26 VAN CORLEAR PLACE,208,02215,00365,40.87646,-73.91135,BRONX
1076779,32 EAST   76 STREET,108,01390,07502,40.77402,-73.96329,Manhattan
1076783,530 GRAND STREET,103,00331,00120,40.71477,-73.98055,MANHATTAN
1076841,345 EAST   80 STREET,108,01543,07501,40.77347,-73.95231,Manhattan
1077284,10 ROCKEFELLER PLAZA,105,01264,00005,40.75842,-73.97984,MANHATTAN
1077304,605 WEST   45 STREET,104,01093,00028,40.76315,-73.99728,MANHATTAN
1077305,603 WEST   45 STREET,104,01093,00129,40.76302,-73.99713,MANHATTAN
1077335,10 BATTERY PLACE,101,00003,00001,40.7028,-74.01563,MANHATTAN
1077350,444 WEST   35 STREET,104,00732,00058,40.75453,-73.99754,MANHATTAN
1077502,604 EAST   14 STREET,103,00396,00010,40.72855,-73.97721,Manhattan
1077560,155 EAST    4 STREET,103,00432,00001,40.72535,-73.98556,MANHATTAN
1077587,675 WATER STREET,103,00243,00056,40.71117,-73.98203,Manhattan
1077654,401 EAST   11 STREET,103,00439,00001,40.72935,-73.98362,Manhattan
1078346,79 JANE STREET,102,00642,00067,40.73832,-74.00727,Manhattan
1078437,520 EAST   72 STREET,108,01483,00038,40.76598,-73.95283,Manhattan
1078483,351 WEST   14 STREET,104,00738,07505,40.74103,-74.00473,MANHATTAN
1078565,300 EAST   85 STREET,108,01547,00049,40.77686,-73.95205,MANHATTAN
1078658,5 WEST   14 STREET,105,00816,00031,40.7367,-73.99416,MANHATTAN
1078668,340 EAST   93 STREET,108,01555,00023,40.78118,-73.9467,MANHATTAN
1078686,10 WEST   15 STREET,105,00816,00031,40.7367,-73.99416,MANHATTAN
1078824,401 1 AVENUE,106,00929,00001,40.73775,-73.97955,MANHATTAN
1078830,319 EAST   24 STREET,106,00930,00012,40.73838,-73.97916,MANHATTAN
1078838,1545 MADISON AVENUE,111,01610,00023,40.79309,-73.94907,Manhattan
1078839,1404 PARK AVENUE,111,01610,00023,40.79309,-73.94907,Manhattan
1078841,60 EAST  106 STREET,111,01610,00023,40.79309,-73.94907,Manhattan
1078858,70 EAST  108 STREET,111,01613,00023,40.79421,-73.94808,Manhattan
1078924,1485 PARK AVENUE,111,01636,00001,40.79419,-73.94585,MANHATTAN
1078925,1738 LEXINGTON AVENUE,111,01636,00001,40.79419,-73.94585,Manhattan
1078941,171 CHERRY STREET,103,00249,00078,40.71042,-73.99337,Manhattan
1078953,214 SHERMAN AVENUE,112,02226,00029,40.86584,-73.9209,MANHATTAN
1078979,32 BROADWAY,101,00022,00017,40.7058,-74.01275,MANHATTAN
1078982,11 WALL STREET,101,00023,00019,40.70703,-74.01119,MANHATTAN
1079043,59 MAIDEN LANE,101,00067,00001,40.70866,-74.00798,Manhattan
1079064,55 JOHN STREET,101,00078,07511,40.70913,-74.00753,Manhattan
1079072,121 NASSAU STREET,101,00090,07503,40.71115,-74.00697,Manhattan
1079193,1475 MADISON AVENUE,111,01605,00024,40.78979,-73.9513,Manhattan
1079205,46 CLAREMONT AVENUE,109,01989,00001,40.80927,-73.9637,Manhattan
1079216,49 CHAMBERS STREET,101,00153,07501,40.714,-74.00513,MANHATTAN
1079342,307 EAST  101 STREET,111,01673,00006,40.78719,-73.94316,MANHATTAN
1079347,826 COLUMBUS AVENUE,107,01855,00001,40.79728,-73.96577,MANHATTAN
1079356,840 COLUMBUS AVENUE,107,01855,00001,40.79728,-73.96577,Manhattan
1079357,306 EAST  117 STREET,111,01688,00045,40.7971,-73.93691,Manhattan
1079375,860 COLUMBUS AVENUE,107,01855,00001,40.79728,-73.96577,MANHATTAN
1079388,870 COLUMBUS AVENUE,107,01855,00001,40.79728,-73.96577,MANHATTAN
1079408,865 AMSTERDAM AVENUE,107,01855,00001,40.79728,-73.96577,Manhattan
1079419,140 WEST  104 STREET,107,01855,00001,40.79728,-73.96577,Manhattan
1079839,220 EAST    9 STREET,103,00464,00020,40.72947,-73.98839,MANHATTAN
1079877,462 BROADWAY,102,00473,00001,40.72081,-74.00009,MANHATTAN
1079976,422 WEST BROADWAY,102,00502,00033,40.72522,-74.00167,MANHATTAN
1079985,120 CABRINI BOULEVARD,112,02179,00010,40.8534,-73.94006,MANHATTAN
1079986,140 CABRINI BOULEVARD,112,02179,00010,40.8534,-73.94006,MANHATTAN
1079987,160 CABRINI BOULEVARD,112,02179,00010,40.8534,-73.94006,MANHATTAN
1079988,180 CABRINI BOULEVARD,112,02179,00010,40.8534,-73.94006,MANHATTAN
1079989,200 CABRINI BOULEVARD,112,02179,00010,40.8534,-73.94006,MANHATTAN
1080001,5210 BROADWAY,208,02215,00116,40.87487,-73.90783,Manhattan
1080003,5240 BROADWAY,208,02215,00116,40.87487,-73.90783,Manhattan
1080004,69 WEST  225 STREET,208,02215,00116,40.87487,-73.90783,MANHATTAN
1080117,103 WAVERLY PLACE,102,00553,07501,40.73251,-73.99866,Manhattan
1080359,450 WEST   17 STREET,104,00714,07501,40.74349,-74.00639,MANHATTAN
1080448,304 EAST   41 STREET,106,01333,00042,40.74868,-73.97211,Manhattan
1080449,314 EAST   41 STREET,106,01333,00042,40.74868,-73.97211,MANHATTAN
1080500,1345 5 AVENUE,111,01618,00001,40.79869,-73.94682,MANHATTAN
1080502,1694 MADISON AVENUE,111,01618,00001,40.79869,-73.94682,Manhattan
1080508,1385 5 AVENUE,111,01618,00001,40.79869,-73.94682,Manhattan
1080509,1734 MADISON AVENUE,111,01618,00001,40.79869,-73.94682,Manhattan
1080610,112 WEST   38 STREET,105,00813,00023,40.75229,-73.98692,MANHATTAN
1080640,1695 MADISON AVENUE,111,01620,00023,40.79805,-73.94524,Manhattan
1080641,65 EAST  112 STREET,111,01620,00023,40.79805,-73.94524,Manhattan
1080642,1735 MADISON AVENUE,111,01620,00023,40.79805,-73.94524,Manhattan
1080643,70 EAST  115 STREET,111,01620,00023,40.79805,-73.94524,Manhattan
1080669,2029 2 AVENUE,111,01654,00011,40.78981,-73.94395,Manhattan
1080673,40 WEST   23 STREET,105,00824,00028,40.74175,-73.99126,Manhattan
1080788,470 PARK AVENUE SOUTH,105,00861,00044,40.7456,-73.98285,MANHATTAN
1080824,1133 6 AVENUE,105,00996,00029,40.75606,-73.98386,Manhattan
1080830,230 WEST   41 STREET,105,01012,00015,40.75554,-73.98892,MANHATTAN
1080911,340 WEST   53 STREET,104,01043,00149,40.76463,-73.98641,Manhattan
1080982,604 WEST   46 STREET,104,01093,00021,40.76336,-73.99746,MANHATTAN
1080984,605 REAR WEST   45 STREET,104,01093,00028,40.76315,-73.99728,MANHATTAN
1080985,629 WEST   46 STREET,104,01094,00017,40.76442,-73.99769,Manhattan
1080986,624 WEST   47 STREET,104,01094,00017,40.76442,-73.99769,Manhattan
1080987,628 WEST   47 STREET,104,01094,00017,40.76442,-73.99769,Manhattan
1081016,47 WEST   66 STREET,107,01119,00021,40.77307,-73.97956,MANHATTAN
1081017,420 5 AVENUE,105,00839,07501,40.75081,-73.98334,MANHATTAN
1081113,2140 MADISON AVENUE,111,01757,00001,40.81132,-73.93757,Manhattan
1081117,2101 MADISON AVENUE,111,01757,00020,40.81077,-73.93604,Manhattan
1081119,1980 PARK AVENUE,111,01757,00020,40.81077,-73.93604,MANHATTAN
1081121,2155 MADISON AVENUE,111,01757,00020,40.81077,-73.93604,Manhattan
1081146,300 PARK AVENUE,105,01285,00036,40.75705,-73.97471,MANHATTAN
1081154,3 EAST   54 STREET,105,01290,00006,40.76088,-73.9744,Manhattan
1081298,825 COLUMBUS AVENUE,107,01836,00001,40.79638,-73.96403,MANHATTAN
1081299,845 COLUMBUS AVENUE,107,01836,00001,40.79638,-73.96403,MANHATTAN
1081300,865 COLUMBUS AVENUE,107,01836,00001,40.79638,-73.96403,MANHATTAN
1081301,875 COLUMBUS AVENUE,107,01836,00001,40.79638,-73.96403,MANHATTAN
1081456,35 WEST 134TH STREET,110,01730,00055,40.81283,-73.93932,MANHATTAN
1081512,252 WEST  131 STREET,110,01933,00050,40.8128,-73.94746,Manhattan
1081514,230 WEST  131 STREET,110,01933,00050,40.8128,-73.94746,Manhattan
1081694,530 1 AVENUE,106,00962,07501,40.74355,-73.97342,MANHATTAN
1081864,613 WEST  155 STREET,112,02134,00008,40.83352,-73.94651,MANHATTAN
1082031,86 WEST BROADWAY,101,00137,00001,40.71523,-74.00974,MANHATTAN
1082034,80 WEST BROADWAY,101,00137,00001,40.71523,-74.00974,MANHATTAN
1082090,2987 FREDERICK DOUGLASS BOULEVARD,110,02106,00050,40.83146,-73.93629,Manhattan
1082100,129 EAST   28 STREET,105,00884,00017,40.74284,-73.98264,Manhattan
1082174,506 EAST   75 STREET,108,01486,00005,40.76789,-73.95115,Manhattan
1082192,188 EAST   78 STREET,108,01412,07502,40.77346,-73.95829,MANHATTAN
1082312,1445 MADISON AVENUE,111,01605,00024,40.78979,-73.9513,Manhattan
1082314,60 EAST  102 STREET,111,01605,00024,40.78979,-73.9513,Manhattan
1082493,315 WEST   57 STREET,104,01048,00020,40.76755,-73.98369,MANHATTAN
1082532,200 WEST   26 STREET,104,00775,00044,40.74585,-73.99482,Manhattan
1082601,607 WEST   45 STREET,104,01093,00021,40.76336,-73.99746,MANHATTAN
1082602,612 WEST   46 STREET,104,01093,00021,40.76336,-73.99746,MANHATTAN
1082603,614 WEST   46 STREET,104,01093,00021,40.76336,-73.99746,MANHATTAN
1082660,50 EAST  104 STREET,111,01608,00023,40.79136,-73.95016,Manhattan
1082665,71 COLUMBIA STREET,103,00333,00001,40.71788,-73.98084,Manhattan
1082666,75 COLUMBIA STREET,103,00333,00001,40.71788,-73.98084,Manhattan
1082667,65 COLUMBIA STREET,103,00333,00001,40.71788,-73.98084,Manhattan
1082718,1000 10 AVENUE,104,01068,00001,40.7697,-73.98689,MANHATTAN
1082780,5360 BROADWAY,208,02215,00116,40.87487,-73.90783,MANHATTAN
1082782,5365 BROADWAY,208,02215,00623,40.87695,-73.908,Manhattan
1082803,205 AVENUE C,103,00395,00022,40.72783,-73.97683,MANHATTAN
1082810,77 WEST   66 STREET,107,01119,00008,40.77352,-73.98051,Manhattan
1083026,2 PENN PLAZA,105,00781,00002,40.74998,-73.99213,Manhattan
1083148,508 REAR EAST   11 STREET,103,00404,00006,40.72805,-73.98141,MANHATTAN
1083157,80 NORTH MOORE STREET,101,00142,00025,40.71807,-74.01118,MANHATTAN
1083184,176 EAST 115TH STREET,111,01640,00139,40.79718,-73.94155,MANHATTAN
1083215,506 MAIN STREET,108,01373,00001,40.75775,-73.95473,Manhattan
1083228,235 EAST   95 STREET,108,01541,00021,40.78426,-73.94825,MANHATTAN
1083229,215 EAST   95 STREET,108,01541,00021,40.78426,-73.94825,MANHATTAN
1083230,225 EAST   95 STREET,108,01541,00021,40.78426,-73.94825,MANHATTAN
1083235,40 HARRISON STREET,101,00142,00025,40.71807,-74.01118,MANHATTAN
1083243,310 GREENWICH STREET,101,00142,00025,40.71807,-74.01118,MANHATTAN
1083346,55 WATER STREET,101,00032,07501,40.70318,-74.00916,Manhattan
1083425,156 RIVINGTON STREET,103,00349,00033,40.71938,-73.98534,MANHATTAN
1083573,418 WEST   21 STREET,104,00718,00001,40.74551,-74.00375,MANHATTAN
1083624,520 8 AVENUE,105,00786,00001,40.75357,-73.99188,MANHATTAN
1083630,1260 BROADWAY,105,00834,00011,40.74844,-73.98773,MANHATTAN
1083638,31 WEST   34 STREET,105,00836,00010,40.74973,-73.9865,MANHATTAN
1083671,504 WEST 140 STREET,109,02071,00038,40.82213,-73.95065,MANHATTAN
1083686,420 EAST   23 STREET,106,00978,00001,40.73487,-73.97698,Manhattan
1083688,441 EAST   20 STREET,106,00978,00001,40.73487,-73.97698,MANHATTAN
1083689,511 EAST   20 STREET,106,00978,00001,40.73487,-73.97698,MANHATTAN
1083690,440 EAST   23 STREET,106,00978,00001,40.73487,-73.97698,MANHATTAN
1083692,510 EAST   23 STREET,106,00978,00001,40.73487,-73.97698,MANHATTAN
1083693,4 PETER COOPER ROAD,106,00978,00001,40.73487,-73.97698,Manhattan
1083695,530 EAST   23 STREET,106,00978,00001,40.73487,-73.97698,Manhattan
1083698,7 PETER COOPER ROAD,106,00978,00001,40.73487,-73.97698,Manhattan
1083717,1185 AVENUE OF THE AMERICAS,105,00999,00029,40.7579,-73.98252,Manhattan
1083718,701 7 AVENUE,105,01000,00001,40.75923,-73.9841,MANHATTAN
1083719,1345 6 AVENUE,105,01007,00029,40.76307,-73.97926,Manhattan
1083722,859 7 AVENUE,105,01008,00001,40.76426,-73.9804,Manhattan
1083723,867 7 AVENUE,105,01008,00001,40.76426,-73.9804,MANHATTAN
1083724,147 WEST   55 STREET,105,01008,00001,40.76426,-73.9804,Manhattan
1083734,340 WEST   57 STREET,104,01047,07501,40.76717,-73.98508,MANHATTAN
1083800,747 10 AVENUE,104,01079,00029,40.76548,-73.99271,Manhattan
1083809,106-51 EAST DRIVE,164,01111,00001,40.78249,-73.96555,Manhattan
1083810,1000 5 AVENUE,164,01111,00001,40.78249,-73.96555,Manhattan
1083820,60 WEST  104 STREET,107,01836,00001,40.79638,-73.96403,Manhattan
1083870,1061 2 AVENUE,106,01329,00028,40.75863,-73.96619,Manhattan
1083988,15 WEST  139 STREET,110,01737,00025,40.81629,-73.93618,MANHATTAN
1083989,30 WEST  141 STREET,110,01737,00025,40.81629,-73.93618,MANHATTAN
1084005,508 EAST  120 STREET,111,01816,00001,40.79686,-73.93049,MANHATTAN
1084124,3250 BROADWAY,109,01984,00001,40.8168,-73.95544,Manhattan
1084125,545 WEST  126 STREET,109,01984,00001,40.8168,-73.95544,Manhattan
1084127,1420 AMSTERDAM AVENUE,109,01984,00001,40.8168,-73.95544,Manhattan
1084128,1430 AMSTERDAM AVENUE,109,01984,00001,40.8168,-73.95544,Manhattan
1084129,1470 AMSTERDAM AVENUE,109,01984,00001,40.8168,-73.95544,Manhattan
1084130,95 OLD BROADWAY,109,01984,00001,40.8168,-73.95544,Manhattan
1084132,500 WEST  138 STREET,109,01988,00166,40.82092,-73.95306,MANHATTAN
1084386,630 WEST  168 STREET,112,02138,00040,40.84069,-73.94164,MANHATTAN
1084387,627 WEST  165 STREET,112,02138,00040,40.84069,-73.94164,MANHATTAN
1084397,20 BATTERY PLACE,101,00016,00003,40.71376,-74.01646,Manhattan
1084520,2979 FREDERICK DOUGLAS BOULEVARD,110,02106,00003,40.83099,-73.93783,MANHATTAN
1084521,2991 FREDERICK DOUGLAS BOULEVARD,110,02106,00003,40.83099,-73.93783,MANHATTAN
1084564,111 WEST   67 STREET,107,01139,07503,40.7748,-73.98148,MANHATTAN
1084667,745 7 AVENUE,105,01002,00001,40.76052,-73.98284,Manhattan
1084695,536 MAIN STREET,108,01373,00030,40.76091,-73.95029,Manhattan
1084702,560 MAIN STREET,108,01373,00030,40.76091,-73.95029,Manhattan
1084709,400 2 AVENUE,106,00929,00001,40.73775,-73.97955,MANHATTAN
1084780,541 EAST   68 STREET,108,01480,00001,40.76445,-73.95414,Manhattan
1084845,1120 AMSTERDAM AVENUE,109,01886,00001,40.80672,-73.96294,MANHATTAN
1085485,189 WEST   89 STREET,107,01220,00001,40.78982,-73.97301,Manhattan
1085671,450 LEXINGTON AVENUE,105,01280,00090,40.75326,-73.97546,Manhattan
1085695,562 FIRST AVENUE,106,00962,07501,40.74355,-73.97342,Manhattan
1085735,200 PARK AVENUE,105,01280,09010,40.75416,-73.97655,MANHATTAN
1085786,95 WORTH STREET,101,00170,00001,40.71637,-74.00407,MANHATTAN
1085789,2 WEST STREET,101,00016,07513,40.70557,-74.01752,MANHATTAN
1085794,240 EAST   10 STREET,103,00451,07502,40.7289,-73.98529,MANHATTAN
1085804,160 RIVERSIDE BOULEVARD,107,01171,00132,40.77757,-73.98827,Manhattan
1085805,180 RIVERSIDE BOULEVARD,107,01171,00129,40.7784,-73.9879,MANHATTAN
1085929,212 WARREN STREET,101,00016,07521,40.71727,-74.01583,Manhattan
1086089,85 COLUMBIA STREET,103,00333,00001,40.71788,-73.98084,Manhattan
1086124,385 1 AVENUE,106,00928,07505,40.73678,-73.97903,MANHATTAN
1086131,340 EAST   29 STREET,106,00934,00020,40.74055,-73.97667,MANHATTAN
1086172,1623 THIRD AVENUE,108,01537,07501,40.78201,-73.95067,MANHATTAN
1086174,20 RIVER TERRACE,101,00016,00180,40.71658,-74.01614,MANHATTAN
1086193,1930 BROADWAY,107,01117,00001,40.77243,-73.9817,MANHATTAN
1086419,140 CARDER ROAD,101,00001,00010,40.68876,-74.01871,MANHATTAN
1086429,114 ANDES ROAD,101,00001,00112,40.69293,-74.01835,Manhattan
1086441,34 EAST   61 STREET,108,01375,00147,40.76441,-73.97006,Manhattan
1086501,577 1 AVENUE,106,00939,00028,40.74347,-73.97421,MANHATTAN
1086515,462 1 AVENUE,106,00962,00100,40.73875,-73.97534,MANHATTAN
1087072,240 RIVERSIDE BOULEVARD,107,01171,07503,40.7803,-73.98693,Manhattan
1087074,1009 FIFTH AVENUE,108,01493,00069,40.77872,-73.96208,Manhattan
1087100,50 MADISON AVENUE,105,00856,07501,40.74302,-73.98663,Manhattan
1087103,205 EAST   59 STREET,108,01414,07502,40.76163,-73.96612,Manhattan
1087146,2 GOLD STREET,101,00069,00018,40.70741,-74.00694,Manhattan
1087148,333 WEST   56 STREET,104,01047,07501,40.76717,-73.98508,MANHATTAN
1087167,233 BROADWAY,101,00123,07501,40.71246,-74.00833,MANHATTAN
1087220,401 2 AVENUE,106,00904,09024,40.73799,-73.98084,MANHATTAN
1087260,121 WEST   19 STREET,104,00795,07501,40.74111,-73.99562,Manhattan
1087280,140 JANE STREET,102,00641,00005,40.73799,-74.00933,Manhattan
1087292,425 MAIN STREET,108,01373,07502,40.75864,-73.95309,Manhattan
1087510,1880 BROADWAY,107,01114,07503,40.76986,-73.98139,Manhattan
1087511,27 WEST   72 STREET,107,01125,07502,40.77726,-73.97737,MANHATTAN
1087518,2 RIVER TERRACE,101,00016,07516,40.71611,-74.01627,Manhattan
1087651,10 WEST END AVENUE,107,01151,07502,40.7718,-73.98991,Manhattan
1087709,54 ST MARKS PLACE,103,00449,00017,40.72797,-73.98679,MANHATTAN
1087725,240 PARK AVENUE SOUTH,105,00848,07505,40.73802,-73.98835,Manhattan
1087767,743 6 AVENUE,104,00800,07504,40.74401,-73.9924,Manhattan
1087768,1485 5 AVENUE,111,01746,07501,40.80276,-73.94445,MANHATTAN
1087778,300 EAST   79 STREET,108,01453,07501,40.77301,-73.95493,Manhattan
1087822,1844 2 AVENUE,108,01558,00003,40.78366,-73.94711,MANHATTAN
1087832,201 PEARL STREET,101,00069,00006,40.70708,-74.00675,Manhattan
1087839,15 CENTRAL PARK WEST,107,01114,07503,40.76986,-73.98139,MANHATTAN
1087943,106 WEST  116 STREET,110,01825,07501,40.80205,-73.95049,MANHATTAN
1087955,188 LUDLOW STREET,103,00412,00053,40.72189,-73.98698,MANHATTAN
1087958,229 WEST   60 STREET,107,01152,00013,40.77204,-73.9884,MANHATTAN
1088093,305 EAST   85 STREET,108,01548,07502,40.77727,-73.95174,MANHATTAN
1088117,222 EAST   34 STREET,106,00914,00036,40.74494,-73.977,Manhattan
1088177,345 EAST   17 STREET,106,00923,00026,40.73373,-73.98174,Manhattan
1088178,28 WEST   37 STREET,105,00838,00066,40.75078,-73.98479,Manhattan
1088215,140 WEST   65 STREET,107,01134,00001,40.77272,-73.98386,Manhattan
1088234,1 CENTRAL ROAD,111,01819,00010,40.78559,-73.92949,Manhattan
1088394,120 CENTRE STREET,101,00167,00001,40.71636,-74.0006,MANHATTAN
1088432,808 COLUMBUS AVENUE,107,01852,07501,40.79471,-73.96675,Manhattan
1088440,61 AMSTERDAM AVENUE,107,01134,00010,40.77221,-73.98499,Manhattan
1088523,311 WEST   39 STREET,104,00763,00028,40.75584,-73.9918,MANHATTAN
1088542,420 PARK AVENUE SOUTH,105,00858,00045,40.74392,-73.98415,MANHATTAN
1088577,230 WEST   78 STREET,107,01169,07502,40.78274,-73.98006,Manhattan
1088632,45 BROAD STREET,101,00025,00007,40.70554,-74.01097,MANHATTAN
1088674,7 WARDS ISLAND,111,01819,00015,40.78745,-73.92191,MANHATTAN
1088724,505 WEST   37 STREET,104,00709,00031,40.75706,-73.99817,MANHATTAN
1088750,40 RECTOR STREET,101,00055,07501,40.70863,-74.01466,Manhattan
1088760,229 WEST   43 STREET,105,01015,07501,40.75751,-73.9875,Manhattan
1088864,130 WEST   12 STREET,102,00607,07502,40.73626,-73.99895,Manhattan
1088869,1 WEST END AVENUE,107,01171,07511,40.7722,-73.99091,Manhattan
1088870,21 WEST END AVENUE,107,01171,00164,40.77234,-73.98994,Manhattan
1088910,11 MADISON AVENUE,105,00854,07501,40.74151,-73.98649,Manhattan
1088961,30 HUDSON YARDS,104,00702,07501,40.75353,-74.0009,Manhattan
1088967,99 WASHINGTON STREET,101,00053,00002,40.70827,-74.01412,Manhattan
1089033,300 EAST   74 STREET,108,01448,00003,40.76961,-73.95721,MANHATTAN
1089057,308 EAST 106 STREET,111,01677,00046,40.79011,-73.94194,MANHATTAN
1089341,580 MAIN STREET,108,01373,00030,40.76091,-73.95029,Manhattan
1089376,20 WEST   53 STREET,105,01268,07503,40.76081,-73.97736,MANHATTAN
1089413,540 FDR DRIVE,103,00316,00200,40.71914,-73.97341,Manhattan
1089422,233 MOTT STREET,102,00494,00023,40.72271,-73.99532,MANHATTAN
1089434,524 EAST 74TH STREET,108,01485,00115,40.76724,-73.95156,MANHATTAN
1089447,160 WEST   62 STREET,107,01132,00035,40.77196,-73.98606,MANHATTAN
1089492,610 WEST   46 STREET,104,01093,00021,40.76336,-73.99746,MANHATTAN
1089658,247 EAST 117TH STREET,111,01667,00120,40.79802,-73.93758,MANHATTAN
1089677,35 WEST   15 STREET,105,00817,07503,40.73756,-73.9946,MANHATTAN
1089682,3 HUBERT STREET,101,00214,07503,40.72104,-74.00899,MANHATTAN
1089690,400 WEST   42 STREET,104,01051,00035,40.75827,-73.99319,MANHATTAN
1089691,400 11TH AVENUE,104,00706,00001,40.75592,-74.0012,MANHATTAN
1089694,401 WEST   31 STREET,104,00729,00051,40.75209,-73.99796,MANHATTAN
1089701,172 MADISON AVENUE,105,00863,07502,40.74741,-73.98363,MANHATTAN
1089706,478 WEST  130 STREET,109,01969,00007,40.81521,-73.9539,Manhattan
1089712,510 FDR DRIVE,103,00316,00200,40.71914,-73.97341,Manhattan
1089796,135 WEST   45 STREET,105,00998,00015,40.75757,-73.98404,MANHATTAN
1089805,401 SOUTH END AVENUE,101,00016,00003,40.71376,-74.01646,Manhattan
1089807,76 11 AVENUE,104,00689,07501,40.7447,-74.00742,MANHATTAN
1089853,1399 PARK AVENUE,111,01631,07502,40.79127,-73.94867,Manhattan
1089862,500 WEST   30 STREET,104,00701,07502,40.75198,-74.0017,MANHATTAN
1089898,1809 LEXINGTON AVENUE,111,01640,00021,40.79639,-73.94225,Manhattan
1089969,50 WEST   30 STREET,105,00831,07502,40.74699,-73.98938,Manhattan
1090105,1110 PARK AVENUE,108,01501,07502,40.78263,-73.95586,Manhattan
1090328,60 EAST   86 STREET,108,01497,07502,40.78039,-73.95842,Manhattan
1090331,326 WEST   37 STREET,104,00760,00058,40.75449,-73.9936,MANHATTAN
1090374,60 WEST   37 STREET,105,00838,00010,40.75113,-73.98594,Manhattan
1090388,78 BARUCH DRIVE,103,00323,00001,40.71743,-73.97781,MANHATTAN
1090459,251 WEST   34 STREET,105,00784,00012,40.75206,-73.99243,MANHATTAN
1090489,7 WEST 29TH STREET,105,00831,00030,40.74581,-73.98746,MANHATTAN
1090574,424 EAST   34 STREET,106,00962,07501,40.74355,-73.97342,MANHATTAN
1090576,189 BOWERY,103,00425,00004,40.7206,-73.9935,MANHATTAN
1090627,100 WEST   37 STREET,105,00812,00045,40.75162,-73.98684,Manhattan
1090695,10 WEST   17 STREET,105,00818,00056,40.73807,-73.99314,Manhattan
1090713,530 EAST   74 STREET,108,01485,00015,40.76702,-73.95104,Manhattan
1090861,100 FAIRVIEW AVE,112,02170,00062,40.85644,-73.9324,MANHATTAN
1090940,14 WHITE STREET,101,00191,00008,40.71931,-74.00542,Manhattan
1091027,218 WEST  103 STREET,107,01874,07502,40.79875,-73.96828,MANHATTAN
1091053,478REAR 1 AVENUE,106,00962,00100,40.73875,-73.97534,Manhattan
1091055,296 9 AVENUE,104,00751,00076,40.74927,-73.99882,Manhattan
1091084,211 WEST   84 STREET,107,01232,07503,40.78696,-73.97682,Manhattan
1091090,250 WEST   49 STREET,105,01020,00059,40.76125,-73.98617,Manhattan
1091572,83 NASSAU STREET,101,00079,00003,40.71007,-74.00822,MANHATTAN
1091577,540 WEST 21ST STREET,104,00692,00053,40.7471,-74.00733,MANHATTAN
1091601,27 CENTRAL ROAD,111,01819,00203,40.79552,-73.92207,MANHATTAN
1091605,501 WEST   18 STREET,104,00690,00029,40.74515,-74.00679,Manhattan
1091610,136 WEST  137 STREET,110,01921,00049,40.81583,-73.94151,Manhattan
1091613,142 WEST 129TH STREET,110,01913,00052,40.81084,-73.94547,MANHATTAN
1091616,109 WEST 126TH STREET,110,01911,00026,40.80891,-73.94552,MANHATTAN
1091621,575 WEST 25 STREET,104,00697,00001,40.74986,-74.00529,MANHATTAN
1091645,1975 MADISON AVENUE,111,01751,00020,40.80642,-73.93962,MANHATTAN
1091673,18 WEST  116 STREET,110,01599,00044,40.80081,-73.94753,Manhattan
1091677,58 WEST 39TH STREET,105,00840,00081,40.75246,-73.98494,MANHATTAN
1091692,407 WEST  206 STREET,112,02203,07502,40.86371,-73.91824,Manhattan
1091704,162 EAST 36 STREET,106,00891,00044,40.74694,-73.97763,MANHATTAN
1091708,265 SOUTH STREET,103,00247,00002,40.71048,-73.98881,Manhattan
1091710,689 LENOX AVENUE,110,02013,00029,40.82061,-73.93748,Manhattan
1091723,91 EAST  111 STREET,111,01617,00034,40.79647,-73.9458,Manhattan
1091726,303 EAST  102 STREET,111,01674,00104,40.78804,-73.94376,Manhattan
1091736,514 WEST   36 STREET,104,00707,00020,40.75594,-73.99929,Manhattan
1091740,185 EAST  109 STREET,111,01637,00033,40.7938,-73.94344,Manhattan
1091743,101 EAST  122 STREET,111,01771,00001,40.8031,-73.93999,Manhattan
1091745,80 CLARKSON STREET,102,00596,00030,40.72942,-74.00996,Manhattan
1091748,4 EAST  119 STREET,111,01745,00168,40.80228,-73.94467,MANHATTAN
1091749,40 EAST   80 STREET,108,01491,00048,40.77669,-73.96141,Manhattan
1091758,800 DIVISION ROAD,101,00001,00010,40.68876,-74.01871,MANHATTAN
1091764,2941 8 AVENUE,110,02106,00003,40.83099,-73.93783,MANHATTAN
1091768,509 WEST   48 STREET,104,01077,00029,40.76406,-73.99319,Manhattan
1091776,255 EAST   77 STREET,108,01432,07502,40.77237,-73.95618,Manhattan
1091777,740 EIGHTH AVENUE,105,01017,00001,40.75928,-73.98769,MANHATTAN
1091779,364 WEST   54 STREET,104,01044,00015,40.76558,-73.9869,MANHATTAN
1091782,130 LAFAYETTE STREET,102,00209,00021,40.71894,-74.00042,Manhattan
1091786,489 9 AVENUE,104,00735,00025,40.75557,-73.99515,MANHATTAN
1091787,501 9 AVENUE,104,00735,00035,40.75587,-73.99492,MANHATTAN
1091788,255 EAST   39 STREET,106,00920,00028,40.74825,-73.97435,Manhattan
1091792,288 EAST   88 STREET,108,01533,00028,40.77914,-73.95119,Manhattan
1091796,145 BROOME STREET,103,00341,00062,40.71623,-73.98504,MANHATTAN
1091797,88 EAST    2 STREET,103,00444,00040,40.72416,-73.98817,Manhattan
1091798,1448 3 AVENUE,108,01511,00031,40.77657,-73.95604,MANHATTAN
1091801,439 WEST   36 STREET,104,00734,00010,40.75567,-73.99717,Manhattan
1091809,140 LEXINGTON AVENUE,105,00885,00019,40.74348,-73.98221,Manhattan
1091812,125 CHRYSTIE STREET,103,00424,00035,40.71932,-73.9935,Manhattan
1091813,252 EAST   72 STREET,108,01426,00025,40.76867,-73.95879,Manhattan
1091814,259 EAST   71 STREET,108,01426,00120,40.7685,-73.95917,MANHATTAN
1091815,4660 BROADWAY,112,02175,00001,40.86277,-73.92939,Manhattan
1091816,1578 LEXINGTON AVENUE,111,01628,00057,40.78904,-73.94917,Manhattan
1091817,126 East 57 ST,105,01311,00013,40.7606,-73.96977,MANHATTAN
1091821,546 FDR DRIVE,103,00316,00200,40.71914,-73.97341,Manhattan
1091824,201 EAST 23 STREET,106,00904,00001,40.7387,-73.9828,Manhattan
1091830,171 EAST   86 STREET,108,01515,00033,40.77913,-73.95416,MANHATTAN
1091835,500 EAST 81 STREET,108,01577,00049,40.77246,-73.94923,Manhattan
1091840,11 WADSWORTH TERRACE,112,02170,00383,40.85491,-73.93249,MANHATTAN
1091842,615 WEST 46 STREET,104,01094,00023,40.76389,-73.99711,Manhattan
1091844,1710 BROADWAY,105,01026,00021,40.76417,-73.98209,Manhattan
1091845,211REAR EAST   83 STREET,108,01529,00007,40.77677,-73.95458,MANHATTAN
1091850,52 WEST  116 STREET,110,01599,00009,40.80127,-73.94898,Manhattan
1091854,900 GRESHAM ROAD,101,00001,00010,40.68876,-74.01871,Manhattan
1091865,39 WEST 128TH,110,01726,00017,40.80919,-73.94229,MANHATTAN
1091866,200 WEST 88 STREET,107,01235,00036,40.78892,-73.97452,MANHATTAN
1091874,355 EAST 86 STREET 24,108,01549,00020,40.77726,-73.94964,MANHATTAN
1091876,401 EAST   51 STREET,106,01363,00001,40.75455,-73.96523,Manhattan
1091878,309 AVENUE OF THE AMERICAS,102,00589,00040,40.73093,-74.00202,Manhattan
1091879,467 WEST  165 STREET,112,02111,00053,40.83776,-73.93748,Manhattan
1091882,497 HUDSON STREET,102,00605,00028,40.73285,-74.00675,Manhattan
1091883,635 WEST 165 STREET,112,02138,00040,40.84069,-73.94164,Manhattan
1091884,23 EAST   36 STREET,105,00866,00016,40.74927,-73.98221,MANHATTAN
1091892,125 WHITE STREET,101,00167,00001,40.71636,-74.0006,Manhattan
1091896,280 EIGHTH AVENUE,104,00774,00001,40.74598,-73.99754,MANHATTAN
1091898,251 EAST  121 STREET,111,01786,00022,40.80039,-73.93561,Manhattan
1091905,111 WASHINGTON STREET,101,00053,00012,40.70879,-74.01392,MANHATTAN
1091906,622 11 AVENUE,104,01074,00063,40.76298,-73.99639,Manhattan
1091915,490 FDR DRIVE,103,00262,00025,40.71135,-73.97801,MANHATTAN
1091923,122 EAST   11 STREET,103,00556,00020,40.73139,-73.98912,Manhattan
1091924,50 3 AVENUE,103,00556,00027,40.73103,-73.98923,Manhattan
1091929,242 EAST   71 STREET,108,01425,00128,40.76806,-73.95931,Manhattan
1091931,16 CONVENT AVENUE,109,01967,00078,40.81339,-73.95344,Manhattan
1091932,500 WEST  218 STREET,112,02243,00273,40.87113,-73.91459,MANHATTAN
1091941,343 MADISON AVENUE,105,01279,00023,40.7543,-73.9778,Manhattan
1091942,215 WEST   76 STREET,107,01168,00021,40.78171,-73.98067,Manhattan
1091943,1484 1 AVENUE,108,01472,00003,40.77112,-73.95319,Manhattan
1091945,1345 3 AVENUE,108,01431,00046,40.77254,-73.95818,Manhattan
1091948,227 WEST 19 STREET,104,00769,00022,40.74234,-73.9985,Manhattan
1800003,1100 1 AVENUE,108,01455,00046,40.76044,-73.96136,Manhattan
1802897,157 EAST  108 STREET,111,01636,00025,40.79341,-73.9444,MANHATTAN
1803087,338 EAST  117 STREET,111,01688,00034,40.79677,-73.93572,Manhattan
1803104,105 EAST  118 STREET,111,01767,00001,40.80078,-73.94163,Manhattan
1803136,507 EAST  118 STREET,111,01815,00006,40.79632,-73.93151,Manhattan
1804241,1600 LEXINGTON AVENUE,111,01629,00016,40.78947,-73.94861,Manhattan
1812225,250 WATER STREET,101,00098,00001,40.70821,-74.00268,Manhattan
1812323,556 WEST  186 STREET,112,02157,00045,40.85188,-73.93093,Manhattan
1813295,7 TERRACE VIEW AVENUE,208,02215,00173,40.87808,-73.91055,MANHATTAN
1814256,163 WEST  122 STREET,110,01907,00005,40.807,-73.94905,Manhattan
2000133,560 BROOK AVENUE,201,02276,00001,40.81553,-73.91369,BRONX
2000136,114 BRUCKNER BOULEVARD,201,02277,00005,40.80435,-73.92233,Bronx
2000205,165 BROWN PLACE,201,02280,00040,40.80643,-73.92159,BRONX
2000491,414 WILLIS AVENUE,201,02289,00002,40.81295,-73.91975,BRONX
2000534,428 EAST 149 STREET,201,02293,00042,40.81523,-73.91648,BRONX
2000726,289 EAST  139 STREET,201,02314,00084,40.81125,-73.92531,BRONX
2001002,338 GRAND CONCOURSE,201,02341,00034,40.81491,-73.92845,Bronx
2001003,344 GRAND CONCOURSE,201,02341,00037,40.81506,-73.9284,Bronx
2001005,350 GRAND CONCOURSE,201,02341,00042,40.81564,-73.92817,Bronx
2001257,1040 WASHINGTON AVENUE,203,02370,00001,40.82701,-73.90897,Bronx
2001464,409 EAST  158 STREET,201,02380,00035,40.82235,-73.91429,Bronx
2001537,975 WASHINGTON AVENUE,203,02385,00038,40.82574,-73.91029,Bronx
2001610,1169 WASHINGTON AVENUE,203,02389,00047,40.8303,-73.90784,Bronx
2001922,882 MORRIS AVENUE,204,02421,00006,40.82587,-73.91795,Bronx
2001970,317 EAST  162 STREET,204,02422,00040,40.82618,-73.91607,BRONX
2002002,294 EAST  164 STREET,204,02423,00033,40.82781,-73.91607,Bronx
2002059,1060 CLAY AVENUE,204,02425,00012,40.82896,-73.91225,Bronx
2002072,1139 WEBSTER AVE,204,02426,00021,40.83038,-73.91109,BRONX
2002295,1175 FINDLAY AVENUE,204,02435,00025,40.83231,-73.91293,Bronx
2002459,558 GRAND CONCOURSE,204,02443,00400,40.81891,-73.92657,Bronx
2002673,1175 GRANT AVENUE,204,02452,00071,40.83286,-73.91573,BRONX
2002732,1052 SHERIDAN AVENUE,204,02456,00034,40.83066,-73.91844,BRONX
2002823,1020 GRAND CONCOURSE,204,02461,00094,40.83015,-73.92014,BRONX
2002869,851 GRAND CONCOURSE,204,02468,00001,40.82629,-73.9238,Bronx
2002870,1000 WALTON AVENUE,204,02471,00001,40.83031,-73.92185,Bronx
2002878,1001 GRAND CONCOURSE,204,02471,00050,40.82999,-73.92152,BRONX
2002954,85 MC CLELLAN STREET,204,02479,00001,40.83395,-73.92084,BRONX
2003127,1004 WOODYCREST AVENUE,204,02508,00003,40.83261,-73.92768,Bronx
2003128,1008 WOODYCREST AVENUE,204,02508,00005,40.83272,-73.9276,Bronx
2003195,975 WOODYCREST AVENUE,204,02511,00100,40.83221,-73.92869,Bronx
2003423,1021 SUMMIT AVENUE,204,02523,00149,40.8339,-73.93008,BRONX
2003446,911 OGDEN AVENUE,204,02524,00026,40.83098,-73.93085,Bronx
2003460,1036 SUMMIT AVENUE,204,02525,00016,40.83409,-73.92942,BRONX
2003543,1387 UNIVERSITY AVENUE,204,02533,00029,40.84261,-73.92644,Bronx
2003556,1380 UNIVERSITY AVENUE,204,02534,00008,40.84253,-73.9253,BRONX
2003566,1415 OGDEN AVENUE,204,02536,00029,40.84303,-73.9241,Bronx
2003692,450 ST ANN'S AVE,201,02557,00001,40.8115,-73.91227,BRONX
2003874,781 EAST  142 STREET,201,02575,00034,40.80763,-73.90891,Bronx
2004136,581 AUSTIN PLACE,202,02603,00083,40.81149,-73.90154,BRONX
2004278,1200 FRANKLIN AVENUE,203,02614,00015,40.82967,-73.90366,BRONX
2004279,1204 FRANKLIN AVENUE,203,02614,00017,40.8298,-73.90365,Bronx
2004320,654 ST ANNS AVENUE,201,02617,00013,40.81697,-73.91131,BRONX
2004469,916 EAGLE AVENUE,203,02627,00009,40.82321,-73.90754,BRONX
2004498,968 CAULDWELL AVENUE,203,02632,00027,40.82472,-73.90573,BRONX
2004773,628 TINTON AVENUE,201,02664,00029,40.81425,-73.90524,BRONX
2004823,795 EAST 161ST STREET,203,02668,00056,40.82113,-73.90311,BRONX
2004869,1180 TINTON AVENUE,203,02672,00001,40.8284,-73.90012,BRONX
2004871,1204 TINTON AVENUE,203,02673,00002,40.82924,-73.90009,Bronx
2004872,1206 TINTON AVENUE,203,02673,00003,40.8293,-73.90006,Bronx
2004909,597 PROSPECT AVENUE,201,02674,00041,40.81381,-73.90428,Bronx
2004916,1002 EAST  151 STREET,201,02674,00084,40.81419,-73.90453,BRONX
2005089,660 FOX STREET,202,02683,00065,40.81374,-73.90015,Bronx
2005093,664 BECK STREET,202,02684,00054,40.81443,-73.90146,BRONX
2005133,681 KELLY STREET,202,02686,00020,40.81609,-73.90166,BRONX
2005277,868 HOME STREET,202,02692,00033,40.82785,-73.89668,Bronx
2005506,1133 TIFFANY STREET,202,02706,00082,40.82661,-73.89548,BRONX
2005507,893 EAST  167 STREET,202,02706,00082,40.82661,-73.89548,BRONX
2005691,1111 FOX STREET,202,02718,00048,40.82705,-73.89421,Bronx
2005926,1125 LONGWOOD AVENUE,202,02737,00076,40.81479,-73.8932,Bronx
2006079,984 FAILE STREET,202,02747,00001,40.82233,-73.88897,Bronx
2006322,1106 GARRISON AVENUE,202,02761,00018,40.81949,-73.8891,Bronx
2006366,910 FAILE STREET,202,02761,00081,40.82014,-73.88767,Bronx
2006566,730 BRYANT AVENUE,202,02763,00279,40.81571,-73.88531,BRONX
2006861,510 HUNTS POINT AVENUE,202,02769,00167,40.81148,-73.8822,Bronx
2006879,1250 OAK POINT AVENUE,202,02771,00203,40.80973,-73.88754,BRONX
2006919,432 BRYANT AVENUE,202,02772,00163,40.80997,-73.88405,BRONX
2007043,1328 FINDLAY AVENUE,204,02782,00018,40.83574,-73.91029,Bronx
2007206,1329 FINDLAY AVENUE,204,02783,00065,40.8359,-73.91082,Bronx
2007216,321 EAST  169 STREET,204,02783,00080,40.83519,-73.91142,Bronx
2007337,1659 TOPPING AVENUE,204,02791,00020,40.84324,-73.90618,Bronx
2007344,1690 MONROE AVENUE,204,02791,00036,40.84414,-73.90644,Bronx
2007387,1691 WEEKS AVENUE,204,02793,00028,40.84423,-73.90807,Bronx
2007404,1677 EASTBURN AVENUE,204,02794,00061,40.84408,-73.90881,Bronx
2007499,1780 TOPPING AVENUE,205,02799,00024,40.8463,-73.90535,BRONX
2007603,1861 ANTHONY AVENUE,205,02804,00031,40.84838,-73.90381,BRONX
2007610,241 MOUNT HOPE PLACE,205,02804,00047,40.84831,-73.90451,Bronx
2007633,121 MOUNT HOPE PLACE,205,02805,00063,40.84893,-73.90739,Bronx
2008030,35 EAST  169 STREET,204,02839,00032,40.83754,-73.9182,Bronx
2008098,1425 WALTON AVENUE,204,02843,00040,40.8404,-73.91588,BRONX
2008129,1535 WALTON AVENUE,204,02845,00062,40.84269,-73.91404,BRONX
2008205,55 CLIFFORD PLACE,205,02849,00085,40.84628,-73.91184,Bronx
2008222,20 MT HOPE PLACE,205,02851,00018,40.84898,-73.91031,Bronx
2008223,22 MT HOPE PLACE,205,02851,00018,40.84898,-73.91031,Bronx
2008226,1857 WALTON AVENUE,205,02851,00029,40.84853,-73.90987,Bronx
2008239,1881 WALTON AVENUE,205,02852,00027,40.84936,-73.90959,BRONX
2008241,29 MT HOPE PLACE,205,02852,00032,40.84943,-73.90997,Bronx
2008244,23 MOUNT HOPE PLACE,205,02852,00035,40.84947,-73.91014,Bronx
2008290,1376 INWOOD AVENUE,204,02856,00023,40.8401,-73.91899,BRONX
2008291,1378 INWOOD AVENUE,204,02856,00023,40.8401,-73.91899,BRONX
2008386,1959 JEROME AVENUE,205,02862,00090,40.85144,-73.90997,Bronx
2008483,1664 GRAND AVENUE,205,02867,00015,40.84733,-73.91452,BRONX
2008592,1860 HARRISON AVENUE,205,02869,00027,40.85155,-73.9126,Bronx
2008659,1434 JESUP AVENUE,204,02872,00070,40.8418,-73.92001,BRONX
2008694,1513 JESUP AVENUE,204,02872,00222,40.84386,-73.91914,BRONX
2008783,1407 NELSON AVENUE,204,02874,00157,40.84255,-73.92222,Bronx
2008836,1740 UNIVERSITY AVENUE,205,02876,00118,40.84908,-73.9167,Bronx
2008838,1701 MACOMBS ROAD,205,02876,00127,40.84894,-73.91644,Bronx
2008845,1670 NELSON AVENUE,205,02876,00159,40.84734,-73.91765,Bronx
2008923,1704 POPHAM AVENUE,205,02877,00419,40.84988,-73.91996,Bronx
2009099,1805 UNIVERSITY AVENUE,205,02879,00123,40.85101,-73.91537,Bronx
2009171,1520 SEDGWICK AVENUE,205,02880,00017,40.84699,-73.92442,BRONX
2009189,1750 SEDGWICK AVENUE,205,02880,00153,40.85095,-73.9213,BRONX
2009342,1756 ANTHONY AVENUE,205,02890,00015,40.84547,-73.90362,Bronx
2009343,1758 ANTHONY AVENUE,205,02890,00016,40.84554,-73.90361,Bronx
2009369,1806 ANTHONY AVENUE,205,02892,00008,40.84639,-73.90343,BRONX
2009718,580 CROTONA PARK SOUTH,203,02932,00001,40.83509,-73.90064,BRONX
2009881,1723 BOSTON ROAD,203,02940,00053,40.83729,-73.88853,Bronx
2009927,1794 CLINTON AVENUE,206,02948,00029,40.84187,-73.89252,Bronx
2009947,1822 CROTONA AVENUE,206,02949,00002,40.84306,-73.89281,Bronx
2010036,778 ELSMERE PLACE,206,02955,00012,40.8433,-73.88907,Bronx
2010099,1794 MARMION AVENUE,206,02957,00022,40.84021,-73.88949,Bronx
2010123,1827 WATERLOO PLACE,206,02958,00054,40.84049,-73.88776,BRONX
2010261,1458 BOSTON ROAD,203,02964,00038,40.83392,-73.895,Bronx
2010262,1472 BOSTON ROAD,203,02964,00042,40.83404,-73.89465,Bronx
2010731,1422 VYSE AVENUE,203,02994,00010,40.83073,-73.88926,Bronx
2010735,1432 VYSE AVENUE,203,02994,00015,40.83101,-73.8891,Bronx
2010757,1492 VYSE AVENUE,203,02995,00017,40.83281,-73.88802,Bronx
2010877,1554 BRYANT AVENUE,203,03001,00019,40.8343,-73.8861,BRONX
2011054,2400 MARION AVENUE,205,03024,00021,40.85868,-73.89466,BRONX
2011252,445 EAST TREMONT AVENUE,206,03034,00056,40.84742,-73.89887,Bronx
2011411,452 CYRUS PLACE,206,03041,00011,40.85843,-73.89181,Bronx
2011418,430 EAST  188 STREET,206,03041,00037,40.85881,-73.89162,Bronx
2011420,4729 3RD AVENUE,206,03041,00045,40.8595,-73.8914,BRONX
2011437,521 EAST TREMONT AVENUE,206,03043,00077,40.84706,-73.89642,Bronx
2011676,4432 THIRD AVENUE,206,03054,00053,40.8549,-73.89013,Bronx
2011692,2369 LORILLARD PLACE,206,03055,00025,40.85587,-73.89001,Bronx
2011695,2351 LORILLARD PLACE,206,03055,00029,40.85552,-73.89028,Bronx
2011867,2 WADE SQUARE,206,03063,00146,40.85149,-73.89084,Bronx
2011880,2165 ARTHUR AVENUE,206,03063,00146,40.85149,-73.89084,Bronx
2011985,623 EAST  178 STREET,206,03068,00088,40.84686,-73.89207,Bronx
2011995,577 EAST  179 STREET,206,03069,00001,40.84872,-73.89249,BRONX
2012447,2302 HUGHES AVENUE,206,03087,00001,40.85306,-73.88763,BRONX
2012471,2304 BELMONT AVENUE,206,03088,00001,40.85278,-73.8868,BRONX
2012472,2306 BELMONT AVENUE,206,03088,00002,40.85284,-73.88676,BRONX
2012477,2320 BELMONT AVENUE,206,03088,00008,40.85323,-73.88657,Bronx
2012509,2314 CAMBRELENG AVENUE,206,03089,00010,40.85279,-73.88582,BRONX
2012659,710 OAKLAND PLACE,206,03095,00009,40.84698,-73.88917,BRONX
2012677,2075 CLINTON AVENUE,206,03095,00045,40.84734,-73.88833,BRONX
2012692,2104 CROTONA AVENUE,206,03096,00045,40.8482,-73.8884,BRONX
2012693,2106 CROTONA AVENUE,206,03096,00046,40.84829,-73.88833,BRONX
2012695,2112 CROTONA AVENUE,206,03096,00049,40.84844,-73.88821,BRONX
2012864,2312 BEAUMONT AVENUE,206,03103,00009,40.85257,-73.88497,BRONX
2012957,2050 PROSPECT AVENUE,206,03109,00001,40.84613,-73.88672,BRONX
2013027,2311 SOUTHERN BOULEVARD,206,03113,00009,40.85099,-73.88332,Bronx
2013147,870 EAST 180 STREET,206,03123,00051,40.84505,-73.88322,BRONX
2013152,2079 HONEYWELL AVENUE,206,03123,00067,40.84452,-73.88325,Bronx
2013153,2077 HONEYWELL AVENUE,206,03123,00067,40.84452,-73.88325,Bronx
2013154,2075 HONEYWELL AVENUE,206,03123,00067,40.84452,-73.88325,Bronx
2013176,2110 HONEYWELL AVENUE,206,03125,00005,40.84518,-73.88197,BRONX
2013245,1010 EAST  178 STREET,206,03130,00100,40.84079,-73.88029,Bronx
2013297,2075 WEBSTER AVENUE,205,03142,00048,40.85175,-73.89897,BRONX
2013365,2107 TIEBOUT AVENUE,205,03144,00033,40.85318,-73.899,Bronx
2013615,2510 VALENTINE AVENUE,207,03154,00060,40.86269,-73.89515,BRONX
2013663,2055 RYER AVENUE,205,03156,00068,40.85215,-73.90148,Bronx
2013700,2087 RYER AVENUE,205,03156,00165,40.85326,-73.90103,Bronx
2013747,2098 CRESTON AVENUE,205,03161,00009,40.8543,-73.90308,Bronx
2013862,2260 MORRIS AVENUE,205,03171,00011,40.85737,-73.90201,BRONX
2013969,2160 WALTON AVENUE,205,03180,00009,40.85559,-73.90421,Bronx
2014029,2443 MORRIS AVENUE,205,03184,00050,40.86181,-73.9001,BRONX
2014030,2441 MORRIS AVENUE,205,03184,00050,40.86181,-73.9001,BRONX
2014241,2310 GRAND AVENUE,207,03198,00014,40.86042,-73.90454,BRONX
2014289,2366 DAVIDSON AVENUE,207,03198,00141,40.86052,-73.90346,BRONX
2014361,1 WEST FORDHAM ROAD,207,03200,00020,40.86327,-73.90112,Bronx
2014542,2290 AQUEDUCT AVENUE,207,03209,00020,40.85996,-73.90588,BRONX
2014558,58 WEST 184 STREET,207,03209,00044,40.86122,-73.90488,Bronx
2014900,161 WEST  180 STREET,205,03222,00620,40.85719,-73.91314,Bronx
2014929,2272 SEDGWICK AVENUE,207,03225,00068,40.8613,-73.90951,Bronx
2015136,2660 KINGSBRIDGE TERRACE,207,03237,00090,40.86997,-73.9051,Bronx
2015225,3822 SEDGWICK AVENUE,208,03246,00051,40.88211,-73.89558,Bronx
2015230,3862 SEDGWICK AVENUE,208,03246,00069,40.88271,-73.89439,Bronx
2015232,3870 SEDGWICK AVENUE,208,03246,00073,40.88274,-73.89399,Bronx
2015245,2900 GOULDEN AVENUE,207,03247,00220,40.87285,-73.89543,BRONX
2015322,2778 CLAFLIN AVENUE,208,03249,00074,40.8709,-73.90011,Bronx
2015341,2755 UNIVERSITY AVENUE,208,03249,00115,40.87039,-73.89989,Bronx
2015511,2738 KINGSBRIDGE TERRACE,208,03253,00040,40.87192,-73.90311,BRONX
2015520,2758 KINGSBRIDGE TERRACE,208,03253,00086,40.87259,-73.90289,BRONX
2015657,3389 SEDGWICK AVENUE,208,03255,00051,40.88085,-73.89691,BRONX
2015658,3385 SEDGWICK AVENUE,208,03255,00053,40.88073,-73.89693,Bronx
2015709,2731 KINGSBRIDGE TERRACE,208,03256,00115,40.87177,-73.90378,Bronx
2015820,3400 FORT INDEPENDENCE STREET,208,03258,00073,40.88087,-73.8988,Bronx
2016216,171 WEST  239 STREET,208,03271,00150,40.88581,-73.89829,Bronx
2016263,585 EAST FORDHAM ROAD,206,03273,00265,40.85885,-73.8854,Bronx
2016873,262 EAST  197 STREET,207,03295,00030,40.868,-73.88977,BRONX
2017115,2968 VALENTINE AVENUE,207,03303,00008,40.87164,-73.88604,BRONX
2017185,2879 VALENTINE AVENUE,207,03305,00059,40.87013,-73.88945,Bronx
2017188,2873 VALENTINE AVENUE,207,03305,00062,40.87005,-73.88966,Bronx
2017194,216 EAST  201 STREET,207,03306,00022,40.87229,-73.88651,Bronx
2017208,225 BEDFORD PARK BOULEVARD,207,03306,00045,40.87167,-73.8868,BRONX
2017223,257 EAST  201 STREET,207,03307,00042,40.87233,-73.88491,BRONX
2017224,255 EAST  201 STREET,207,03307,00042,40.87233,-73.88491,BRONX
2017244,213 EAST  202 STREET,207,03308,00039,40.87337,-73.88623,Bronx
2017256,280 EAST  203 STREET,207,03308,00063,40.87304,-73.88367,Bronx
2017336,3180 VILLA AVENUE,207,03311,00037,40.87645,-73.88659,BRONX
2017373,176 EAST  206 STREET,207,03312,00015,40.87563,-73.88463,Bronx
2017374,180 EAST  206 STREET,207,03312,00015,40.87563,-73.88463,Bronx
2017400,195 EAST  206 STREET,207,03313,00055,40.87603,-73.88397,Bronx
2017455,2790 CRESTON AVENUE,207,03315,00041,40.87025,-73.89209,BRONX
2017456,2792 CRESTON AVENUE,207,03315,00042,40.8703,-73.89204,Bronx
2017482,2683 CRESTON AVENUE,207,03316,00056,40.86737,-73.89522,Bronx
2017487,2748 JEROME AVENUE,207,03317,00030,40.86891,-73.89588,Bronx
2017506,2809 MORRIS AVENUE,207,03318,00044,40.87024,-73.89389,Bronx
2017507,2805 MORRIS AVENUE,207,03318,00044,40.87024,-73.89389,Bronx
2017573,2745 CRESTON AVENUE,207,03318,00221,40.86951,-73.89348,Bronx
2017583,21 EAST 198 STREET,207,03319,00024,40.87109,-73.89203,Bronx
2017638,3073 VILLA AVENUE,207,03321,00057,40.87387,-73.88839,Bronx
2017648,3166 JEROME AVENUE,207,03322,00018,40.87632,-73.88768,BRONX
2017651,10 VAN CORTLANDT AVENUE EAST,207,03322,00029,40.87688,-73.88708,Bronx
2017710,3509 JEROME AVENUE,207,03324,00142,40.88232,-73.88216,BRONX
2017711,3491 JEROME AVENUE,207,03324,00144,40.88222,-73.88228,BRONX
2018040,269 VAN CORTLANDT AVENUE EAST,207,03336,00008,40.87686,-73.88055,Bronx
2018057,3231 ROCHAMBEAU AVENUE,207,03336,00074,40.87743,-73.88101,Bronx
2018675,3196 WEBSTER AVENUE,207,03357,00061,40.87337,-73.87423,Bronx
2018688,560 EAST  233 STREET,212,03360,00020,40.8866,-73.86631,BRONX
2018988,4350 VAN CORTLANDT PARK EAST,212,03373,00001,40.89924,-73.87267,Bronx
2019018,4208 KEPLER AVENUE,212,03375,00006,40.89699,-73.87028,Bronx
2019997,1944 GILDERSLEEVE AVENUE,209,03445,00046,40.8093,-73.85376,Bronx
2020113,1212 HARDING PARK,209,03453,00018,40.8096,-73.85806,BRONX
2021236,2237 NORTON AVENUE,209,03512,00003,40.81523,-73.84567,BRONX
2021658,595 OLMSTEAD AVENUE,209,03532,00059,40.81765,-73.8512,BRONX
2021924,680 NEWMAN AVENUE,209,03565,00001,40.81907,-73.85592,BRONX
2022074,711 COMMONWEALTH AVENUE,209,03595,00060,40.81924,-73.86562,Bronx
2022320,2161 HOMER AVENUE,209,03611,00007,40.82196,-73.84943,BRONX
2022630,900 FTELEY AVENUE,209,03660,00003,40.82315,-73.86973,Bronx
2022792,834 OLMSTEAD AVENUE,209,03685,00003,40.82386,-73.85202,BRONX
2023318,930 ZEREGA AVENUE,209,03706,00001,40.82737,-73.84301,BRONX
2023368,1499 BRUCKNER BOULEVARD,209,03712,00001,40.82394,-73.87935,Bronx
2023400,1055 WHEELER AVENUE,209,03712,00056,40.825,-73.87959,Bronx
2023490,1059 WARD AVENUE,209,03715,00041,40.82576,-73.87689,BRONX
2023506,1027 WARD AVENUE,209,03715,00057,40.82468,-73.87665,Bronx
2024169,1115 NOBLE AVENUE,209,03749,00072,40.82773,-73.86958,BRONX
2024894,1248 WHITE PLAINS ROAD,209,03768,00020,40.8318,-73.86182,Bronx
2025073,1486 EAST  172 STREET,209,03771,00041,40.83096,-73.88141,Bronx
2025272,1231 WARD AVENUE,209,03774,00064,40.82986,-73.87785,Bronx
2025620,1779 WESTCHESTER AVENUE,209,03786,00001,40.83207,-73.86689,Bronx
2025696,1075 PUGSLEY AVENUE,209,03789,00021,40.82848,-73.8574,Bronx
2026143,2037 WATSON AVE,209,03800,00172,40.82935,-73.85533,BRONX
2026788,2242 GLEASON AVENUE,209,03820,00026,40.83193,-73.84936,Bronx
2027412,1523 EAST  172 STREET,209,03863,00007,40.83141,-73.87958,Bronx
2027826,1779 EAST  172 STREET,209,03875,00001,40.83299,-73.86803,BRONX
2028087,1431 CROES AVENUE,209,03892,00045,40.83569,-73.87238,BRONX
2028191,1438 ST LAWRENCE AVENUE,209,03898,00076,40.83634,-73.86789,BRONX
2028605,1780 EAST TREMONT AVENUE,209,03919,00027,40.83981,-73.86803,Bronx
2042691,581 VAN NEST AVENUE,211,04021,00034,40.84232,-73.8687,Bronx
2042899,611 MEAD STREET,211,04027,00041,40.84235,-73.86721,Bronx
2043805,1598 BRONXDALE AVENUE,211,04058,00002,40.84355,-73.85625,Bronx
2043887,2443 POPLAR STREET,211,04062,00008,40.84325,-73.8531,BRONX
2043912,2415 EAST TREMONT AVENUE,211,04063,00010,40.84281,-73.85298,BRONX
2044124,1538 SILVER STREET,210,04077,00024,40.84357,-73.84704,Bronx
2044142,2532 POPLAR STREET,211,04078,00029,40.84389,-73.84888,BRONX
2044351,907 PIERCE AVENUE,211,04091,00037,40.84382,-73.85673,BRONX
2045698,1810 TOMLINSON AVENUE,211,04132,00042,40.85041,-73.85229,Bronx
2045727,1340 BLONDELL AVENUE,211,04134,00001,40.84209,-73.84169,BRONX
2046052,3013 MIDDLETOWN ROAD,210,04168,00005,40.84427,-73.82994,Bronx
2046140,3040 ROBERTS AVENUE,210,04171,00001,40.84538,-73.82957,Bronx
2046141,3031 MIDDLETOWN ROAD,210,04171,00024,40.84473,-73.82914,BRONX
2046144,3066 ROBERTS AVENUE,210,04172,00003,40.84587,-73.82899,Bronx
2046636,3103 BUHRE AVENUE,210,04197,00034,40.84828,-73.82961,BRONX
2046804,1186 LAKEWOOD PLACE,211,04202,00074,40.85161,-73.84969,BRONX
2046866,1201 MORRIS PARK AVENUE,211,04203,00082,40.85136,-73.84853,BRONX
2046949,1958 EASTCHESTER ROAD,211,04209,00030,40.85229,-73.84325,BRONX
2047559,2850 EAST  196 STREET,210,04242,00010,40.85374,-73.833,BRONX
2047845,1912 AMETHYST STREET,211,04254,00011,40.84768,-73.86788,BRONX
2047937,755 RHINELANDER AVENUE,211,04260,00001,40.84808,-73.86494,BRONX
2048832,2115 MATTHEWS AVENUE,211,04293,00037,40.85419,-73.86314,Bronx
2049445,2136 MATTHEWS AVENUE,211,04323,00012,40.85497,-73.86263,BRONX
2049490,2184 MULINER AVENUE,211,04324,00032,40.85632,-73.86165,Bronx
2049742,2282 BRONX PARK EAST,211,04340,00010,40.85961,-73.87038,Bronx
2050382,1269 PELHAM PARKWAY NORTH,211,04373,00001,40.85886,-73.85051,BRONX
2050591,2313 FISH AVENUE,211,04382,00032,40.86036,-73.84763,Bronx
2050839,2305 WOODHULL AVENUE,211,04393,00040,40.8597,-73.84207,BRONX
2051042,1667 ASTOR AVENUE,211,04404,00003,40.8593,-73.83756,BRONX
2051271,2512 BRONX PARK EAST,211,04427,00012,40.86389,-73.87004,Bronx
2051744,2458 WILLIAMSBRIDGE ROAD,211,04449,00069,40.86223,-73.85743,BRONX
2051747,2466 WILLIAMSBRIDGE ROAD,211,04449,00073,40.86247,-73.85746,BRONX
2052010,2440 ESPLANADE,211,04455,00079,40.86207,-73.85233,Bronx
2053647,2710 HOLLAND AVENUE,211,04511,00005,40.86592,-73.8651,BRONX
2053797,2754 MATTHEWS AVENUE,211,04514,00022,40.86724,-73.86224,Bronx
2054321,2704 DEWITT PLACE,211,04529,00029,40.86667,-73.84772,BRONX
2054722,3030 BRONX PARK EAST,212,04543,00017,40.87093,-73.87029,Bronx
2054726,3069 BARKER AVENUE,212,04543,00029,40.87108,-73.86961,Bronx
2054865,3020 WILLIAMSBRIDGE ROAD,211,04548,00037,40.86908,-73.86462,BRONX
2054947,2942 RADCLIFF AVENUE,211,04553,00019,40.8688,-73.86016,Bronx
2055371,1352 EAST GUN HILL ROAD,211,04564,00068,40.87014,-73.84639,Bronx
2055663,3002 BARNES AVENUE,212,04572,00008,40.86987,-73.86323,Bronx
2055841,3041 PAULDING AVENUE,212,04576,00034,40.8708,-73.8588,BRONX
2056366,794 SOUTH OAK DRIVE,212,04603,00016,40.87202,-73.8635,Bronx
2057290,3535 WILLET AVENUE,212,04642,00057,40.87866,-73.86716,Bronx
2057433,3728 BRONX BOULEVARD,212,04649,00013,40.88295,-73.86642,Bronx
2057530,3743 WHITE PLAINS ROAD,212,04651,00067,40.88281,-73.8638,Bronx
2057602,651 EAST  219 STREET,212,04654,00077,40.88432,-73.86438,BRONX
2057670,629 EAST  221 STREET,212,04656,00083,40.88599,-73.86439,Bronx
2057719,754 EAST 211 STREET,212,04659,00022,40.8773,-73.86333,Bronx
2057904,732 EAST  216 STREET,212,04663,00031,40.88084,-73.86279,Bronx
2057922,707 EAST  215 STREET,212,04663,00092,40.88067,-73.86396,Bronx
2058460,855 EAST  218 STREET,212,04677,00011,40.88153,-73.85823,BRONX
2058612,853 EAST  221 STREET,212,04680,00008,40.88364,-73.85709,BRONX
2058888,940 EAST  216 STREET,212,04686,00052,40.87899,-73.85689,BRONX
2059742,1148 EAST  211 STREET,212,04705,00060,40.874,-73.85355,BRONX
2060168,1416 OAKLEY STREET,212,04718,00010,40.8792,-73.85108,BRONX
2060169,1418 OAKLEY STREET,212,04718,00011,40.87923,-73.85101,BRONX
2060430,1320 EAST  222 STREET,212,04730,00010,40.87866,-73.84267,Bronx
2060477,3354 BOSTON ROAD,212,04733,00001,40.8743,-73.85176,Bronx
2061288,3216 MICKLE AVENUE,212,04748,00044,40.87394,-73.84338,BRONX
2061668,3240 GRACE AVENUE,212,04758,00055,40.87616,-73.83773,Bronx
2062768,2875 EDSON AVENUE,212,04800,00006,40.86951,-73.83427,BRONX
2062904,622 EAST  223 STREET,212,04824,00049,40.88706,-73.864,Bronx
2062932,3941 WHITE PLAINS ROAD,212,04825,00004,40.887,-73.86125,BRONX
2062957,3930 CARPENTER AVENUE,212,04825,00048,40.88751,-73.8637,BRONX
2063488,744 EAST  227 STREET,212,04840,00068,40.88853,-73.85828,Bronx
2063866,842 EAST  225 STREET,212,04849,00064,40.88622,-73.85622,BRONX
2063980,4028 BARNES AVENUE,212,04852,00034,40.88839,-73.85644,BRONX
2064028,4064 BARNES AVENUE,212,04853,00051,40.88937,-73.85591,Bronx
2064623,955 EAST  229 STREET,212,04865,00019,40.88839,-73.85106,Bronx
2064807,952 EAST  233 STREET,212,04868,00066,40.89075,-73.84983,BRONX
2065245,1010 EAST  231 STREET,212,04877,00048,40.88892,-73.84911,BRONX
2066003,3601 DE REIMER AVENUE,212,04916,00041,40.88298,-73.8389,BRONX
2067423,4051 GRACE AVENUE,212,04979,00071,40.89098,-73.84513,BRONX
2068089,4234 CARPENTER AVENUE,212,04995,00044,40.89542,-73.85934,BRONX
2070797,754 EAST  239 STREET,212,05072,00039,40.89891,-73.85123,Bronx
2070798,4469 BARNES AVENUE,212,05072,00041,40.89891,-73.85095,BRONX
2070799,4465 BARNES AVENUE,212,05072,00042,40.89882,-73.85102,BRONX
2071142,4563 FURMAN AVENUE,212,05084,00060,40.90118,-73.8513,BRONX
2071866,4740 WHITE PLAINS ROAD,212,05113,00025,40.90442,-73.84939,BRONX
2071870,4750 WHITE PLAINS ROAD,212,05113,00031,40.90472,-73.84928,BRONX
2072463,3410 DE REIMER AVENUE,212,05259,00016,40.88042,-73.83612,BRONX
2072810,1155 ELLSWORTH AVENUE,210,05319,00053,40.83619,-73.82318,BRONX
2072942,3215 FAIRMOUNT AVENUE,210,05325,00003,40.83639,-73.8206,BRONX
2074104,3121 EAST TREMONT AVENUE,210,05373,00001,40.83836,-73.83484,Bronx
2074736,1536 GILLESPIE AVENUE,210,05396,00054,40.84329,-73.83083,Bronx
2075023,3260 RAWLINS AVENUE,210,05406,00148,40.83769,-73.81976,Bronx
2076272,3286 WATT AVENUE,210,05416,00141,40.84819,-73.81764,BRONX
2076571,947 EDISON AVENUE,210,05423,00087,40.83109,-73.82498,BRONX
2077162,2951 DEWEY AVENUE,210,05440,00001,40.82325,-73.81818,BRONX
2077878,1430 SHORE DRIVE,210,05467,00137,40.83399,-73.81631,Bronx
2078308,622 VINCENT AVENUE,210,05484,00009,40.82759,-73.81524,BRONX
2079160,3216 GLENNON PLACE,210,05526,00090,40.81527,-73.80215,Bronx
2079292,3240 TIERNEY PLACE,210,05529,00038,40.81431,-73.80015,BRONX
2079414,3546 EAST TREMONT AVENUE,210,05531,00103,40.83003,-73.82608,Bronx
2079582,2800 BRUCKNER BOULEVARD,210,05534,00001,40.83116,-73.83066,Bronx
2080260,824 BRINSMADE AVENUE,210,05547,00045,40.82657,-73.82809,BRONX
2080436,2879 SAMPSON AVENUE,210,05576,00047,40.82045,-73.81896,Bronx
2080704,336 BRINSMADE AVENUE,210,05580,00134,40.81839,-73.82175,Bronx
2080733,310 HUNTINGTON AVENUE,210,05581,00112,40.81749,-73.82225,BRONX
2081829,111 HORTON STREET,210,05625,00242,40.83947,-73.78481,Bronx
2082879,689 KING AVENUE,210,05648,00083,40.85732,-73.78981,Bronx
2083146,210 WEST  230 STREET,208,05702,00001,40.87759,-73.90769,Bronx
2083204,3021 CORLEAR AVENUE,208,05711,00044,40.87968,-73.90868,Bronx
2083215,290 WEST  232 STREET,208,05713,00107,40.88141,-73.90725,BRONX
2083245,2500 JOHNSON AVENUE,208,05716,00500,40.87676,-73.91773,BRONX
2083472,2621 PALISADES AVENUE,208,05745,00001,40.88262,-73.92152,BRONX
2083513,3111 HENRY HUDSON PARKWAY,208,05749,00685,40.88407,-73.91568,BRONX
2083688,3446 KINGSBRIDGE AVENUE,208,05760,00131,40.88333,-73.90272,Bronx
2084027,3800 WALDO AVENUE,208,05777,00772,40.8871,-73.90326,Bronx
2084069,3232 OXFORD AVENUE,208,05785,00259,40.88482,-73.90897,Bronx
2086311,5701 ARLINGTON AVENUE,208,05952,00096,40.90732,-73.90731,BRONX
2086319,5700 ARLINGTON AVENUE,208,05953,00038,40.90697,-73.90584,BRONX
2086431,1066 REAR UNIVERSITY AVENUE,204,02526,00046,40.83493,-73.9298,Bronx
2086571,885 FOX STREET,202,02711,00084,40.81896,-73.89518,Bronx
2086657,1760 JEROME AVENUE,205,02850,00003,40.84794,-73.91177,BRONX
2086663,1785 CARTER AVENUE,205,02890,00020,40.84565,-73.90318,Bronx
2086673,453 EAST  175 STREET,206,02908,00047,40.84513,-73.89982,BRONX
2086835,3340 BAILEY AVENUE,208,03261,00102,40.87954,-73.90019,Bronx
2087723,84 ROCHELLE STREET,210,05624,00003,40.83826,-73.78523,Bronx
2087745,1487 BOSTON ROAD,203,02938,00038,40.83451,-73.89512,Bronx
2087746,1485 BOSTON ROAD,203,02938,00038,40.83451,-73.89512,Bronx
2087748,1481 BOSTON ROAD,203,02938,00038,40.83451,-73.89512,Bronx
2088571,2801 BOSTON ROAD,211,04515,00022,40.86728,-73.86076,Bronx
2090040,917 HOME STREET,203,02974,00182,40.82864,-73.89344,Bronx
2090401,284 WILLIS AVENUE,201,02284,00002,40.80981,-73.92197,BRONX
2090402,427 EAST  140 STREET,201,02285,00075,40.81012,-73.92071,Bronx
2090435,916 HOME STREET,203,02719,00049,40.82822,-73.89354,Bronx
2091098,340 ALEXANDER AVENUE,201,02304,00001,40.81211,-73.92216,Bronx
2091140,207 ALEXANDER AVENUE,201,02311,00001,40.80954,-73.92686,BRONX
2091221,300 EAST  158 STREET,201,02416,00001,40.82233,-73.91826,BRONX
2091301,346 POWERS AVENUE,201,02572,00006,40.80779,-73.91175,BRONX
2091379,1630A STADIUM AVENUE,210,05416,00108,40.84715,-73.81987,Bronx
2091381,1630 STADIUM AVENUE,210,05416,00108,40.84715,-73.81987,BRONX
2091711,168 BELDEN STREET,210,05637,00030,40.83806,-73.78127,BRONX
2091956,725 EAST  161 STREET,203,02638,00090,40.82213,-73.90439,BRONX
2091957,750 EAST  163 STREET,203,02638,00090,40.82213,-73.90439,Bronx
2091958,751 EAST  161 STREET,203,02638,00090,40.82213,-73.90439,BRONX
2091959,905 TINTON AVENUE,203,02638,00090,40.82213,-73.90439,BRONX
2091960,730 EAST  163 STREET,203,02638,00090,40.82213,-73.90439,BRONX
2092079,3673 THIRD AVENUE,203,02910,00001,40.83408,-73.90476,BRONX
2092082,3603 THIRD AVENUE,203,02910,00001,40.83408,-73.90476,BRONX
2092083,1350 WASHINGTON AVENUE,203,02910,00001,40.83408,-73.90476,BRONX
2092084,1358 WASHINGTON AVENUE,203,02910,00001,40.83408,-73.90476,BRONX
2092085,1372 WASHINGTON AVENUE,203,02910,00001,40.83408,-73.90476,BRONX
2092098,1309 WASHINGTON AVENUE,203,02901,00001,40.83439,-73.90585,Bronx
2092099,1343 WASHINGTON AVENUE,203,02901,00001,40.83439,-73.90585,BRONX
2092101,1373 WASHINGTON AVENUE,203,02901,00001,40.83439,-73.90585,BRONX
2092119,477 WILLIS AVENUE,201,02307,00046,40.81456,-73.91932,BRONX
2092407,2256REAR MORRIS AVENUE,205,03171,00009,40.85722,-73.9021,Bronx
2092408,2256 MORRIS AVENUE,205,03171,00009,40.85722,-73.9021,Bronx
2092410,2258A MORRIS AVENUE,205,03171,00010,40.85728,-73.90206,Bronx
2092411,2258 MORRIS AVENUE,205,03171,00010,40.85728,-73.90206,Bronx
2092433,2420 SEDGEWICK AVENUE,207,03226,00053,40.86459,-73.90776,Bronx
2092438,2441 WEBB AVENUE,207,03226,00053,40.86459,-73.90776,Bronx
2092440,2663 HEATH AVENUE,207,03239,00004,40.86994,-73.9067,Bronx
2092720,825 BOYNTON AVENUE,209,03623,00020,40.82047,-73.87709,BRONX
2092721,875 BOYNTON AVENUE,209,03623,00020,40.82047,-73.87709,BRONX
2092722,880 COLGATE AVENUE,209,03623,00001,40.82005,-73.87905,BRONX
2093400,2430 BOSTON ROAD,211,04431,00001,40.86198,-73.86597,BRONX
2093569,801 TILDEN STREET,212,04671,00051,40.87763,-73.86094,Bronx
2093739,1186 GRENADA PLACE,212,04905,00001,40.8869,-73.84383,BRONX
2093875,3545 BIVONA STREET,212,05263,00040,40.88232,-73.83402,BRONX
2093876,3475 BIVONA STREET,212,05263,00040,40.88232,-73.83402,BRONX
2093877,2175 REEDS MILL LANE,212,05263,00070,40.88288,-73.83234,BRONX
2093879,3550 BIVONA STREET,212,05263,00070,40.88288,-73.83234,BRONX
2094137,1961 SCHIEFFELIN AVENUE,212,04905,00001,40.8869,-73.84383,BRONX
2094139,1173 229 DRIVE NORTH,212,04905,00001,40.8869,-73.84383,Bronx
2094140,3841 BAYCHESTER AVENUE,212,04905,00001,40.8869,-73.84383,BRONX
2094141,3865 BAYCHESTER AVENUE,212,04905,00001,40.8869,-73.84383,BRONX
2094142,3881 BAYCHESTER AVENUE,212,04905,00001,40.8869,-73.84383,BRONX
2094145,1159 229 DRIVE NORTH,212,04905,00001,40.8869,-73.84383,Bronx
2094147,1126 229 DRIVE NORTH,212,04905,00001,40.8869,-73.84383,Bronx
2094151,1141 EAST  229 STREET,212,04905,00001,40.8869,-73.84383,Bronx
2094152,1145 EAST  229 STREET,212,04905,00001,40.8869,-73.84383,Bronx
2094154,1175 EAST  229 STREET,212,04905,00001,40.8869,-73.84383,Bronx
2094156,1130 229 DRIVE SOUTH,212,04905,00003,40.88499,-73.84665,Bronx
2094157,1155 EAST  229 DRIVE SOUTH,212,04905,00003,40.88499,-73.84665,Bronx
2094162,4056 LACONIA AVENUE,212,04905,00003,40.88499,-73.84665,Bronx
2094163,1131 226 DRIVE,212,04905,00003,40.88499,-73.84665,Bronx
2094164,1141 226 DRIVE,212,04905,00003,40.88499,-73.84665,Bronx
2094166,1183 226 DRIVE,212,04905,00003,40.88499,-73.84665,Bronx
2094168,1154 229 DRIVE SOUTH,212,04905,00003,40.88499,-73.84665,Bronx
2094169,1160 229 DRIVE SOUTH,212,04905,00003,40.88499,-73.84665,Bronx
2094172,1115 EAST  225 STREET,212,04905,00003,40.88499,-73.84665,Bronx
2094176,1155 EAST  225 STREET,212,04905,00003,40.88499,-73.84665,Bronx
2094177,1175 EAST  225 STREET,212,04905,00003,40.88499,-73.84665,Bronx
2094178,1140 EAST  229 STREET,212,04905,00003,40.88499,-73.84665,Bronx
2094542,1320 INWOOD AVENUE,204,02856,00001,40.83888,-73.91959,Bronx
2094891,1155 COMMERCE AVENUE,209,03840,00023,40.83271,-73.84306,BRONX
2094915,1769 EAST  172 STREET,209,03875,00001,40.83299,-73.86803,BRONX
2095340,2511 MARION AVENUE,205,03023,07501,40.86153,-73.89398,Bronx
2095351,1066 UNIVERSITY AVENUE,204,02526,00046,40.83493,-73.9298,Bronx
2095582,4D EDGEWATER PARK,210,05514,00122,40.82394,-73.81023,BRONX
2095908,12B EDGEWATER PARK,210,05517,00061,40.82348,-73.80752,Bronx
2096173,632 EAGLE AVENUE,201,02624,00002,40.81641,-73.91052,BRONX
2096490,1259 MORRIS AVENUE,204,02450,00040,40.83467,-73.91361,BRONX
2096631,6032 Spencer Ave,208,05875,00892,40.90837,-73.8985,BRONX
2096676,1410 METROPOLITAN AVENUE,209,03938,07501,40.83611,-73.85893,Bronx
2096857,4455 DOUGLAS AVENUE,208,05923,07501,40.8896,-73.9174,BRONX
2097319,555 EAST  191 STREET,206,03273,00001,40.86163,-73.88533,BRONX
2097518,29 GLENZ ESTATE,209,03456,00002,40.80975,-73.85488,Bronx
2097991,1138 229 DRIVE SOUTH,212,04905,00003,40.88499,-73.84665,BRONX
2098117,4625 HADLEY AVENUE,208,05925,00586,40.89322,-73.91367,BRONX
2099804,910 EAST  167 STREET,202,02716,00135,40.82593,-73.8952,Bronx
2099818,1074 KELLY STREET,202,02716,00026,40.82548,-73.89555,Bronx
2100025,1131 EAST  211 STREET,212,04706,00016,40.87458,-73.85397,Bronx
2100867,655 WEST  254 STREET,208,05947,00001,40.90382,-73.91112,Bronx
2100971,2756 RESERVOIR AVENUE,207,03247,00070,40.86999,-73.89716,BRONX
2101002,1 BRONX RIVER PARKWAY,227,04333,00001,40.84956,-73.87226,BRONX
2102025,441 EAST FORDHAM ROAD,206,03273,00001,40.86163,-73.88533,Bronx
2102975,1945 EASTCHESTER ROAD,211,04205,00002,40.85244,-73.84444,Bronx
2104019,1794 GAR MARMION AVENUE,206,02957,00022,40.84021,-73.88949,Bronx
2104062,2075 GAR HONEYWELL AVENUE,206,03123,00067,40.84452,-73.88325,Bronx
2104274,2805GAR MORRIS AVENUE,207,03318,00044,40.87024,-73.89389,Bronx
2106799,794 GAR SOUTH OAK DRIVE,212,04603,00016,40.87202,-73.8635,Bronx
2109921,2072 LAFONTAINE AVENUE,206,03069,00001,40.84872,-73.89249,Bronx
2110509,1040 GAR CASTLEHILL AVENUE,209,03816,00006,40.82883,-73.85001,BRONX
2112805,4495 VAN CORTLANDT PARK EAST,226,05900,00050,40.90114,-73.87503,BRONX
2112838,2975 TIBBETT AVENUE,208,05716,00725,40.87791,-73.91403,BRONX
2112930,2902 ELY AVENUE,212,04796,00138,40.87012,-73.83567,BRONX
2112996,3651 JEROME AVENUE,226,05900,00001,40.89331,-73.88479,BRONX
2113756,490 EAST TREMONT AVENUE,206,02918,00022,40.84668,-73.89733,BRONX
2114220,1264 LAFAYETTE AVENUE,202,02763,00077,40.81637,-73.8885,BRONX
2114608,640 WEST  237 STREET,208,05903,07501,40.88797,-73.91212,Bronx
2115829,573 EAST  141 STREET,201,02556,00054,40.80868,-73.91557,Bronx
2115914,852 EAST  176 STREET,206,02958,00210,40.84105,-73.88831,Bronx
2116159,750 BAYCHESTER AVENUE,210,05141,00150,40.87406,-73.83195,BRONX
2116623,1897 CROTONA AVENUE,206,02946,00038,40.84451,-73.89229,Bronx
2116652,15-00 HAZEN STREET,401,02605,00040,40.79113,-73.88264,BRONX
2116711,3305 THIRD AVENUE,203,02369,07501,40.82589,-73.90831,BRONX
2117253,936 COLLEGE AVENUE,204,02423,00057,40.82708,-73.91579,Bronx
2117409,3037 3 AVENUE,201,02377,00049,40.82005,-73.91348,Bronx
2117566,1114 KELLY STREET,202,02706,00082,40.82661,-73.89548,BRONX
2117727,1271 EAST BAY AVENUE,202,02772,00020,40.80882,-73.88625,Bronx
2117773,1780 GAR TOPPING AVENUE,205,02799,00024,40.8461,-73.90563,BRONX
2117792,24 REAR MT HOPE PLACE,205,02851,00019,40.84896,-73.91017,Bronx
2117837,293 EAST  207 STREET,207,03343,00683,40.87577,-73.87685,Bronx
2118020,415 EAST  180 STREET,206,03030,00025,40.85229,-73.89731,BRONX
2118652,4208GAR KEPLER AVENUE,212,03375,00006,40.89699,-73.87028,Bronx
2120085,1591 WESTCHESTER AVENUE,209,03776,00002,40.82943,-73.87593,Bronx
2120273,2662 SOUTHERN BOULEVARD,206,04336,00001,40.86224,-73.87305,Bronx
2120979,2421 LAFAYETTE AVENUE,209,03702,00049,40.82462,-73.84148,Bronx
2121040,794 REAR SOUTH OAK DRIVE,212,04603,00016,40.87202,-73.8635,Bronx
2121060,3233 PAULDING AVENUE,212,04610,00054,40.87228,-73.85874,Bronx
2121204,781 EAST  211 STREET,212,04660,00072,40.87776,-73.86247,Bronx
2121923,3930 GAR CARPENTER AVENUE,212,04825,00048,40.88751,-73.8637,BRONX
2123799,14 LINDEN AVENUE,210,05455,00060,40.81341,-73.81197,Bronx
2124526,625 BOLTON AVENUE,209,03562,07501,40.81844,-73.85877,Bronx
2124706,427 BOLTON AVENUE,209,03499,00067,40.8142,-73.85775,Bronx
2124807,955 WOODYCREST AVENUE,204,02511,00072,40.83163,-73.92912,Bronx
2124818,2077 REAR HONEYWELL AVENUE,206,03123,00067,40.84452,-73.88325,Bronx
2125191,3446 GAR KINGSBRIDGE AVENUE,208,05760,00131,40.88333,-73.90272,Bronx
2125802,3377 EASTCHESTER ROAD,212,04743,00005,40.87668,-73.84655,Bronx
2127324,671 BROOK AVENUE,201,02361,00050,40.81768,-73.91375,BRONX
2127634,2314 REAR CAMBRELENG AVENUE,206,03089,00010,40.85279,-73.88582,BRONX
2128344,745 EAST  215 STREET,212,04663,00075,40.88029,-73.86258,Bronx
2128499,2882 EAST  195 STREET,210,04241,00023,40.85315,-73.83181,BRONX
2128751,2740 WEBSTER AVENUE,207,03273,00085,40.86506,-73.88681,Bronx
2128798,617 MINNIEFORD AVENUE,210,05636,00075,40.85525,-73.79026,Bronx
2128867,3233A PAULDING AVENUE,212,04610,00053,40.87235,-73.85874,Bronx
2128895,1869 PATTERSON AVENUE,209,03498,00005,40.81347,-73.85878,Bronx
2129160,1230 PROSPECT AVENUE,202,02693,00022,40.8274,-73.89811,BRONX
2129170,1095 SOUTHERN BOULEVARD,202,02727,00041,40.8262,-73.89228,Bronx
2129177,1123 COMMONWEALTH AVENUE,209,03751,00068,40.82831,-73.86768,BRONX
2129194,41 NORTH STREET,207,03198,00012,40.8603,-73.90462,Bronx
2129393,575 EXTERIOR STREET,204,02356,07501,40.82026,-73.93147,BRONX
2129547,1185 RIVER AVENUE,204,02496,00064,40.83524,-73.92198,Bronx
2129590,5921 PALISADE AVENUE,208,05933,00225,40.90992,-73.91003,Bronx
2129669,3047 BRUCKNER BLVD.,210,05313,00092,40.83538,-73.82621,BRONX
2129794,1619 UNDERCLIFF AVENUE,205,02880,00333,40.84895,-73.92256,Bronx
2129811,869 EAST  175 STREET,206,02958,00066,40.84018,-73.88837,Bronx
2129813,1940 JEROME AVENUE,205,02853,00012,40.8509,-73.90959,Bronx
2129815,4263 3 AVENUE,206,03044,00088,40.84817,-73.89577,Bronx
2130344,1580 STORY AVENUE,209,03627,00001,40.82233,-73.8727,BRONX
2130353,298 HALLECK STREET,202,02781,00300,40.80626,-73.87424,BRONX
2130360,2270 BASSFORD AVENUE,206,03050,00069,40.85461,-73.89256,BRONX
2130439,784 COURTLANDT AVENUE,201,02404,00001,40.82225,-73.91657,BRONX
2130472,776 EAST GUN HILL ROAD,212,04632,00050,40.87548,-73.86301,BRONX
2130518,3019 CORLEAR AVENUE,208,05711,00045,40.87963,-73.90874,BRONX
2130560,1731 WEST FARMS ROAD,203,03015,00031,40.8351,-73.88301,BRONX
2130564,369 EAST 159TH STREET,203,02406,00034,40.82346,-73.91545,BRONX
2130578,382 EAST 159TH STREET,201,02405,00018,40.82291,-73.91512,BRONX
2130589,720 EAST  187 STREET,206,03103,00033,40.85379,-73.88398,Bronx
2130598,1221 SPOFFORD AVENUE,202,02738,00035,40.81388,-73.89062,BRONX
2130603,2070 CHATTERTON AVENUE,209,03797,00033,40.82759,-73.85403,BRONX
2130607,3220 TIEMANN AVENUE,212,04752,00130,40.87433,-73.84167,BRONX
2130625,240 DRAKE STREET,202,02777,00446,40.80636,-73.8805,BRONX
2130662,1750 EASTCHESTER ROAD,211,04226,07502,40.84954,-73.84264,Bronx
2130669,4572 MANHATTAN COLLEGE PARKWAY,208,05776,00609,40.88921,-73.89998,Bronx
2130683,1270P RYAWA AVENUE,202,02780,00002,40.80483,-73.88476,BRONX
2130685,221D MANIDA STREET,202,02777,00100,40.80531,-73.88665,BRONX
2130688,2060 BARTOW AVENUE,210,05141,01085,40.86863,-73.82772,Bronx
2130718,3831 PUTNAM AVENUE WEST,208,03271,00138,40.88529,-73.89863,BRONX
2130741,3264 WESTCHESTER AVENUE,210,04239,00015,40.85199,-73.82832,Bronx
2130749,306 WEST  232 STREET,208,05714,00159,40.88198,-73.90775,Bronx
2130754,40 WEST  167 STREET,204,02509,00055,40.83597,-73.9247,Bronx
2130818,1298 INWOOD AVENUE,204,02855,00051,40.83821,-73.92001,Bronx
2130830,2435 CROTONA AVENUE,206,03105,00044,40.85522,-73.88327,Bronx
2130835,1 RODMANS NECK PATH,228,05650,00001,40.86834,-73.79814,BRONX
2130838,3 RODMANS NECK PATH,228,05650,00001,40.86834,-73.79814,BRONX
2130839,4 RODMANS NECK PATH,228,05650,00001,40.86834,-73.79814,Bronx
2130856,3850 REVIEW PLACE,208,03271,00160,40.88594,-73.89884,Bronx
2130858,1155A ELLSWORTH AVENUE,210,05319,00054,40.83612,-73.82315,BRONX
2130874,3041 YOUNG AVENUE,211,04589,00056,40.87067,-73.84824,Bronx
2130878,4800 INDEPENDENCE AVENUE,208,05914,00290,40.89686,-73.91146,Bronx
2130888,3467 IRWIN AVENUE,208,05759,00612,40.88527,-73.90515,BRONX
2130890,3465 IRWIN AVENUE,208,05759,00614,40.88527,-73.90515,BRONX
2130893,12 GOUVERNEUR PLACE,203,02388,00055,40.82913,-73.9087,BRONX
2130896,404 CLAREMONT PARKWAY,203,02896,00096,40.83939,-73.90501,BRONX
2130898,2058 LAFAYETTE AVENUE,209,03609,00016,40.82229,-73.85316,BRONX
2130899,3039 YOUNG AVENUE,211,04589,00057,40.87059,-73.84824,Bronx
2130905,3121 HENRY HUDSON PARKWAY WEST,208,05749,00684,40.88429,-73.91554,BRONX
2130906,3119 HENRY HUDSON PARKWAY WEST,208,05749,00685,40.88425,-73.91557,BRONX
2130907,3117 HENRY HUDSON PARKWAY WEST,208,05749,00686,40.8842,-73.9156,BRONX
2130908,3115 HENRY HUDSON PARKWAY WEST,208,05749,00687,40.88416,-73.91563,BRONX
2130909,3113 HENRY HUDSON PARKWAY WEST,208,05749,00688,40.88411,-73.91565,BRONX
2130918,2451 POPLAR STREET,211,04062,00006,40.84336,-73.85258,Bronx
2130921,3123 HENRY HUDSON PARKWAY WEST,208,05749,00683,40.88434,-73.91552,Bronx
2130923,1661 BARNES AVENUE,211,04040,00010,40.84408,-73.86219,BRONX
2130932,1051 WHITLOCK AVENUE,202,02756,00090,40.82494,-73.88701,Bronx
2130934,257 BUTTRICK AVENUE,210,05598,00067,40.81499,-73.82465,BRONX
2130935,259 BUTTRICK AVENUE,210,05598,00063,40.81506,-73.8247,BRONX
2130936,957 EAST  229 STREET,212,04865,00118,40.88836,-73.85098,Bronx
2130941,842 A EAST  225 STREET,212,04849,00065,40.88618,-73.85614,BRONX
2130945,2940 RADCLIFF AVENUE,211,04553,00018,40.86856,-73.86044,Bronx
2130950,125 CITY ISLAND AVENUE,210,05626,00052,40.84135,-73.78463,BRONX
2130951,129 CITY ISLAND AVENUE,210,05626,00053,40.84143,-73.78466,Bronx
2130952,484 EAST 178TH ST,206,03043,00010,40.84784,-73.89711,BRONX
2130957,1325 CHISHOLM STREET,203,02971,00035,40.83101,-73.8957,Bronx
2130958,1321 CHISHOLM STREET,203,02971,00038,40.8312,-73.89605,Bronx
2130959,1319 CHISHOLM STREET,203,02971,00039,40.83095,-73.89569,Bronx
2130960,1234 EAST  223 STREET,212,04897,00063,40.88089,-73.84598,Bronx
2130963,860 CONCOURSE VILLAGE EAST,204,02420,00130,40.82471,-73.91835,Bronx
2130964,3341 3 AVENUE,203,02370,00143,40.82671,-73.90791,Bronx
2130967,3603 DE REIMER AVENUE,212,04916,00040,40.88308,-73.83865,BRONX
2130969,909 EAST  178 STREET,206,03122,00030,40.84304,-73.88353,Bronx
2130980,2884 EAST  195 STREET,210,04241,00024,40.85295,-73.83195,BRONX
2130981,1759 EAST  172 STREET,209,03875,00001,40.83299,-73.86803,BRONX
2130991,2260 ANDREWS AVENUE NORTH,207,03218,00005,40.86027,-73.90805,BRONX
2130992,1946 BRUCKNER BOULEVARD,209,03673,00060,40.82574,-73.85845,Bronx
2130996,261 WALTON AVENUE,201,02344,00060,40.81425,-73.93048,Bronx
2130997,2931GAR HARRINGTON AVENUE,210,05391,00022,40.8409,-73.83142,Bronx
2131001,1981 ELLIS AVENUE,209,03794,00062,40.83188,-73.85826,Bronx
2131002,3728 PARK AVENUE,203,02902,00030,40.83657,-73.9053,Bronx
2131012,1312 CHISHOLM STREET,203,02972,00015,40.83111,-73.89543,Bronx
2131016,304 EAST  173 STREET,204,02791,00011,40.84341,-73.90646,Bronx
2131021,746 EAST  213 STREET,212,04660,00025,40.87864,-73.86321,Bronx
2131023,1316 FINDLAY AVENUE,204,02782,00013,40.83542,-73.91048,Bronx
2131024,750 EAST  141 STREET,201,02570,00018,40.80613,-73.91028,Bronx
2131029,1303 HOE AVENUE,203,02980,00043,40.83119,-73.89034,Bronx
2131032,1240 RIVER AVENUE,204,02489,00035,40.83641,-73.92088,Bronx
2131039,3616 PAULDING AVENUE,212,04696,00033,40.87721,-73.85632,Bronx
2131040,3618 PAULDING AVENUE,212,04696,00034,40.87731,-73.85656,Bronx
2131044,4564 MATILDA AVENUE,212,05080,00038,40.90235,-73.85336,BRONX
2131046,441 CONCORD AVENUE,201,02578,00015,40.81012,-73.90952,Bronx
2131075,2868 WEBSTER AVENUE,207,03273,00122,40.86667,-73.88377,Bronx
2131087,2074 HONEYWELL AVENUE,206,03122,00040,40.84426,-73.8827,BRONX
2131094,1684 EAST  233 STREET,212,04953,00056,40.88771,-73.82662,Bronx
2131100,4143 EDSON AVENUE,212,05015,00029,40.89397,-73.84532,Bronx
2131114,2225 BOLLER AVENUE,210,05134,00020,40.86071,-73.82513,Bronx
2131120,200 EAST 138 STREET,201,02322,00028,40.81213,-73.92967,Bronx
2131123,2097 ANTHONY AVENUE,205,03156,00104,40.85381,-73.90184,Bronx
2131124,4225 NAPIER AVENUE,212,03363,00046,40.89622,-73.87482,Bronx
2131126,562 BROOK AVENUE,201,02276,00001,40.81593,-73.91438,Bronx
2131129,2095 ANTHONY AVENUE,205,03156,00102,40.85381,-73.90184,Bronx
2131131,3008 GODWIN TERRACE,208,05700,00079,40.87754,-73.90667,Bronx
2131132,3029A BAISLEY AVENUE,210,05339,00086,40.83677,-73.82661,Bronx
2131134,2560 GAR HOLLERS AVENUE,212,05653,00008,40.88834,-73.81753,BRONX
2131135,220 KIMBERLY PLACE,208,05700,00088,40.87772,-73.90637,Bronx
2131136,3169 WISSMAN AVENUE,210,05519,00022,40.82096,-73.80731,Bronx
2131137,120 EAST  167 STREET,204,02463,00042,40.83459,-73.91895,Bronx
2131139,2244 GLEASON AVENUE,209,03820,00027,40.83211,-73.84962,Bronx
2131141,3351 3 AVENUE,203,02370,00039,40.82698,-73.9078,BRONX
2131142,1295 SHAKESPEARE AVENUE,204,02519,00021,40.83984,-73.92277,BRONX
2131143,3273 3 AVENUE,203,02368,00035,40.82495,-73.90882,BRONX
2131144,357 SOUTHERN BOULEVARD,201,02574,00001,40.80717,-73.90821,Bronx
2131145,112 EAST  167 STREET,204,02463,00040,40.83459,-73.91895,Bronx
2131146,940 WOODYCREST AVENUE,204,02504,00015,40.83096,-73.92893,Bronx
2131151,979 INTERVALE AVENUE,202,02699,00054,40.82264,-73.89723,Bronx
2131153,1220 SPOFFORD AVENUE,202,02765,00138,40.81358,-73.88982,Bronx
2131155,1920 TURNBULL AVENUE,209,03672,00020,40.82285,-73.85798,Bronx
2131158,1640 STADIUM AVENUE,210,05416,00013,40.84745,-73.81985,BRONX
2131159,1642 STADIUM AVENUE,210,05416,00012,40.84735,-73.81985,BRONX
2131161,742 EAST  227 STREET,212,04840,00168,40.8888,-73.85839,Bronx
2131165,3248 RIVERDALE AVENUE,208,05759,00374,40.8837,-73.90736,BRONX
2131174,6137 TYNDALL AVENUE,208,05885,01249,40.91067,-73.90025,BRONX
2131176,2060 WALTON AVENUE,205,03178,00005,40.85372,-73.90588,Bronx
2131182,1976 NEEDHAM AVENUE,212,04894,00123,40.88245,-73.84018,Bronx
2131183,3057 SEDGWICK AVENUE,208,03253,00224,40.87651,-73.90013,Bronx
2131188,3846 BAILEY AVENUE,208,03263,00035,40.88491,-73.8961,Bronx
2131190,1342 COLLEGE AVENUE,204,02783,00020,40.83618,-73.91106,Bronx
2131192,2764 WALLACE AVENUE,211,04512,00027,40.86637,-73.86442,BRONX
2131194,958 EAST  233 STREET,212,04868,00069,40.89069,-73.84967,BRONX
2131209,6250 BROADWAY,226,05900,00150,40.89757,-73.89694,Bronx
2131212,4053 GRACE AVENUE,212,04979,00070,40.89108,-73.84517,Bronx
2131213,4049 GRACE AVENUE,212,04979,00072,40.89112,-73.8449,Bronx
2131225,124 EAST  140 STREET,201,02344,00074,40.81509,-73.93041,Bronx
2131227,4143GAR EDSON AVENUE,212,05015,00029,40.89384,-73.84499,BRONX
2131228,508 BOLTON AVENUE,209,03527,00008,40.81584,-73.85767,Bronx
2131230,4500 BRONX BOULEVARD,212,05075,00009,40.90166,-73.85612,Bronx
2131233,2276 ARTHUR AVENUE,206,03071,00008,40.85239,-73.88956,Bronx
2131256,1647 POPHAM AVENUE,205,02877,00278,40.84923,-73.92114,Bronx
2131266,849 CROTONA PARK NORTH,206,02957,00014,40.83984,-73.88967,BRONX
2131267,2800 WEBSTER AVENUE,207,03273,00105,40.86621,-73.88542,Bronx
2131275,1190 EAST  224 STREET,212,04902,00071,40.88245,-73.84716,Bronx
2131279,1056 PROSPECT AVENUE,202,02691,00018,40.8245,-73.89887,BRONX
2131286,1111 WEBSTER AVENUE,204,02426,00025,40.82978,-73.91142,Bronx
2131304,354 EAST 194 STREET,207,03276,00046,40.86369,-73.89098,Bronx
2131307,3963 SAXON AVENUE,208,03252,00175,40.88287,-73.89051,BRONX
2131308,3663 WHITE PLAINS ROAD,212,04647,00066,40.88082,-73.86536,Bronx
2131315,132 BROWN PLACE,201,02261,00020,40.8051,-73.92186,Bronx
2131318,2311 GRAND AVENUE,207,03209,00055,40.86057,-73.90508,Bronx
2131319,6661 BROADWAY,208,05888,01556,40.91044,-73.89689,Bronx
2131341,1751 MONROE AVENUE,205,02797,00047,40.84551,-73.90688,Bronx
2131346,4508 BRONX BOULEVARD,212,05075,00011,40.90166,-73.85612,Bronx
2131348,1591 JESUP AVENUE,205,02872,00243,40.84558,-73.91861,Bronx
2131349,2106 CROTONA AVENUE,206,03096,00046,40.84829,-73.88833,Bronx
2131350,2110 CROTONA AVENUE,206,03096,00048,40.84838,-73.88825,Bronx
2801606,6067 BROADWAY,208,05814,01223,40.89253,-73.89684,BRONX
2802349,1840 BURKE AVENUE,212,04770,00001,40.87474,-73.83894,BRONX
2802870,121 CITY ISLAND AVENUE,210,05626,00051,40.84126,-73.78459,BRONX
2803522,1408 CROMWELL AVENUE,204,02857,00006,40.84134,-73.91942,Bronx
2803616,2259 CROTONA AVENUE,206,03101,00016,40.85153,-73.88542,Bronx
2803627,2420 CROTONA AVENUE,206,03104,00007,40.85459,-73.88327,BRONX
2805203,101 EAST 150 STREET,204,02354,00001,40.82024,-73.92961,Bronx
2805793,308 EAST  162 STREET,204,02421,00026,40.82582,-73.91658,BRONX
2805871,600 EAST 163 STREET,203,02627,00009,40.82377,-73.9076,Bronx
2806382,666 EAST  170 STREET,203,02935,00044,40.83356,-73.89839,Bronx
2809184,919 FREEMAN STREET,203,02976,00041,40.83031,-73.89224,Bronx
2809436,1879 GLEASON AVENUE,209,03767,00006,40.83062,-73.8623,BRONX
2809523,1701 GRAND AVENUE,205,02867,00098,40.84883,-73.91417,BRONX
2810123,1143 HOE AVENUE,203,02745,00044,40.82724,-73.89118,Bronx
2812414,200 MT HOPE PLACE,205,02802,00008,40.8482,-73.90598,Bronx
2813360,5713 POST ROAD,208,03423,00355,40.9057,-73.89748,Bronx
2813803,4738 RICHARDSON AVENUE,212,05107,00076,40.90475,-73.85038,BRONX
2814143,2601 SEDGWICK AVENUE,207,03237,00123,40.86892,-73.90613,BRONX
2814319,1051 SHERMAN AVENUE,204,02456,00058,40.83065,-73.91805,BRONX
2816467,1646 UNIVERSITY AVENUE,205,02876,00090,40.84773,-73.91857,BRONX
2816801,1539 VYSE AVENUE,203,02989,00043,40.83395,-73.88766,Bronx
2817643,163 WEST  165 STREET,204,02526,00038,40.83479,-73.92897,Bronx
2818830,942 WOODYCREST AVENUE,204,02504,00016,40.83108,-73.92884,Bronx
2824287,529 ST ANNS AVENUE,201,02275,00026,40.81401,-73.91346,BRONX
2829864,545 EAST  188 STREET,206,03058,00045,40.85794,-73.8884,BRONX
2833585,1237 TINTON AVENUE,203,02663,00041,40.83034,-73.90025,BRONX
2834435,1420 OAKLEY STREET,212,04718,00012,40.87927,-73.85093,BRONX
3000014,27 BRIDGE STREET,302,00021,00001,40.70393,-73.98432,BROOKLYN
3000018,164 JOHN STREET,302,00022,00016,40.70406,-73.98174,Brooklyn
3000178,175 PEARL STREET,302,00087,00005,40.6996,-73.98753,Brooklyn
3000304,245 DUFFIELD STREET,302,00146,00002,40.69069,-73.98416,Brooklyn
3000370,9 DEKALB AVENUE,302,00149,07503,40.6904,-73.98239,BROOKLYN
3000427,376 FULTON STREET,302,00154,00018,40.6913,-73.98774,Brooklyn
3000605,275 ATLANTIC AVENUE,302,00175,00001,40.68917,-73.98959,Brooklyn
3000627,76 HOYT STREET,302,00176,00027,40.68829,-73.9869,BROOKLYN
3000653,352 STATE STREET,302,00177,00010,40.68792,-73.98594,Brooklyn
3000716,436 STATE STREET,302,00178,00032,40.68677,-73.98295,Brooklyn
3000727,409 ATLANTIC AVENUE,302,00178,00071,40.687,-73.98431,Brooklyn
3000736,468 STATE STREET,302,00179,00008,40.68633,-73.98183,Brooklyn
3000880,366 ATLANTIC AVENUE,302,00183,00017,40.68722,-73.98626,BROOKLYN
3000939,449 PACIFIC STREET,302,00184,00034,40.6857,-73.98313,BROOKLYN
3000980,514 ATLANTIC AVENUE,302,00185,00024,40.68525,-73.98116,BROOKLYN
3001070,314 PACIFIC STREET,302,00188,00014,40.68722,-73.98867,BROOKLYN
3001109,183 DEAN STREET,302,00189,00047,40.68611,-73.98621,BROOKLYN
3001166,227 DEAN STREET,302,00190,00048,40.68547,-73.98457,Brooklyn
3001244,84 DEAN STREET,302,00194,00011,40.68707,-73.98975,BROOKLYN
3001271,140 HOYT STREET,302,00194,00039,40.68619,-73.98832,BROOKLYN
3001276,119 BERGEN STREET,302,00194,00047,40.68629,-73.98875,Brooklyn
3001477,50 OLD FULTON STREET,302,00202,00014,40.70207,-73.99315,Brooklyn
3001548,140 CADMAN PLAZA WEST,302,00212,00001,40.70035,-73.99126,Brooklyn
3001556,26 WILLOW STREET,302,00214,00019,40.70051,-73.99457,BROOKLYN
3001565,29 WILLOW STREET,302,00215,00003,40.70036,-73.99411,Brooklyn
3001567,28 MIDDAGH STREET,302,00215,00006,40.70048,-73.994,BROOKLYN
3001630,47A WILLOW STREET,302,00220,00005,40.69969,-73.99442,BROOKLYN
3001726,111 HICKS STREET,302,00231,00019,40.69818,-73.9941,BROOKLYN
3001805,152 HICKS STREET,302,00235,00057,40.69707,-73.99529,Brooklyn
3001825,55 PIERREPONT STREET,302,00236,07502,40.69603,-73.99505,BROOKLYN
3001837,30 COLLEGE PLACE,302,00236,00052,40.69684,-73.994,Brooklyn
3001856,127 HICKS STREET,302,00236,00099,40.69759,-73.99447,BROOKLYN
3001937,300 CADMAN PLAZA WEST,302,00239,00001,40.69513,-73.99144,Brooklyn
3001941,75 MONTAGUE STREET,302,00241,00004,40.69557,-73.99627,Brooklyn
3002002,116 PIERREPONT STREET,302,00243,00041,40.69497,-73.99301,BROOKLYN
3002007,205 MONTAGUE STREET,302,00244,00001,40.69418,-73.99091,Brooklyn
3002009,185 MONTAGUE STREET,302,00244,00013,40.69434,-73.99182,BROOKLYN
3002105,180 MONTAGUE STREET,302,00250,00030,40.6939,-73.99193,Brooklyn
3002116,20 REMSEN STREET,302,00251,00016,40.69481,-73.99786,Brooklyn
3002166,41 JORALEMON STREET,302,00252,00055,40.69389,-73.99815,BROOKLYN
3002169,35 JORALEMON STREET,302,00252,00058,40.69393,-73.99836,BROOKLYN
3002191,2 GRACE COURT ALLEY,302,00253,00025,40.69387,-73.99622,BROOKLYN
3002261,38 STATE STREET,302,00258,00131,40.69186,-73.99841,BROOKLYN
3002275,21 COLUMBIA PLACE,302,00259,00018,40.69307,-73.99838,BROOKLYN
3002325,1 WILLOW PLACE,302,00260,00023,40.69341,-73.99757,Brooklyn
3002390,32 GARDEN PLACE,302,00261,00042,40.69241,-73.9966,BROOKLYN
3002543,66 COURT STREET,302,00265,00001,40.69188,-73.99164,BROOKLYN
3002548,186 JORALEMON STREET,302,00265,00040,40.69241,-73.99181,BROOKLYN
3002558,210 JORALEMON STREET,302,00266,07501,40.69207,-73.99047,Brooklyn
3002562,117 STATE STREET,302,00267,00003,40.69125,-73.99451,Brooklyn
3002573,39 SIDNEY PLACE,302,00267,00014,40.69175,-73.99443,Brooklyn
3002585,158 CLINTON STREET,302,00267,00032,40.6918,-73.99393,BROOKLYN
3002775,175 CLINTON STREET,302,00276,00020,40.69054,-73.99393,BROOKLYN
3003064,168 PACIFIC STREET,306,00292,00013,40.68919,-73.99405,BROOKLYN
3003188,195 CONGRESS STREET,306,00297,00047,40.68827,-73.99469,BROOKLYN
3003224,26 VERANDAH PLACE,306,00301,00016,40.68807,-73.99641,BROOKLYN
3003417,220 COURT STREET,306,00307,00031,40.68653,-73.99418,Brooklyn
3003463,144 BALTIC STREET,306,00310,00013,40.68743,-73.99876,Brooklyn
3003789,136 KANE STREET,306,00322,00027,40.68671,-73.99891,BROOKLYN
3003814,468 HENRY STREET,306,00322,00054,40.68542,-73.99907,BROOKLYN
3003829,487 HENRY STREET,306,00323,00004,40.68503,-73.99867,Brooklyn
3003888,31 STRONG PLACE,306,00324,00013,40.68536,-73.99746,BROOKLYN
3003890,27 STRONG PLACE,306,00324,00015,40.68549,-73.9974,BROOKLYN
3003984,38 TOMPKINS PLACE,306,00325,00060,40.68485,-73.99618,Brooklyn
3004154,374 CLINTON STREET,306,00332,00026,40.68423,-73.99763,Brooklyn
3004202,294 DEGRAW STREET,306,00333,00029,40.68368,-73.99584,BROOKLYN
3004227,263 SACKETT STREET,306,00333,00056,40.68366,-73.99685,Brooklyn
3004338,239 UNION STREET,306,00338,00039,40.68331,-73.99831,Brooklyn
3004504,549 HENRY STREET,306,00344,00002,40.6829,-73.99974,BROOKLYN
3004524,220 UNION STREET,306,00344,00022,40.68295,-73.99869,Brooklyn
3004541,418 CLINTON STREET,306,00344,00040,40.68245,-73.99839,Brooklyn
3004559,407 CLINTON STREET,306,00345,00002,40.68237,-73.99783,BROOKLYN
3004958,214 CARROLL STREET,306,00356,00018,40.6811,-73.99749,BROOKLYN
3004989,71 1 PLACE,306,00356,00051,40.68102,-73.99828,BROOKLYN
3005048,140 SUMMIT STREET,306,00359,00011,40.68153,-74.0018,BROOKLYN
3005057,158 SUMMIT STREET,306,00359,00020,40.6814,-74.00118,BROOKLYN
3005073,81 WOODHULL STREET,306,00359,00038,40.68123,-74.00178,BROOKLYN
3005074,79 WOODHULL STREET,306,00359,00039,40.68125,-74.00185,BROOKLYN
3005095,26 1 PLACE,306,00360,00018,40.68087,-73.99999,Brooklyn
3005137,58 1 PLACE,306,00361,00007,40.68049,-73.99862,Brooklyn
3005142,68 1 PLACE,306,00361,00012,40.68043,-73.99825,Brooklyn
3005403,82 3 PLACE,306,00371,00023,40.67867,-73.99874,BROOKLYN
3005487,523 CLINTON STREET,306,00374,00003,40.67781,-74.00008,BROOKLYN
3005498,62 4 PLACE,306,00374,00013,40.67799,-73.99964,Brooklyn
3005532,147 LUQUER STREET,306,00374,00049,40.67767,-73.99954,Brooklyn
3005624,140 NELSON STREET,306,00379,00016,40.67664,-74.00006,BROOKLYN
3005819,103 WYCKOFF STREET,302,00385,00057,40.68581,-73.98959,BROOKLYN
3005823,93 WYCKOFF STREET,302,00385,00062,40.68596,-73.98997,Brooklyn
3005835,161 HOYT STREET,302,00386,00005,40.68542,-73.98834,BROOKLYN
3005897,159 BOND STREET,302,00387,00006,40.68464,-73.98608,Brooklyn
3005966,262 BERGEN STREET,302,00388,00012,40.68385,-73.98372,BROOKLYN
3005967,270 BERGEN STREET,302,00388,00019,40.68374,-73.98344,Brooklyn
3005979,267 WYCKOFF STREET,302,00388,00052,40.68343,-73.98346,Brooklyn
3006022,21 SAINT MARKS PLACE,302,00389,00062,40.68268,-73.98154,BROOKLYN
3006088,253 WARREN STREET,302,00390,00077,40.68645,-73.9933,Brooklyn
3006089,251 WARREN STREET,302,00390,00078,40.68648,-73.99336,Brooklyn
3006275,54 ST MARKS PLACE,302,00395,00028,40.6819,-73.98078,BROOKLYN
3006384,461 BALTIC STREET,306,00399,00059,40.68305,-73.9866,Brooklyn
3006385,459 BALTIC STREET,306,00399,00059,40.68308,-73.98668,Brooklyn
3006461,217 BUTLER STREET,306,00405,00056,40.68233,-73.98682,BROOKLYN
3006494,24 BUTLER STREET,306,00408,00018,40.68459,-73.99387,Brooklyn
3006503,44 BUTLER STREET,306,00408,00028,40.68432,-73.99319,BROOKLYN
3006527,35 DOUGLASS STREET,306,00408,00055,40.68417,-73.99359,Brooklyn
3006607,264 BUTLER STREET,306,00412,00021,40.68098,-73.98461,Brooklyn
3006654,32 DOUGLASS STREET,306,00414,00022,40.68378,-73.99386,Brooklyn
3006659,42 DOUGLASS STREET,306,00414,00027,40.68362,-73.99345,Brooklyn
3006681,313 DEGRAW STREET,306,00414,00054,40.6835,-73.99394,BROOKLYN
3006783,258 BOND STREET,306,00416,00039,40.68181,-73.9885,Brooklyn
3006829,328 DEGRAW STREET,306,00421,00019,40.6832,-73.99444,BROOKLYN
3006831,332 DEGRAW STREET,306,00421,00021,40.68314,-73.99429,Brooklyn
3006832,334 DEGRAW STREET,306,00421,00022,40.68311,-73.99421,BROOKLYN
3006918,399 SACKETT STREET,306,00422,00053,40.68189,-73.99187,Brooklyn
3006960,477 SACKETT STREET,306,00423,00041,40.68079,-73.98913,BROOKLYN
3006970,457 SACKETT STREET,306,00423,00051,40.68106,-73.98975,BROOKLYN
3006981,439 SACKETT STREET,306,00423,00062,40.68132,-73.99041,BROOKLYN
3007118,361 UNION STREET,306,00429,00074,40.68174,-73.99344,Brooklyn
3007169,433 UNION STREET,306,00430,00069,40.68071,-73.99091,Brooklyn
3007206,601 UNION STREET,306,00434,00001,40.67855,-73.98492,Brooklyn
3007430,287 CARROLL STREET,306,00443,00059,40.67984,-73.99336,BROOKLYN
3007449,343 HOYT STREET,306,00444,00002,40.67958,-73.99226,BROOKLYN
3007586,304 CARROLL STREET,306,00450,00038,40.67907,-73.99313,BROOKLYN
3007778,59 2 STREET,306,00457,00067,40.67845,-73.99278,Brooklyn
3007860,17 3 STREET,306,00460,00056,40.67873,-73.99506,Brooklyn
3007879,86 2 STREET,306,00461,00018,40.67795,-73.99273,BROOKLYN
3008026,122 3 PLACE,306,00467,00018,40.67818,-73.997,Brooklyn
3008044,415 SMITH STREET,306,00468,00003,40.67765,-73.99606,Brooklyn
3008061,13 5 STREET,306,00468,00059,40.67742,-73.99582,BROOKLYN
3008091,14 DENNETT PLACE,306,00472,00024,40.67651,-73.9977,BROOKLYN
3008172,37 GARNET STREET,306,00478,00042,40.67457,-73.99894,Brooklyn
3008339,32 VERONA STREET,306,00523,00001,40.67892,-74.00752,Brooklyn
3008506,120 RICHARDS STREET,306,00546,00033,40.67783,-74.00999,BROOKLYN
3008585,71 SULLIVAN STREET,306,00566,00001,40.67708,-74.01187,Brooklyn
3008780,162 VAN DYKE STREET,306,00596,00006,40.67684,-74.01601,BROOKLYN
3008842,161 VAN DYKE STREET,306,00603,00008,40.67615,-74.01585,BROOKLYN
3009081,200 18 STREET,307,00634,00022,40.66357,-73.99303,Brooklyn
3009118,179 19 STREET,307,00634,00075,40.66371,-73.99387,Brooklyn
3009279,213 21 STREET,307,00640,00051,40.66203,-73.9941,BROOKLYN
3009280,211 21 STREET,307,00640,00052,40.66208,-73.99417,Brooklyn
3009451,210 22 STREET,307,00646,00029,40.66122,-73.99518,BROOKLYN
3009459,712 5 AVENUE,307,00646,00042,40.66074,-73.99446,Brooklyn
3009744,135A 28 STREET,307,00660,00060,40.65969,-74.0008,Brooklyn
3010806,237 43 STREET,307,00722,00059,40.65259,-74.01169,BROOKLYN
3011421,816 44 STREET,312,00742,00012,40.644,-73.9999,Brooklyn
3011499,322 45 STREET,307,00746,00014,40.65003,-74.0114,BROOKLYN
3011626,4520 6TH AVENUE,307,00748,00045,40.64631,-74.00587,BROOKLYN
3011821,309 47 STREET,307,00755,00022,40.64896,-74.01142,BROOKLYN
3012824,4812 9 AVENUE,312,00778,00023,40.641,-74.00125,Brooklyn
3012954,419 50 STREET,307,00783,00068,40.64625,-74.01176,Brooklyn
3013081,4913 7 AVENUE,307,00786,00003,40.6425,-74.00546,BROOKLYN
3013082,4911 7 AVENUE,307,00786,00004,40.64254,-74.0054,BROOKLYN
3013181,219 51 STREET,307,00789,00067,40.6483,-74.01667,BROOKLYN
3013305,5005 5TH AVENUE,307,00792,00005,40.64473,-74.01031,BROOKLYN
3013392,5003 7 AVENUE,307,00794,00008,40.64218,-74.00582,Brooklyn
3013458,5101 1ST AVENUE,307,00796,00001,40.6493,-74.01953,BROOKLYN
3013728,5117 7 AVENUE,307,00802,00003,40.64136,-74.00664,Brooklyn
3014063,663 53 STREET,307,00809,00146,40.64116,-74.00785,Brooklyn
3014333,533 54 STREET,307,00816,00064,40.64251,-74.0116,Brooklyn
3014405,5317 7 AVENUE,307,00818,00003,40.64024,-74.00784,Brooklyn
3014503,5406 3 AVENUE,307,00821,00040,40.64553,-74.01749,BROOKLYN
3014856,150 55 STREET,307,00828,00001,40.64667,-74.02122,BROOKLYN
3015424,527 57 STREET,307,00840,00065,40.64089,-74.01346,Brooklyn
3015900,751 58 STREET,307,00850,00057,40.63733,-74.00907,BROOKLYN
3015904,739 58 STREET,307,00850,00062,40.63745,-74.00927,Brooklyn
3016152,675 59 STREET,307,00857,00048,40.63776,-74.01129,Brooklyn
3016502,359 17 STREET,307,00868,00048,40.66137,-73.98698,Brooklyn
3016778,285 18 STREET,307,00873,00057,40.66228,-73.98999,Brooklyn
3016870,448A 17 STREET,307,00876,00013,40.6592,-73.98428,Brooklyn
3017150,280 19 STREET,307,00885,00032,40.6614,-73.99094,Brooklyn
3017170,275 20 STREET,307,00885,00058,40.66132,-73.99142,Brooklyn
3017307,500 19 STREET,307,00889,00001,40.6562,-73.98263,BROOKLYN
3017377,248 20 STREET,307,00891,00012,40.66154,-73.99262,BROOKLYN
3017421,245 21 STREET,307,00891,00075,40.66128,-73.9929,BROOKLYN
3017468,333 21 STREET,307,00892,00062,40.65958,-73.99004,BROOKLYN
3017474,325 21 STREET,307,00892,00067,40.65973,-73.99029,Brooklyn
3017555,312 21 STREET,307,00898,00014,40.65955,-73.99091,Brooklyn
3017584,602 7 AVENUE,307,00898,00050,40.65837,-73.98969,Brooklyn
3017607,313A 22 STREET,307,00898,00076,40.6593,-73.99109,BROOKLYN
3018004,573 41 STREET,307,00917,00044,40.6492,-74.00306,Brooklyn
3018173,748 41 STREET,307,00922,00024,40.64663,-73.99973,BROOKLYN
3018400,415 DEAN STREET,306,00928,00059,40.68265,-73.97742,Brooklyn
3018466,369 BERGEN STREET,306,00930,00069,40.6824,-73.97876,Brooklyn
3018485,196 FLATBUSH AVENUE,306,00931,00015,40.68161,-73.97606,BROOKLYN
3018504,77 4 AVENUE,306,00932,00001,40.68183,-73.97968,Brooklyn
3018509,67 4 AVENUE,306,00932,00006,40.68207,-73.97948,Brooklyn
3018534,414 BERGEN STREET,306,00932,00032,40.6816,-73.97794,Brooklyn
3018576,77 ST MARKS PLACE,306,00932,00078,40.68182,-73.97951,Brooklyn
3018621,45 ST MARKS AVENUE,306,00933,00055,40.68042,-73.97575,BROOKLYN
3018811,674 WARREN STREET,306,00937,00030,40.68035,-73.97886,BROOKLYN
3018856,10 PROSPECT PLACE,306,00938,00012,40.67996,-73.97755,BROOKLYN
3018904,33 PARK PLACE,306,00938,00067,40.67947,-73.97712,BROOKLYN
3018931,92 PROSPECT PLACE,306,00939,07503,40.67884,-73.97469,Brooklyn
3018983,642 BALTIC STREET,306,00940,00120,40.67994,-73.97987,Brooklyn
3019001,16 PARK PLACE,306,00941,00014,40.67928,-73.97784,Brooklyn
3019013,40 PARK PLACE,306,00941,00026,40.67897,-73.97707,Brooklyn
3019179,373 DOUGLASS STREET,306,00943,00066,40.6791,-73.98057,BROOKLYN
3019208,30 STERLING PLACE,306,00944,00021,40.67845,-73.97779,Brooklyn
3019284,28 7 AVENUE,306,00945,00040,40.67704,-73.97404,Brooklyn
3019347,394 DOUGLASS STREET,306,00946,00035,40.67846,-73.98016,Brooklyn
3019390,649 DEGRAW STREET,306,00946,00081,40.67863,-73.98144,Brooklyn
3019622,116 LINCOLN PLACE,306,00951,00021,40.67615,-73.9763,Brooklyn
3019812,777A UNION STREET,306,00953,00057,40.67594,-73.97856,Brooklyn
3020114,207 5TH AVENUE,306,00956,00009,40.67614,-73.98029,BROOKLYN
3020427,39 GARFIELD PLACE,306,00961,00055,40.67531,-73.98281,BROOKLYN
3020681,178 GARFIELD PLACE,306,00966,00028,40.67261,-73.97819,BROOKLYN
3020885,175 3 STREET,306,00972,00058,40.67596,-73.9888,BROOKLYN
3020980,373 3 STREET,306,00975,00071,40.67279,-73.98273,Brooklyn
3021023,491 3 STREET,306,00976,00048,40.67091,-73.97883,Brooklyn
3021283,428 4 STREET,306,00986,00035,40.67001,-73.9798,BROOKLYN
3021328,290 5 STREET,306,00987,00018,40.67219,-73.98605,Brooklyn
3021558,242 6 STREET,306,00992,00023,40.67243,-73.98831,BROOKLYN
3021600,388 5 AVENUE,306,00993,00035,40.67095,-73.98515,Brooklyn
3021798,234A 7 STREET,306,00997,00030,40.67177,-73.98869,Brooklyn
3021835,175 8 STREET,306,00997,00071,40.67188,-73.9896,BROOKLYN
3022006,124 8 STREET,306,01002,00016,40.67247,-73.99188,Brooklyn
3022036,143 9 STREET,306,01002,00055,40.67242,-73.99246,BROOKLYN
3022428,180 10 STREET,306,01014,00036,40.67105,-73.99247,Brooklyn
3022518,181 11 STREET,306,01015,00076,40.67026,-73.9915,BROOKLYN
3022622,436 10 STREET,306,01017,00036,40.66754,-73.98519,BROOKLYN
3022661,345 11 STREET,306,01017,00077,40.66787,-73.98655,BROOKLYN
3022701,526 10 STREET,306,01018,00037,40.66635,-73.98273,BROOKLYN
3022729,449 11 STREET,306,01018,00067,40.66647,-73.98365,Brooklyn
3023093,164 12 STREET,306,01027,00013,40.66917,-73.99206,Brooklyn
3023101,180 12 STREET,306,01027,00021,40.66893,-73.99155,Brooklyn
3023117,191 13 STREET,306,01027,00051,40.66847,-73.99129,Brooklyn
3023118,189 13 STREET,306,01027,00052,40.6685,-73.99136,BROOKLYN
3023176,241 13 STREET,306,01028,00058,40.66747,-73.98922,Brooklyn
3023210,328 12 STREET,306,01029,00029,40.66634,-73.9862,Brooklyn
3023239,293 13 STREET,306,01029,00063,40.66647,-73.98717,BROOKLYN
3023254,509 6 AVENUE,306,01030,00005,40.66577,-73.98547,Brooklyn
3023292,369 13 STREET,306,01030,00054,40.66508,-73.98428,BROOKLYN
3023293,367 13 STREET,306,01030,00055,40.66511,-73.98435,Brooklyn
3023367,175 14 STREET,306,01033,00046,40.66778,-73.99162,Brooklyn
3023611,164 14 STREET,306,01040,00027,40.66767,-73.99244,Brooklyn
3023718,308 14 STREET,306,01042,00037,40.66505,-73.98738,BROOKLYN
3024022,350 15 STREET,307,01049,00042,40.66327,-73.9851,BROOKLYN
3024216,263 PROSPECT AVENUE,307,01053,00079,40.66404,-73.98942,Brooklyn
3024222,603 6 AVENUE,307,01054,00005,40.66296,-73.98779,Brooklyn
3024250,28 WEBSTER PLACE,307,01054,00042,40.66281,-73.9875,Brooklyn
3024374,338 FLATBUSH AVENUE,306,01058,00031,40.67618,-73.97203,Brooklyn
3024627,47 PLAZA STREET WEST,306,01064,00024,40.67313,-73.97144,BROOKLYN
3024988,17 MONTGOMERY PLACE,306,01072,00065,40.67165,-73.97346,Brooklyn
3025018,35 PROSPECT PARK WEST,306,01073,00041,40.6704,-73.97255,BROOKLYN
3025090,491 FIRST STREET,306,01074,00053,40.67122,-73.976,BROOKLYN
3025107,467 1 STREET,306,01074,00071,40.67165,-73.97691,Brooklyn
3025120,280 GARFIELD PLACE,306,01075,00013,40.67073,-73.9743,BROOKLYN
3025270,611 SECOND STREET,306,01077,00055,40.66959,-73.97437,Brooklyn
3025615,511 8 AVENUE,306,01085,00005,40.66771,-73.9772,Brooklyn
3025712,587 7 STREET,306,01087,00058,40.6665,-73.97674,BROOKLYN
3025755,504 7 STREET,306,01088,00022,40.66733,-73.97949,Brooklyn
3025960,559 9 STREET,306,01091,00048,40.66517,-73.97738,Brooklyn
3026028,591 10 STREET,306,01092,00049,40.6657,-73.98032,BROOKLYN
3026695,444 15 STREET,307,01105,00020,40.66156,-73.98156,Brooklyn
3026816,555 16 STREET,307,01107,00060,40.65892,-73.9768,BROOKLYN
3026840,322 16 STREET,307,01108,00020,40.66213,-73.98449,BROOKLYN
3027363,1636 11 AVENUE,307,01115,00042,40.65734,-73.97662,Brooklyn
3027497,918 ATLANTIC AVENUE,308,01124,00004,40.68069,-73.96402,Brooklyn
3027507,940 ATLANTIC AVENUE,308,01124,00019,40.68055,-73.96322,BROOKLYN
3027508,942 ATLANTIC AVENUE,308,01124,00020,40.68054,-73.96314,BROOKLYN
3027630,515 DEAN STREET,308,01128,00077,40.68152,-73.97312,Brooklyn
3027707,936 PACIFIC STREET,308,01132,00028,40.67964,-73.9626,BROOKLYN
3027780,1029 DEAN STREET,308,01134,00064,40.67796,-73.95602,Brooklyn
3027854,584 DEAN STREET,308,01137,00014,40.68052,-73.97076,Brooklyn
3027911,688 DEAN STREET,308,01138,00017,40.67981,-73.96737,BROOKLYN
3027938,59 UNDERHILL AVENUE,308,01139,00004,40.67904,-73.96503,Brooklyn
3027994,642 CLASSON AVENUE,308,01141,00048,40.67796,-73.95927,Brooklyn
3028165,167 SAINT MARKS AVENUE,308,01144,00083,40.67921,-73.97038,BROOKLYN
3028181,139 SAINT MARKS AVENUE,308,01144,00099,40.67937,-73.97141,Brooklyn
3028456,183 PROSPECT PLACE,308,01151,00076,40.67829,-73.97049,Brooklyn
3028463,169 PROSPECT PLACE,308,01151,00083,40.67839,-73.97098,Brooklyn
3028550,105 UNDERHILL AVENUE,308,01153,00005,40.67746,-73.96542,Brooklyn
3028551,326 SAINT MARKS AVENUE,308,01153,00019,40.67746,-73.96501,Brooklyn
3028662,530 ST MARKS AVENUE,308,01156,00039,40.67583,-73.95714,Brooklyn
3028709,628 CARLTON AVENUE,308,01157,00032,40.67793,-73.97243,Brooklyn
3028715,637 CARLTON AVENUE,308,01158,00005,40.67798,-73.97187,Brooklyn
3028813,304 PROSPECT PLACE,308,01159,00040,40.67691,-73.96666,BROOKLYN
3028859,273 PARK PLACE,308,01159,00088,40.67693,-73.96854,BROOKLYN
3028867,354 PROSPECT PLACE,308,01160,00022,40.67656,-73.96494,BROOKLYN
3029140,283 STERLING PLACE,308,01165,00078,40.67599,-73.96851,Brooklyn
3029254,753 CLASSON AVENUE,308,01168,00006,40.67451,-73.95977,BROOKLYN
3029265,582 PARK PLACE,308,01168,00027,40.67433,-73.9588,Brooklyn
3029281,726 FRANKLIN AVENUE,308,01168,00053,40.67385,-73.95713,Brooklyn
3029584,558 ST JOHNS PLACE,308,01178,00024,40.67261,-73.95961,BROOKLYN
3029664,293 EASTERN PARKWAY,308,01181,00067,40.67127,-73.95908,BROOKLYN
3029715,49 CROWN STREET,309,01189,00060,40.66766,-73.95982,BROOKLYN
3029727,104 MONTGOMERY STREET,309,01192,00030,40.66635,-73.96098,BROOKLYN
3030076,1221 DEAN STREET,308,01207,00060,40.67705,-73.94879,Brooklyn
3030113,92 BROOKLYN AVENUE,308,01208,00045,40.67693,-73.94457,BROOKLYN
3030114,94 BROOKLYN AVENUE,308,01208,00046,40.67688,-73.94458,BROOKLYN
3030294,971 BERGEN STREET,308,01211,00071,40.67686,-73.95482,Brooklyn
3030405,1306 DEAN STREET,308,01214,00024,40.6764,-73.94573,BROOKLYN
3030559,1347 BERGEN STREET,308,01216,00074,40.67579,-73.94004,BROOKLYN
3030591,996 BERGEN STREET,308,01217,00036,40.67615,-73.95395,Brooklyn
3030631,1391 BEDFORD AVENUE,308,01218,00001,40.67557,-73.95301,Brooklyn
3030648,1036 BERGEN STREET,308,01219,00013,40.67593,-73.95192,Brooklyn
3030720,1134 BERGEN STREET,308,01220,00031,40.67573,-73.94817,BROOKLYN
3030994,643 NOSTRAND AVENUE,308,01227,00011,40.67503,-73.94975,BROOKLYN
3031199,736 PROSPECT PLACE,308,01233,00019,40.67419,-73.95213,Brooklyn
3031612,222 BROOKLYN AVENUE,308,01242,00049,40.67236,-73.945,Brooklyn
3031774,747 FRANKLIN AVENUE,308,01245,00008,40.67306,-73.95685,BROOKLYN
3032029,225 BROOKLYN AVENUE,308,01250,00009,40.67199,-73.94457,Brooklyn
3032263,733 LINCOLN PLACE,308,01254,00063,40.67115,-73.95232,Brooklyn
3032275,850 ST JOHNS PLACE,308,01255,00006,40.67139,-73.95005,Brooklyn
3032600,429 EASTERN PARKWAY,308,01260,00035,40.67046,-73.95419,Brooklyn
3034009,461 CROWN STREET,309,01292,00060,40.66617,-73.94375,Brooklyn
3034247,531 MONTGOMERY STREET,309,01298,00063,40.66545,-73.94704,Brooklyn
3034326,540 CROWN STREET,309,01300,00029,40.66547,-73.94081,BROOKLYN
3034356,46 MCKEEVER PLACE,309,01301,00001,40.66515,-73.95947,BROOKLYN
3034456,99 EMPIRE BOULEVARD,309,01306,00028,40.66379,-73.95911,Brooklyn
3034457,103 EMPIRE BOULEVARD,309,01306,00037,40.66384,-73.95862,Brooklyn
3035477,500 LEFFERTS AVENUE,309,01332,00018,40.66246,-73.94463,Brooklyn
3035478,502 LEFFERTS AVENUE,309,01332,00019,40.66247,-73.94456,Brooklyn
3035840,1532 BERGEN STREET,308,01354,00018,40.67488,-73.93253,BROOKLYN
3035877,1129 ST MARKS AVENUE,308,01354,00077,40.6745,-73.9323,Brooklyn
3035888,1201 ST. MARKS AVE,308,01355,00071,40.67436,-73.92957,BROOKLYN
3036158,1260 PROSPECT PLACE,308,01365,00030,40.67321,-73.93484,Brooklyn
3036221,1338 PROSPECT PLACE,308,01366,00027,40.67307,-73.93221,Brooklyn
3036302,1480 PROSPECT PLACE,308,01368,00015,40.67286,-73.92742,Brooklyn
3036395,1180 PARK PLACE,308,01370,00018,40.67251,-73.93846,Brooklyn
3036487,1350 PARK PLACE,308,01372,00020,40.6722,-73.93262,Brooklyn
3036941,1603 ST JOHNS PLACE,308,01381,00069,40.67048,-73.92411,BROOKLYN
3037202,1604 ST JOHNS PLACE,308,01387,00013,40.66994,-73.92477,Brooklyn
3037543,1044 EASTERN PARKWAY,309,01396,00006,40.66847,-73.93362,Brooklyn
3037822,299 BUFFALO AVENUE,308,01405,00001,40.66693,-73.92524,BROOKLYN
3037851,1505 CARROLL STREET,309,01406,00044,40.66668,-73.93719,BROOKLYN
3038111,1646 CARROLL STREET,309,01414,00025,40.66593,-73.93275,BROOKLYN
3038377,908 MONTGOMERY STREET,309,01423,00069,40.66425,-73.93484,Brooklyn
3038498,469 TROY AVENUE,309,01429,00002,40.66264,-73.93712,Brooklyn
3038517,1998 ATLANTIC AVENUE,316,01431,00006,40.67662,-73.92156,BROOKLYN
3038635,2297 PACIFIC STREET,316,01435,00065,40.67569,-73.90951,Brooklyn
3038718,2171 DEAN STREET,316,01440,00056,40.67538,-73.91534,BROOKLYN
3038725,219 ROCKAWAY AVENUE,316,01442,00006,40.67514,-73.91074,Brooklyn
3039063,1517 ST MARKS AVENUE,316,01452,00056,40.67371,-73.91727,BROOKLYN
3039356,1831 PARK PLACE,316,01464,00079,40.67181,-73.91661,BROOKLYN
3039567,556 HOWARD AVENUE,316,01475,00062,40.66872,-73.92049,Brooklyn
3039694,898 MADISON STREET,303,01483,00029,40.68781,-73.9217,BROOKLYN
3039742,95 RALPH AVENUE,303,01485,00006,40.68682,-73.9232,Brooklyn
3040878,121 SARATOGA AVENUE,316,01510,00001,40.68225,-73.91664,BROOKLYN
3041566,301 MAC DOUGAL STREET,316,01528,00033,40.68089,-73.90908,BROOKLYN
3041618,1937 FULTON STREET,303,01531,00065,40.67894,-73.91855,BROOKLYN
3042187,1215 HERKIMER STREET,316,01551,00034,40.67788,-73.9131,BROOKLYN
3042827,861 PARK AVENUE,303,01579,00010,40.69898,-73.94064,BROOKLYN
3042879,1111 MYRTLE AVENUE,303,01584,00039,40.69701,-73.93708,Brooklyn
3043029,301 HART STREET,303,01591,00062,40.69455,-73.93885,BROOKLYN
3044501,825 GATES AVENUE,303,01630,00050,40.68837,-73.93359,BROOKLYN
3044621,481 MONROE STREET,303,01634,00072,40.68716,-73.93789,BROOKLYN
3044658,146 MALCOLM X BOULEVARD,303,01636,00024,40.68812,-73.93073,BROOKLYN
3044798,536 MONROE STREET,303,01639,00035,40.68687,-73.93639,BROOKLYN
3044988,700 MONROE STREET,303,01642,00020,40.68775,-73.92867,Brooklyn
3045047,794 MONROE STREET,303,01643,00036,40.6881,-73.92442,BROOKLYN
3045223,775 PUTNAM AVENUE,303,01646,00050,40.68651,-73.93052,BROOKLYN
3045711,465 HANCOCK STREET,303,01654,00066,40.68425,-73.93709,Brooklyn
3046260,597 HALSEY STREET,303,01662,00077,40.68448,-73.92856,Brooklyn
3046618,575 MACON STREET,303,01667,00076,40.68375,-73.92844,Brooklyn
3046647,732 HALSEY STREET,303,01668,00026,40.68447,-73.92461,Brooklyn
3047283,520 MACDONOUGH STREET,303,01678,00013,40.68288,-73.92546,BROOKLYN
3047734,120 A BAINBRIDGE STREET,303,01685,00027,40.68056,-73.93255,Brooklyn
3047923,31 SUMPTER ST,303,01695,00034,40.67956,-73.92576,BROOKLYN
3047996,1700 FULTON STREET,303,01701,00001,40.67848,-73.9316,BROOKLYN
3048176,802 HERKIMER STREET,303,01709,00019,40.6782,-73.92684,Brooklyn
3048298,8 WALWORTH STREET,303,01716,00033,40.69873,-73.95528,BROOKLYN
3048352,185 ELLERY STREET,303,01726,00014,40.69921,-73.94521,BROOKLYN
3048362,96 ELLERY STREET,303,01730,00008,40.69821,-73.94951,Brooklyn
3048406,190 THROOP AVENUE,303,01732,00024,40.69846,-73.94433,BROOKLYN
3048409,771 PARK AVENUE,303,01732,00029,40.69839,-73.94464,BROOKLYN
3048476,97 WALWORTH STREET,303,01736,00057,40.69596,-73.95427,Brooklyn
3048495,739 MYRTLE AVENUE,303,01737,00041,40.69517,-73.95315,Brooklyn
3048535,885 MYRTLE AVENUE,303,01747,00044,40.69584,-73.9473,Brooklyn
3048536,883 MYRTLE AVENUE,303,01747,00045,40.69583,-73.94736,BROOKLYN
3048628,23A VERNON AVENUE,303,01754,00079,40.69461,-73.95129,BROOKLYN
3048653,115 VERNON AVENUE,303,01755,00059,40.69505,-73.9475,BROOKLYN
3048656,109 VERNON AVENUE,303,01755,00062,40.69502,-73.94772,BROOKLYN
3048729,233 VERNON AVENUE,303,01757,00062,40.69564,-73.94238,Brooklyn
3048730,231 VERNON AVENUE,303,01757,00063,40.69563,-73.94244,Brooklyn
3048776,600 MARCY AVENUE,303,01758,00053,40.69407,-73.94922,BROOKLYN
3048815,80 VERNON AVENUE,303,01759,00010,40.69447,-73.94845,Brooklyn
3048838,172 VERNON AVENUE,303,01760,00021,40.69486,-73.94506,Brooklyn
3048944,939 BEDFORD AVENUE,303,01762,00015,40.69189,-73.95528,Brooklyn
3048945,937 BEDFORD AVENUE,303,01762,00016,40.69195,-73.9553,Brooklyn
3048946,935 BEDFORD AVENUE,303,01762,00017,40.69201,-73.95531,Brooklyn
3048954,915 BEDFORD AVENUE,303,01762,00028,40.69258,-73.95542,Brooklyn
3048961,202 SPENCER STREET,303,01762,00049,40.6923,-73.95499,BROOKLYN
3048977,232 SPENCER STREET,303,01762,00068,40.6914,-73.95481,Brooklyn
3048982,219 SPENCER STREET,303,01763,00005,40.69161,-73.95432,BROOKLYN
3049020,195 SANFORD STREET,303,01765,00015,40.69262,-73.95251,Brooklyn
3049040,462 WILLOUGHBY AVENUE,303,01766,00017,40.69342,-73.95107,BROOKLYN
3049268,60 HART STREET,303,01770,00039,40.69283,-73.94973,Brooklyn
3049338,176 TOMPKINS AVENUE,303,01771,00043,40.693,-73.94614,Brooklyn
3049420,280 HART STREET,303,01773,00014,40.69365,-73.94128,BROOKLYN
3049445,46A PULASKI STREET,303,01774,00033,40.69207,-73.94978,Brooklyn
3049596,979 BEDFORD AVENUE,303,01778,00006,40.69058,-73.95502,Brooklyn
3049622,669 MARCY AVENUE,303,01780,00007,40.69155,-73.94828,BROOKLYN
3049879,542 LAFAYETTE AVENUE,303,01788,00030,40.68942,-73.95329,BROOKLYN
3050011,61 VAN BUREN STREET,303,01791,00057,40.6903,-73.94315,BROOKLYN
3050082,258 CLIFTON PLACE,303,01793,00020,40.6886,-73.95393,Brooklyn
3050164,287 NOSTRAND AVENUE,303,01794,00003,40.68887,-73.951,Brooklyn
3050177,730 MARCY AVENUE,303,01794,00051,40.68898,-73.94824,BROOKLYN
3050491,461 LEXINGTON AVENUE,303,01800,00064,40.68875,-73.94367,Brooklyn
3050573,222 LEXINGTON AVENUE,303,01802,00029,40.68724,-73.95273,BROOKLYN
3050583,244 LEXINGTON AVENUE,303,01802,00040,40.68731,-73.95206,BROOKLYN
3050971,523 GATES AVENUE,303,01809,00060,40.68698,-73.94597,Brooklyn
3051079,181 MONROE ST,303,01812,00065,40.68558,-73.95161,BROOKLYN
3051169,510 GATES AVENUE,303,01814,00023,40.68657,-73.94535,Brooklyn
3051317,194 MONROE STREET,303,01817,00041,40.68513,-73.95158,BROOKLYN
3051540,432 MONROE STREET,303,01821,00001,40.68621,-73.94086,BROOKLYN
3051572,202 MADISON STREET,303,01822,00049,40.68444,-73.951,BROOKLYN
3052339,161 HANCOCK STREET,303,01833,00081,40.68283,-73.94947,Brooklyn
3052482,315 HANCOCK STREET,303,01835,00078,40.68354,-73.94331,Brooklyn
3052554,397A HANCOCK STREET,303,01836,00075,40.68391,-73.94007,Brooklyn
3053176,339 MACON STREET,303,01847,00041,40.68263,-73.93813,Brooklyn
3053271,94 MACON STREET,303,01850,00015,40.68113,-73.94719,BROOKLYN
3053284,1355 FULTON STREET,303,01850,00044,40.68047,-73.94704,BROOKLYN
3053323,176 MACON STREET,303,01851,00033,40.6815,-73.94402,Brooklyn
3053464,1445 FULTON STREET,303,01854,00040,40.68026,-73.94344,BROOKLYN
3053540,37 DECATUR STREET,303,01855,00063,40.68071,-73.94189,BROOKLYN
3053556,619 THROOP AVENUE,303,01856,00001,40.68102,-73.94034,BROOKLYN
3053741,29 HERKIMER STREET,303,01860,00089,40.68,-73.95213,Brooklyn
3053766,163 HERKIMER STREET,303,01861,00048,40.67977,-73.94771,BROOKLYN
3053930,48 HERKIMER PLACE,303,01866,00019,40.67888,-73.95059,Brooklyn
3054306,139 CLINTON AVENUE,302,01888,00011,40.69383,-73.96861,Brooklyn
3054320,97 CLINTON AVENUE,302,01888,00031,40.69495,-73.96883,Brooklyn
3054380,124 WASHINGTON AVENUE,302,01889,00065,40.6949,-73.96751,Brooklyn
3054516,126 RYERSON STREET,302,01891,00073,40.69405,-73.96538,BROOKLYN
3054701,448 PARK AVENUE,303,01898,00038,40.69633,-73.95872,Brooklyn
3054738,89 FRANKLIN AVENUE,303,01899,00026,40.69632,-73.9581,Brooklyn
3054739,87 FRANKLIN AVENUE,303,01899,00027,40.69637,-73.95815,BROOKLYN
3054805,177 WAVERLY AVENUE,302,01903,00012,40.6926,-73.96744,Brooklyn
3054806,175 WAVERLY AVENUE,302,01903,00013,40.69266,-73.96745,Brooklyn
3054900,572 MYRTLE AVENUE,302,01909,00026,40.69371,-73.96167,Brooklyn
3054939,642 MYRTLE AVENUE,303,01912,00031,40.69411,-73.95833,Brooklyn
3054954,321 WILLOUGHBY AVENUE,303,01912,00053,40.69295,-73.95823,BROOKLYN
3055055,223 WAVERLY AVENUE,302,01917,00021,40.69123,-73.96716,BROOKLYN
3055056,221 WAVERLY AVENUE,302,01917,00022,40.69128,-73.96717,BROOKLYN
3055100,237 WASHINGTON AVENUE,302,01918,00033,40.69162,-73.96619,BROOKLYN
3055170,481 DEKALB AVENUE,303,01926,00071,40.69085,-73.95788,Brooklyn
3055183,245 FRANKLIN AVENUE,303,01927,00006,40.69108,-73.95702,BROOKLYN
3055249,964 BEDFORD AVENUE,303,01928,00055,40.6918,-73.95591,Brooklyn
3055355,315 WASHINGTON AVENUE,302,01932,00020,40.68943,-73.96573,Brooklyn
3055377,333 LAFAYETTE AVENUE,302,01933,00100,40.6894,-73.96204,BROOKLYN
3055415,281 SKILLMAN STREET,303,01942,00002,40.68975,-73.95588,BROOKLYN
3055432,520 DEKALB AVENUE,303,01942,00024,40.69065,-73.95576,Brooklyn
3055476,341 WAVERLY AVENUE,302,01945,00016,40.68786,-73.96654,Brooklyn
3055553,35 CLIFTON PLACE,302,01947,00036,40.68802,-73.96304,BROOKLYN
3055649,147 CLIFTON PLACE,303,01949,00054,40.68857,-73.95823,Brooklyn
3055723,42 CLIFTON PLACE,302,01951,00026,40.68754,-73.96311,Brooklyn
3055821,393 GREENE AVENUE,303,01954,00031,40.68812,-73.95529,Brooklyn
3055897,426 CLERMONT AVENUE,302,01958,00045,40.68499,-73.96955,Brooklyn
3055914,419 CLERMONT AVENUE,302,01959,00012,40.68503,-73.96892,BROOKLYN
3055926,395 CLERMONT AVENUE,302,01959,00024,40.6857,-73.96906,Brooklyn
3055956,426 VANDERBILT AVENUE,302,01959,00066,40.68471,-73.96848,BROOKLYN
3055957,428 VANDERBILT AVENUE,302,01959,00067,40.68466,-73.96847,BROOKLYN
3056016,445 WAVERLY AVENUE,302,01962,00002,40.68484,-73.96593,BROOKLYN
3056082,142 ST JAMES PLACE,302,01963,00061,40.68569,-73.96455,Brooklyn
3056190,43 CAMBRIDGE PLACE,302,01965,00013,40.68579,-73.96297,BROOKLYN
3056202,19 CAMBRIDGE PLACE,302,01965,00025,40.6864,-73.96309,BROOKLYN
3056224,348 GRAND AVENUE,302,01965,00055,40.68596,-73.96262,Brooklyn
3056361,173 LEXINGTON AVENUE,303,01968,00043,40.68738,-73.95552,Brooklyn
3056552,253 GATES AVENUE,303,01973,00054,40.68568,-73.95742,Brooklyn
3056600,899 FULTON STREET,302,01976,00018,40.6837,-73.96722,Brooklyn
3056653,477 WASHINGTON AVENUE,302,01979,00013,40.68408,-73.96463,Brooklyn
3056690,197 ST JAMES PLACE,302,01980,00013,40.68365,-73.96352,BROOKLYN
3056819,393 GRAND AVENUE,302,01982,00023,40.68404,-73.96165,BROOKLYN
3056853,64 DOWNING STREET,302,01982,00058,40.68385,-73.96122,Brooklyn
3056854,66 DOWNING STREET,302,01982,00059,40.68379,-73.96121,Brooklyn
3056907,33 IRVING PLACE,302,01984,00022,40.68406,-73.95973,Brooklyn
3057042,73 MONROE STREET,303,01986,00055,40.68505,-73.95598,Brooklyn
3057089,414 FRANKLIN AVENUE,303,01987,00046,40.68449,-73.9566,Brooklyn
3057097,53 MADISON STREET,303,01987,00056,40.68421,-73.95696,BROOKLYN
3057127,94 MONROE STREET,303,01988,00017,40.68468,-73.95541,Brooklyn
3057301,1105 FULTON STREET,303,01994,00045,40.68174,-73.95757,Brooklyn
3057382,26 JEFFERSON AVENUE,303,01997,00019,40.6823,-73.95653,BROOKLYN
3057467,1187 FULTON STREET,303,02000,00043,40.68103,-73.9541,BROOKLYN
3057520,483 CARLTON AVENUE,302,02007,00001,40.68293,-73.97016,BROOKLYN
3057525,520 CLINTON AVENUE,302,02010,00010,40.68268,-73.96721,BROOKLYN
3057743,139 LEFFERTS PLACE,303,02016,00086,40.68093,-73.95795,Brooklyn
3057785,277 ST JAMES PLACE,302,02018,00002,40.68117,-73.96307,Brooklyn
3057847,1025 ATLANTIC AVENUE,303,02020,00001,40.6801,-73.958,Brooklyn
3057875,200 LEFFERTS PLACE,303,02020,00037,40.68013,-73.95645,BROOKLYN
3057921,45 NORTH ELLIOTT PLACE,302,02027,00001,40.69676,-73.97697,BROOKLYN
3057935,9 NORTH ELLIOTT PLACE,302,02027,00022,40.69778,-73.97728,BROOKLYN
3058036,93 SAINT EDWARDS STREET,302,02039,00001,40.6945,-73.97774,BROOKLYN
3058265,176 WASHINGTON PARK,302,02072,00001,40.69184,-73.97332,BROOKLYN
3058316,191 CARLTON AVENUE,302,02073,00005,40.69204,-73.97232,Brooklyn
3058434,187 WASHINGTON PARK,302,02089,00025,40.69112,-73.97312,Brooklyn
3058752,29 FORT GREENE PLACE,302,02098,00013,40.68891,-73.97643,BROOKLYN
3058759,70 SOUTH ELLIOTT PLACE,302,02098,00078,40.68777,-73.97602,Brooklyn
3058862,51 SOUTH PORTLAND AVENUE,302,02100,00008,40.6881,-73.97449,BROOKLYN
3058981,252 CUMBERLAND STREET,302,02101,00058,40.68837,-73.97319,Brooklyn
3059218,106 FORT GREENE PLACE,302,02112,00039,40.68635,-73.97672,BROOKLYN
3059222,114 FORT GREENE PLACE,302,02112,00043,40.68612,-73.97668,Brooklyn
3059311,89 SOUTH PORTLAND AVENUE,302,02117,00006,40.68684,-73.97424,Brooklyn
3059488,69 GREENE AVENUE,302,02121,00045,40.68641,-73.97004,Brooklyn
3059514,132 BROADWAY,301,02131,00017,40.71011,-73.9642,BROOKLYN
3059622,871 DRIGGS AVENUE,301,02139,00003,40.70895,-73.9622,BROOKLYN
3059648,240 BROADWAY,301,02140,00013,40.70881,-73.95998,BROOKLYN
3059743,161 DIVISION AVENUE,301,02148,00041,40.70783,-73.96193,Brooklyn
3059752,185 MARCY AVENUE,301,02151,00006,40.70776,-73.95797,Brooklyn
3059804,67 DIVISION AVE,301,02160,00004,40.70737,-73.96634,BROOKLYN
3059857,161 CLYMER STREET,301,02169,00051,40.70702,-73.96342,BROOKLYN
3059905,114 TAYLOR STREET,301,02176,00001,40.70505,-73.96371,BROOKLYN
3059909,37 LEE AVENUE,301,02178,00003,40.70678,-73.96075,Brooklyn
3059971,141 ROSS STREET,301,02182,00055,40.70526,-73.96159,Brooklyn
3060050,76 LEE AVENUE,301,02187,00035,40.70533,-73.95991,Brooklyn
3060087,216 ROSS STREET,301,02188,00026,40.70661,-73.95874,Brooklyn
3060490,628 BEDFORD AVE,301,02210,07507,40.70226,-73.95944,BROOKLYN
3060683,227 PENN STREET,301,02213,00058,40.70483,-73.95473,Brooklyn
3060844,216 PENN STREET,301,02219,00032,40.70384,-73.95534,BROOKLYN
3061070,488 BROADWAY,301,02228,00025,40.70562,-73.95116,Brooklyn
3061235,370 MARCY AVENUE,301,02236,00009,40.70179,-73.9537,Brooklyn
3061336,590 BROADWAY,301,02247,00013,40.70362,-73.94739,Brooklyn
3061432,74 THROOP AVENUE,301,02266,00030,40.70235,-73.94682,BROOKLYN
3061448,55 BARTLETT STREET,301,02269,00040,40.70144,-73.94646,Brooklyn
3061452,31 BARTLETT STREET,301,02269,00052,40.70088,-73.94731,Brooklyn
3061522,29 WYTHE AVENUE,301,02279,00001,40.72296,-73.95625,BROOKLYN
3061527,105 N 13 ST,301,02279,00034,40.72267,-73.95615,BROOKLYN
3061572,621 UNION AVENUE,301,02292,00018,40.71901,-73.95274,BROOKLYN
3061744,104 NORTH    9 STREET,301,02310,00015,40.72004,-73.95876,BROOKLYN
3061833,213 NORTH    8 STREET,301,02313,00024,40.71733,-73.95499,Brooklyn
3061836,199 NORTH    8 STREET,301,02313,00030,40.71762,-73.95544,BROOKLYN
3061847,6 HAVEMEYER STREET,301,02314,00022,40.71646,-73.95301,Brooklyn
3061857,8 HAVEMEYER STREET,301,02314,00122,40.7164,-73.95309,Brooklyn
3061918,146 NORTH    8 STREET,301,02319,00013,40.71862,-73.95789,Brooklyn
3061989,65 ROEBLING STREET,301,02322,00006,40.71646,-73.9545,BROOKLYN
3062080,184 BEDFORD AVENUE,301,02327,00023,40.71774,-73.95816,BROOKLYN
3062105,567 DRIGGS AVENUE,301,02329,00003,40.71656,-73.95657,BROOKLYN
3062142,310 NORTH    7 STREET,301,02331,00020,40.71457,-73.95318,BROOKLYN
3062146,275 NORTH    6 STREET,301,02331,00048,40.71475,-73.95381,Brooklyn
3062164,84 NORTH    6 STREET,301,02334,00005,40.71866,-73.96101,Brooklyn
3062316,123 NORTH    4 STREET,301,02343,00025,40.71676,-73.96001,BROOKLYN
3062337,208 NORTH    5 STREET,301,02345,00001,40.71527,-73.9573,BROOKLYN
3062396,221 WYTHE AVENUE,301,02358,00001,40.71701,-73.96286,Brooklyn
3062426,230 KENT AVENUE,301,02362,00001,40.71725,-73.96539,Brooklyn
3062687,291 GRAND STREET,301,02383,00032,40.71321,-73.9574,BROOKLYN
3062766,250 BERRY STREET,301,02391,00001,40.71509,-73.96383,BROOKLYN
3062888,330 WYTHE AVENUE,301,02403,07501,40.71495,-73.9653,Brooklyn
3062995,183 SOUTH    2 STREET,301,02407,00041,40.7128,-73.96016,BROOKLYN
3063064,45 SOUTH    3 STREET,301,02415,07503,40.71392,-73.96571,Brooklyn
3063120,170 SOUTH    2 STREET,301,02418,00023,40.71267,-73.96107,Brooklyn
3063188,325 SOUTH    3 STREET,301,02423,00001,40.71009,-73.95467,BROOKLYN
3063259,105 SOUTH    4 STREET,301,02430,00036,40.71244,-73.96378,Brooklyn
3063413,80 SOUTH    4 STREET,301,02442,00017,40.71236,-73.96503,Brooklyn
3063423,345 BERRY STREET,301,02443,00004,40.71189,-73.96463,Brooklyn
3063460,170 SOUTH    4 STREET,301,02446,00075,40.71109,-73.96125,Brooklyn
3063538,67 SOUTH    6 STREET,301,02455,00027,40.71134,-73.96587,BROOKLYN
3063559,159 BROADWAY,301,02457,00034,40.71037,-73.96289,BROOKLYN
3063577,168 MARCY AVENUE,301,02460,00025,40.70885,-73.95787,Brooklyn
3063676,1200 MANHATTAN AVENUE,301,02477,00002,40.73868,-73.95477,Brooklyn
3063715,60 BOX STREET,301,02483,00019,40.73719,-73.95412,Brooklyn
3063728,81 CLAY STREET,301,02483,00060,40.73686,-73.95462,Brooklyn
3063754,97 DUPONT STREET,301,02487,00055,40.73598,-73.95631,Brooklyn
3063839,1084 MANHATTAN AVENUE,301,02496,00006,40.73565,-73.95483,Brooklyn
3063966,180 EAGLE STREET,301,02505,00023,40.73511,-73.95333,Brooklyn
3064058,186 FREEMAN STREET,301,02513,00014,40.73432,-73.95402,BROOKLYN
3064108,176 WEST STREET,301,02521,00008,40.73307,-73.95956,BROOKLYN
3064204,195 HURON STREET,301,02523,00048,40.73338,-73.95332,Brooklyn
3064262,112 HURON STREET,301,02532,00016,40.7326,-73.95698,Brooklyn
3064344,169 INDIA STREET,301,02533,00049,40.73269,-73.95311,Brooklyn
3064454,111 JAVA STREET,301,02540,00065,40.73165,-73.95646,Brooklyn
3064747,922 MANHATTAN AVENUE,301,02559,00008,40.73082,-73.95411,Brooklyn
3064855,123 MILTON STREET,301,02563,00074,40.72953,-73.95596,BROOKLYN
3065036,75 CALYER STREET,301,02571,00034,40.72717,-73.95813,Brooklyn
3065042,82 FRANKLIN STREET,301,02572,00004,40.72737,-73.95692,Brooklyn
3065103,833 MANHATTAN AVENUE,301,02573,00014,40.7286,-73.95379,Brooklyn
3065170,217 CALYER STREET,301,02575,00028,40.72879,-73.95176,Brooklyn
3065176,700A LEONARD STREET,301,02575,00035,40.72868,-73.95231,BROOKLYN
3065262,7 CLIFFORD PLACE,301,02593,00028,40.7268,-73.9558,Brooklyn
3065299,75 MESEROLE AVENUE,301,02595,00001,40.72697,-73.95414,Brooklyn
3065358,686 LEONARD STREET,301,02598,00006,40.72808,-73.95191,Brooklyn
3065399,181 MCGUINESS BOULEVARD,301,02599,00020,40.7284,-73.95071,Brooklyn
3065486,233 BANKER STREET,301,02616,00001,40.72586,-73.95569,Brooklyn
3065657,726 MANHATTAN AVENUE,301,02620,00046,40.7262,-73.95187,Brooklyn
3065716,152 MESEROLE AVENUE,301,02622,00008,40.72772,-73.95017,BROOKLYN
3065884,162 DIAMOND STREET,301,02625,00057,40.72828,-73.94808,Brooklyn
3066105,644 MANHATTAN AVENUE,301,02647,00039,40.72428,-73.95077,Brooklyn
3066128,181 ECKFORD STREET,301,02648,00011,40.72549,-73.95004,Brooklyn
3066213,166 ECKFORD STREET,301,02649,00046,40.72522,-73.9493,BROOKLYN
3066267,105 DIAMOND STREET,301,02651,00017,40.726,-73.94737,BROOKLYN
3066294,98 NEWEL STREET,301,02651,00048,40.72577,-73.94764,Brooklyn
3066462,728 HUMBOLDT STREET,301,02654,00058,40.72668,-73.94534,Brooklyn
3067081,630 HUMBOLDT STREET,301,02686,00055,40.72341,-73.94479,Brooklyn
3067082,632 HUMBOLDT STREET,301,02686,00056,40.72347,-73.9448,BROOKLYN
3067290,553 MORGAN AVENUE,301,02690,00039,40.72378,-73.93972,Brooklyn
3067536,55 ECKFORD STREET,301,02698,00032,40.7218,-73.9483,BROOKLYN
3067669,62 RUSSELL STREET,301,02703,00016,40.72269,-73.94373,BROOKLYN
3067838,143 BAYARD STREET,301,02719,00031,40.72007,-73.94665,Brooklyn
3068149,680 LORIMER,301,02737,00005,40.7173,-73.94961,BROOKLYN
3068217,176 FROST STREET,301,02740,00014,40.71792,-73.94421,Brooklyn
3068231,193 WITHERS STREET,301,02740,00032,40.71762,-73.94383,Brooklyn
3068437,136 JACKSON STREET,301,02749,00011,40.71638,-73.94562,BROOKLYN
3068441,383 GRAHAM AVENUE,301,02749,00028,40.71624,-73.94499,Brooklyn
3068486,482 UNION AVENUE,301,02751,00004,40.71489,-73.95145,Brooklyn
3068642,30 CONSELYEA STREET,301,02756,00016,40.71449,-73.95033,BROOKLYN
3068649,587 LORIMER STREET,301,02756,00024,40.71447,-73.94972,Brooklyn
3068768,436 UNION AVENUE,301,02761,00004,40.71346,-73.95119,BROOKLYN
3068781,554 METROPOLITAN AVENUE,301,02761,00021,40.71386,-73.95037,Brooklyn
3068782,558 METROPOLITAN AVENUE,301,02761,00022,40.71381,-73.95025,Brooklyn
3068816,632 METROPOLITAN AVENUE,301,02762,00017,40.71395,-73.94792,BROOKLYN
3068859,97 DEVOE STREET,301,02763,00038,40.71375,-73.94704,Brooklyn
3068872,331 GRAHAM AVENUE,301,02764,00023,40.71423,-73.94462,Brooklyn
3068889,758 METROPOLITAN AVE,301,02765,00012,40.71435,-73.94371,BROOKLYN
3068894,772 METROPOLITAN AVENUE,301,02765,00017,40.71439,-73.94326,Brooklyn
3068904,185 DEVOE STREET,301,02765,00029,40.7141,-73.94302,Brooklyn
3068948,543 LORIMER STREET,301,02767,00033,40.71314,-73.94941,BROOKLYN
3069090,335 HUMBOLDT STREET,301,02771,00027,40.71354,-73.9428,Brooklyn
3069124,390 UNION AVENUE,301,02773,00006,40.71212,-73.95098,Brooklyn
3069186,239 LEONARD STREET,301,02774,00029,40.7122,-73.94759,BROOKLYN
3069228,117 POWERS STREET,301,02775,00033,40.71238,-73.94626,Brooklyn
3069264,264 AINSLIE STREET,301,02777,00012,40.71293,-73.94348,BROOKLYN
3069392,653 GRAND STREET,301,02781,00033,40.71167,-73.94624,Brooklyn
3069448,303 HUMBOLDT STREET,301,02783,00022,40.7123,-73.94256,BROOKLYN
3069732,49 HERBERT STREET,301,02827,00034,40.72007,-73.94357,BROOKLYN
3069775,87 HERBERT ST,301,02829,00039,40.72059,-73.94164,BROOKLYN
3069806,498 HUMBOLDT STREET,301,02831,00030,40.71935,-73.94338,Brooklyn
3070017,215 FROST STREET,301,02857,00058,40.71852,-73.94241,Brooklyn
3070064,249 WITHERS STREET,301,02866,00056,40.71787,-73.94173,Brooklyn
3070145,239 JACKSON STREET,301,02875,00061,40.71723,-73.94086,Brooklyn
3070177,165 WOODPOINT ROAD,301,02884,00006,40.71674,-73.94167,BROOKLYN
3070218,241 CONSELYEA STREET,301,02893,00055,40.71574,-73.94157,Brooklyn
3070360,920 METROPOLITAN AVENUE,301,02917,00006,40.71435,-73.93835,BROOKLYN
3070445,879 GRAND STREET,301,02922,00038,40.71261,-73.93901,Brooklyn
3070446,877 GRAND STREET,301,02922,00038,40.71261,-73.93901,Brooklyn
3070447,875 GRAND STREET,301,02922,00038,40.71261,-73.93901,Brooklyn
3070497,7 REWE STREET,301,02927,00125,40.71645,-73.93279,Brooklyn
3070624,25 STEWART AVE,301,02994,00075,40.70705,-73.9257,BROOKLYN
3070690,58 GRATTAN STREET,301,03008,00015,40.7056,-73.93069,BROOKLYN
3070976,193 GRAHAM AVENUE,301,03043,00019,40.70864,-73.94373,Brooklyn
3071092,133 MANHATTAN AVENUE,301,03051,00022,40.70736,-73.94516,Brooklyn
3071149,171 MONTROSE AVENUE,301,03053,00030,40.70766,-73.94234,BROOKLYN
3071200,91 BOERUM STREET,301,03060,00075,40.70611,-73.94555,BROOKLYN
3071218,172 MONTROSE AVENUE,301,03062,00012,40.70718,-73.94218,Brooklyn
3071219,182 MONTROSE AVENUE,301,03062,00012,40.70718,-73.94218,Brooklyn
3071493,45 MORGAN AVENUE,301,03102,00021,40.7054,-73.93192,BROOKLYN
3071526,89 VARET STREET,301,03106,00034,40.70333,-73.94186,Brooklyn
3071528,393 BUSHWICK AVENUE,301,03109,00003,40.70366,-73.93758,Brooklyn
3071529,387 BUSHWICK AVENUE,301,03109,00004,40.70372,-73.93758,Brooklyn
3071774,81 BEAVER STREET,304,03135,00027,40.69938,-73.93664,BROOKLYN
3071807,826 FLUSHING AVENUE,304,03137,00049,40.70119,-73.93885,BROOKLYN
3071820,460 BUSHWICK AVENUE,304,03138,00032,40.7016,-73.93724,Brooklyn
3072272,174 JEFFERSON STREET,304,03173,00012,40.70102,-73.92914,Brooklyn
3072401,371 TROUTMAN STREET,304,03176,00052,40.70594,-73.92385,Brooklyn
3072410,15 WYCKOFF AVENUE,304,03177,00003,40.70691,-73.92294,BROOKLYN
3072577,151 STARR STREET,304,03187,00047,40.7037,-73.92487,BROOKLYN
3072966,100 IRVING AVENUE,304,03210,00001,40.70408,-73.92239,BROOKLYN
3073006,78 ST NICHOLAS AVENUE,304,03211,00030,40.70625,-73.91994,Brooklyn
3073018,1390 WILLOUGHBY AVENUE,304,03212,00001,40.70682,-73.91965,BROOKLYN
3073267,917 HART STREET,304,03221,00056,40.70379,-73.92127,Brooklyn
3073452,38 DODWORTH STREET,304,03230,00013,40.69522,-73.92934,Brooklyn
3073464,1115 BROADWAY,304,03230,00040,40.69412,-73.92964,Brooklyn
3073756,1125 BROADWAY,304,03241,00075,40.69382,-73.92917,BROOKLYN
3073757,1123 BROADWAY,304,03241,00076,40.69386,-73.92923,BROOKLYN
3073912,1582 DEKALB AVENUE,304,03248,00019,40.70338,-73.9198,Brooklyn
3074027,25 KOSSUTH PLACE,304,03252,00045,40.69355,-73.92739,Brooklyn
3074236,316 STOCKHOLM STREET,304,03259,00022,40.70311,-73.91888,BROOKLYN
3074262,374 STOCKHOLM STREET,304,03260,00001,40.7042,-73.91756,Brooklyn
3074315,12 KOSSUTH PLACE,304,03263,00014,40.69315,-73.92709,Brooklyn
3074331,876 BUSHWICK AVENUE,304,03263,00035,40.6936,-73.92609,BROOKLYN
3074394,250 CENTRAL AVENUE,304,03265,00042,40.69693,-73.92355,Brooklyn
3074631,415 HIMROD STREET,304,03272,00039,40.70492,-73.91541,Brooklyn
3074651,1138 LAFAYETTE AVENUE,304,03273,00021,40.69292,-73.92615,BROOKLYN
3074772,245 WILSON AVENUE,304,03277,00006,40.69834,-73.92126,BROOKLYN
3074784,412 KNICKERBOCKER AVENUE,304,03278,00027,40.69952,-73.92012,Brooklyn
3075032,102 HARMAN STREET,304,03285,00039,40.69569,-73.92266,Brooklyn
3075109,220 IRVING AVENUE,304,03289,00027,40.70059,-73.9178,BROOKLYN
3075534,1516 GREENE AVENUE,304,03302,00022,40.70275,-73.91452,Brooklyn
3075892,342 CENTRAL AVENUE,304,03314,00044,40.69491,-73.92008,BROOKLYN
3076080,395 EVERGREEN AVENUE,304,03323,00007,40.69291,-73.9208,Brooklyn
3076260,1027 BUSHWICK AVENUE,304,03331,07501,40.6913,-73.9213,Brooklyn
3076460,231 PALMETTO STREET,304,03343,00001,40.69586,-73.91523,BROOKLYN
3076545,31 WOODBINE STREET,304,03348,00048,40.68965,-73.91993,Brooklyn
3076570,77 WOODBINE STREET,304,03349,00038,40.69109,-73.91851,BROOKLYN
3076598,139 WOODBINE STREET,304,03350,00041,40.69261,-73.91702,Brooklyn
3076621,228 PALMETTO STREET,304,03352,00005,40.69506,-73.91508,Brooklyn
3076714,36 WOODBINE STREET,304,03357,00028,40.68949,-73.91937,Brooklyn
3076734,88 WOODBINE STREET,304,03358,00001,40.69065,-73.91796,BROOKLYN
3076744,481 EVERGREEN AVENUE,304,03359,00002,40.69137,-73.91698,BROOKLYN
3076768,440 CENTRAL AVENUE,304,03359,00029,40.69262,-73.91609,BROOKLYN
3076988,1183 PUTNAM AVENUE,304,03367,00041,40.69053,-73.91672,BROOKLYN
3077207,1216 PUTNAM AVE,304,03375,00013,40.69101,-73.91553,BROOKLYN
3077418,1540 PUTNAM AVENUE,304,03379,00055,40.6978,-73.90887,BROOKLYN
3077486,1177 BUSHWICK AVENUE,304,03381,00009,40.6889,-73.91647,Brooklyn
3078070,1367 HANCOCK STREET,304,03392,00051,40.69508,-73.90874,BROOKLYN
3078789,615 EVERGREEN AVENUE,304,03410,00001,40.68857,-73.91188,BROOKLYN
3079221,67 SCHAEFER STREET,304,03421,00055,40.68652,-73.91128,Brooklyn
3079684,83A COOPER STREET,304,03433,00050,40.686,-73.90945,BROOKLYN
3079685,83 COOPER AVENUE,304,03433,00051,40.68596,-73.90948,BROOKLYN
3080413,34 FURMAN AVENUE,304,03466,00024,40.68208,-73.90674,BROOKLYN
3080510,103 VANDERVEER STREET,304,03471,00032,40.68243,-73.90359,BROOKLYN
3080668,1542 EAST NEW YORK AVENUE,316,03489,00121,40.67207,-73.91077,BROOKLYN
3080669,61 GLENMORE AVENUE,316,03489,00150,40.67156,-73.90864,BROOKLYN
3080699,477 SARATOGA AVENUE,316,03493,00005,40.66926,-73.91724,BROOKLYN
3080804,661 RALPH AVENUE,316,03509,00021,40.66667,-73.92234,Brooklyn
3081316,633 SARATOGA AVENUE,316,03537,00010,40.66537,-73.91611,Brooklyn
3081414,606 THOMAS BOYLAND STREET,316,03540,00035,40.66595,-73.91302,BROOKLYN
3081460,213 OSBORN STREET,316,03544,00135,40.66694,-73.90764,BROOKLYN
3081503,735 HOWARD AVENUE,316,03551,00021,40.66396,-73.9187,Brooklyn
3081513,180 GRAFTON STREET,316,03551,00034,40.66377,-73.91828,Brooklyn
3081528,170 GRAFTON STREET,316,03551,00131,40.66399,-73.91833,Brooklyn
3081538,189 GRAFTON STREET,316,03552,00012,40.66358,-73.91764,BROOKLYN
3081581,211 LEGION STREET,316,03553,00011,40.66367,-73.91671,Brooklyn
3081583,205 LEGION STREET,316,03553,00014,40.66382,-73.91675,BROOKLYN
3081886,764 SARATOGA AVENUE,316,03568,00050,40.66199,-73.91592,Brooklyn
3082046,791 SARATOGA AVENUE,316,03583,00027,40.66129,-73.91508,BROOKLYN
3082118,772 THOMAS S BOYLAND STREET,316,03586,00050,40.66155,-73.91191,Brooklyn
3082383,792 ROCKAWAY AVENUE,316,03602,00044,40.66036,-73.90867,BROOKLYN
3082465,472 HERZL STREET,316,03609,00039,40.65815,-73.91294,BROOKLYN
3082842,906 ROCKAWAY AVENUE,316,03625,00040,40.65739,-73.90791,BROOKLYN
3082984,679 WATKINS STREET,316,03639,00019,40.6556,-73.90396,BROOKLYN
3083247,23 ALABAMA AVENUE,305,03667,00009,40.67631,-73.89961,BROOKLYN
3083248,19 ALABAMA AVENUE,305,03667,00011,40.67645,-73.89965,BROOKLYN
3083346,2703 ATLANTIC AVE,305,03672,00048,40.67624,-73.89462,BROOKLYN
3083347,2697 ATLANTIC AVE,305,03672,00049,40.67622,-73.89477,BROOKLYN
3083348,2695 ATLANTIC AVE,305,03672,00050,40.67622,-73.89477,BROOKLYN
3083349,2693 ATLANTIC AVE,305,03672,00051,40.6762,-73.89484,BROOKLYN
3083400,259 MOTHER GASTON BOULEVARD,316,03675,00003,40.67305,-73.90738,Brooklyn
3083401,257 MOTHER GASTON BOULEVARD,316,03675,00004,40.67311,-73.90739,BROOKLYN
3083403,251 MOTHER GASTON BOULEVARD,316,03675,00007,40.67329,-73.90744,BROOKLYN
3083406,1638 EAST NEW YORK AVENUE,316,03675,00011,40.6735,-73.90746,Brooklyn
3083622,164 LIBERTY AVENUE,316,03695,00018,40.67309,-73.90416,BROOKLYN
3083849,265 VERMONT STREET,305,03723,00011,40.67324,-73.89393,Brooklyn
3083880,486 GLENMORE AVENUE,305,03725,00010,40.67352,-73.89224,BROOKLYN
3084013,365 SACKMAN STREET,316,03745,00001,40.6687,-73.90419,BROOKLYN
3084023,232 HINSDALE STREET,305,03749,00021,40.66948,-73.90036,BROOKLYN
3084264,303 HINSDALE STREET,305,03767,00005,40.66774,-73.89933,BROOKLYN
3084752,499 WYONA STREET,305,03809,00020,40.66636,-73.89123,Brooklyn
3084798,594 MILLER AVENUE,305,03810,00043,40.66601,-73.88982,Brooklyn
3084841,422 CHRISTOPHER AVENUE,316,03811,00141,40.66201,-73.90419,BROOKLYN
3084861,372 LIVONIA AVENUEE,316,03812,00019,40.66312,-73.90377,BROOKLYN
3085141,591 WYONA STREET,305,03826,00006,40.66408,-73.89065,Brooklyn
3085170,603 BRADFORD STREET,305,03827,00003,40.66407,-73.88969,Brooklyn
3085908,719 VAN SINDEREN AVENUE,305,03865,00021,40.65876,-73.89893,Brooklyn
3085916,1743 LINDEN BOULEVARD,305,03865,00053,40.65785,-73.89819,Brooklyn
3087696,2983 FULTON STREET,305,03941,00023,40.6802,-73.88459,BROOKLYN
3088336,2916 ATLANTIC AVENUE,305,03967,00015,40.67716,-73.88646,Brooklyn
3088555,595 GLENMORE AVENUE,305,03980,00032,40.67453,-73.88838,Brooklyn
3088731,803 GLENMORE AVENUE,305,03989,00032,40.67567,-73.88058,Brooklyn
3089182,2358 PITKIN AVE,305,04015,00022,40.67323,-73.88524,BROOKLYN
3091352,63 GRANT AVENUE,305,04112,00024,40.68958,-73.8684,Brooklyn
3092251,188 CRESCENT STREET,305,04130,00041,40.68494,-73.87289,BROOKLYN
3093119,41 MILFORD STREET,305,04153,00021,40.6787,-73.87784,BROOKLYN
3093168,285 LOGAN STREET,305,04154,00027,40.67934,-73.87704,BROOKLYN
3093316,81 WELDON STREET,305,04163,00041,40.68029,-73.87213,BROOKLYN
3094511,203 FORBELL STREET,305,04206,00006,40.67818,-73.86363,BROOKLYN
3094594,2611 PITKIN AVENUE,305,04209,00039,40.67504,-73.87589,Brooklyn
3094642,454 CHESTNUT STREET,305,04211,00028,40.67587,-73.87389,Brooklyn
3094672,58 DOSCHER STREET,305,04212,00028,40.67601,-73.87309,Brooklyn
3095889,675 LINCOLN AVENUE,305,04271,00005,40.67288,-73.86594,Brooklyn
3095929,365 FORBELL STREET,305,04275,00014,40.67342,-73.86254,Brooklyn
3096632,719 VERMONT STREET,305,04301,00081,40.66183,-73.89059,Brooklyn
3096715,754 MILLER AVENUE,305,04303,00032,40.66203,-73.88815,BROOKLYN
3096799,556 NEW LOTS AVENUE,305,04305,00001,40.66389,-73.88781,BROOKLYN
3097599,754 ELTON STREET,305,04336,00013,40.66434,-73.88017,BROOKLYN
3098596,782 AUTUMN AVENUE,305,04464,00021,40.66945,-73.86691,BROOKLYN
3098621,1510 DUMONT AVENUE,305,04469,00010,40.67067,-73.86172,BROOKLYN
3098664,982 HEGEMAN AVENUE,305,04477,00001,40.66582,-73.87609,Brooklyn
3098764,2784 LINDEN BOULEVARD,305,04492,00004,40.66882,-73.86171,BROOKLYN
3098872,772 PINE STREET,305,04506,00015,40.6662,-73.86897,BROOKLYN
3098876,1107 STANLEY AVENUE,305,04506,00028,40.66549,-73.86893,Brooklyn
3098943,860 PINE STREET,305,04527,00027,40.66402,-73.86833,BROOKLYN
3098980,757 WORTMAN AVENUE,305,04530,00001,40.66488,-73.86596,Brooklyn
3099130,823 MAPLE STREET,309,04588,00110,40.66219,-73.93269,Brooklyn
3099200,503 SCHENECTADY AVENUE,309,04589,00133,40.66128,-73.93402,BROOKLYN
3100176,630 UTICA AVENUE,309,04617,00010,40.6581,-73.93146,Brooklyn
3100361,4 EAST   56 STREET,317,04625,00020,40.65733,-73.92548,Brooklyn
3100931,855 LENOX ROAD,317,04640,00030,40.65576,-73.9277,Brooklyn
3101403,292 EAST   51 STREET,317,04656,00016,40.65475,-73.92998,Brooklyn
3101583,125 EAST   55 STREET,317,04661,00053,40.65513,-73.92561,BROOKLYN
3101840,1084 LENOX ROAD,317,04669,00037,40.65771,-73.91982,Brooklyn
3101949,400 ROCKAWAY PARKWAY,317,04671,00127,40.65808,-73.91725,Brooklyn
3102148,801 UTICA AVENUE,317,04676,00070,40.65352,-73.93021,BROOKLYN
3102383,5601 CHURCH AVENUE,317,04682,00051,40.65269,-73.92445,BROOKLYN
3102574,506 EAST   94 STREET,317,04690,00073,40.65486,-73.91763,Brooklyn
3105187,639 ROCKAWAY PARKWAY,317,04757,00018,40.65377,-73.91143,Brooklyn
3106598,644 EAST NEW YORK AVENUE,309,04794,00025,40.6619,-73.94141,Brooklyn
3107056,608 MIDWOOD STREET,309,04804,00030,40.66051,-73.94061,Brooklyn
3107291,371 HAWTHORNE STREET,309,04814,00057,40.65828,-73.94817,Brooklyn
3107294,363 HAWTHORNE STREET,309,04814,00060,40.65826,-73.94838,Brooklyn
3107316,636 BROOKLYN AVENUE,309,04815,00037,40.6586,-73.94568,Brooklyn
3107446,665 NEW YORK AVENUE,309,04820,00001,40.65767,-73.94706,Brooklyn
3107671,586 SCHENECTADY AVENUE,309,04826,00024,40.65933,-73.93444,Brooklyn
3107778,341 LENOX ROAD,317,04837,00075,40.65462,-73.94813,Brooklyn
3108506,280 LINDEN BOULEVARD,317,04868,00027,40.65236,-73.94867,BROOKLYN
3108594,3 RALEIGH PLACE,317,04869,00066,40.65163,-73.94743,Brooklyn
3108652,877 NEW YORK AVENUE,317,04870,00056,40.65211,-73.94648,BROOKLYN
3109336,942 NEW YORK AVENUE,317,04886,00016,40.65029,-73.94693,Brooklyn
3109738,273 EAST   40 STREET,317,04894,00055,40.6506,-73.93964,BROOKLYN
3110473,177 EAST   31 STREET,317,04916,00060,40.64638,-73.94784,BROOKLYN
3113800,571 EAST   31 STREET,317,04995,00013,40.63686,-73.94682,Brooklyn
3113852,796 EAST   34 STREET,317,04997,00047,40.63696,-73.94449,Brooklyn
3114012,634 EAST   32 STREET,317,05006,00057,40.63544,-73.9463,BROOKLYN
3114043,3212 FARRAGUT ROAD,317,05007,00042,40.63617,-73.94567,Brooklyn
3114075,1515 NEW YORK AVENUE,317,05008,00032,40.63581,-73.94473,Brooklyn
3114995,477 ROGERS AVENUE,309,05033,00010,40.66056,-73.95319,Brooklyn
3115421,231 FENIMORE STREET,309,05038,00067,40.65864,-73.95475,BROOKLYN
3115464,286 RUTLAND ROAD,309,05039,00033,40.65914,-73.95125,BROOKLYN
3115549,1935 BEDFORD AVENUE,309,05043,00005,40.65791,-73.95618,Brooklyn
3115586,151 HAWTHORNE STREET,309,05043,00081,40.65784,-73.95526,Brooklyn
3115681,79 WINTHROP STREET,309,05045,00072,40.65686,-73.95758,Brooklyn
3115971,2018 BEDFORD AVENUE,309,05055,00059,40.65528,-73.95656,Brooklyn
3116031,155 CLARKSON AVENUE,309,05056,00077,40.6554,-73.95464,Brooklyn
3116189,757 FLATBUSH AVENUE,314,05064,00012,40.65442,-73.95923,Brooklyn
3116265,230 CLARKSON AVENUE,317,05066,00023,40.65495,-73.95203,Brooklyn
3116669,729 ROGERS AVENUE,317,05085,00017,40.65352,-73.95238,Brooklyn
3117095,1824 CHURCH AVENUE,314,05099,00010,40.64948,-73.96228,BROOKLYN
3117172,950 FLATBUSH AVE,314,05102,00047,40.64828,-73.95856,BROOKLYN
3117295,2301 SNYDER AVENUE,317,05107,00001,40.64878,-73.95542,BROOKLYN
3117442,545 CONEY ISLAND AVENUE,314,05114,00001,40.64434,-73.96999,Brooklyn
3117538,202 MARLBOROUGH ROAD,314,05118,00029,40.64513,-73.96546,Brooklyn
3118014,997 ROGERS AVENUE,317,05138,00054,40.64584,-73.95163,BROOKLYN
3118698,415 RUGBY ROAD,314,05157,00052,40.63972,-73.9648,Brooklyn
3118846,1140 FLATBUSH AVENUE,314,05164,00032,40.64257,-73.95792,BROOKLYN
3118860,435 EAST 21 STREET,314,05164,00062,40.64354,-73.95847,Brooklyn
3119116,1080 ROGERS AVENUE,317,05170,00029,40.6437,-73.95203,Brooklyn
3119168,2716 CORTELYOU ROAD,317,05171,00071,40.64413,-73.95117,BROOKLYN
3119758,2547 BEDFORD AVENUE,317,05190,00059,40.6414,-73.95405,BROOKLYN
3119764,2513 BEDFORD AVE,317,05190,00073,40.64217,-73.95413,BROOKLYN
3120055,2911 AVENUE D,317,05195,00044,40.64114,-73.94908,Brooklyn
3120079,315 EAST   29 STREET,317,05195,00078,40.64274,-73.94939,Brooklyn
3120306,2323 NEWKIRK AVENUE,314,05209,00022,40.63963,-73.95541,Brooklyn
3120520,1850 NOSTRAND AVENUE,317,05216,00013,40.64056,-73.94879,BROOKLYN
3121914,91 SHERMAN STREET,307,05257,00098,40.65646,-73.97519,BROOKLYN
3121942,598 16 STREET,307,05258,00022,40.65739,-73.97469,Brooklyn
3121969,92 PROSPECT PARK SOUTHWEST,307,05259,00017,40.65797,-73.97467,Brooklyn
3122359,32 EAST    4 STREET,307,05272,00021,40.65183,-73.97835,Brooklyn
3122637,711 GREENWOOD AVENUE,307,05278,00044,40.65218,-73.97456,BROOKLYN
3122646,60 REEVE PLACE,307,05279,00022,40.65334,-73.97389,BROOKLYN
3122843,70 EAST    7 STREET,307,05285,00033,40.65124,-73.97504,BROOKLYN
3122846,78 EAST    7 STREET,307,05285,00037,40.651,-73.97503,BROOKLYN
3122992,1128 38 STREET,312,05290,00046,40.64292,-73.98902,Brooklyn
3123253,1370 40 STREET,312,05297,07501,40.63885,-73.98533,Brooklyn
3123273,1353 41 STREET,312,05297,00055,40.63884,-73.98589,Brooklyn
3123373,1333 39 STREET,312,05299,00053,40.64016,-73.98503,Brooklyn
3123524,3538 12 AVENUE,312,05304,00062,40.64421,-73.98565,BROOKLYN
3123720,125 TEHAMA STREET,312,05308,00013,40.64334,-73.98456,Brooklyn
3123823,132 LOUISA STREET,312,05310,00025,40.64245,-73.98396,Brooklyn
3123964,69 CHURCH AVENUE,312,05314,00028,40.6425,-73.98081,Brooklyn
3124075,23 OCEAN PARKWAY,307,05322,00004,40.65,-73.97317,Brooklyn
3124109,1 ALBEMARLE ROAD,312,05323,00032,40.64561,-73.98052,Brooklyn
3124251,218 EAST    5 STREET,312,05327,00013,40.64717,-73.97652,BROOKLYN
3124401,816 CATON AVENUE,312,05331,00006,40.64769,-73.97232,BROOKLYN
3124420,818 FRIEL PLACE,312,05331,00054,40.64713,-73.97187,BROOKLYN
3124422,824 FRIEL PLACE,312,05331,00056,40.6472,-73.97172,BROOKLYN
3125016,3710 15 AVENUE,312,05348,00042,40.63909,-73.98117,Brooklyn
3125350,385 EAST    2 STREET,312,05354,00073,40.64196,-73.9778,Brooklyn
3125397,411 EAST    3 STREET,312,05355,00071,40.64196,-73.97684,Brooklyn
3125673,1528 42 STREET,312,05362,00018,40.63565,-73.98305,BROOKLYN
3125787,3915 15 AVENUE,312,05365,00003,40.63742,-73.98204,Brooklyn
3125808,1552 39 STREET,312,05365,00028,40.63697,-73.98074,Brooklyn
3125852,1558 38 STREET,312,05366,00030,40.6375,-73.98002,Brooklyn
3125862,3816 16 AVENUE,312,05366,00043,40.637,-73.97962,BROOKLYN
3126112,536 EAST    5 STREET,312,05373,00031,40.63925,-73.97502,Brooklyn
3126250,725 CORTELYOU ROAD,312,05376,00045,40.63902,-73.97096,Brooklyn
3126488,1681 42 STREET,312,05381,00048,40.63377,-73.97913,Brooklyn
3126513,4009 16 AVENUE,312,05382,00007,40.63571,-73.98024,BROOKLYN
3126604,125 DITMAS AVENUE,312,05385,00049,40.63588,-73.97727,Brooklyn
3126628,610 EAST    3 STREET,312,05386,00020,40.63727,-73.97653,BROOKLYN
3126839,455 OCEAN PARKWAY,312,05390,00074,40.63752,-73.97234,Brooklyn
3127609,792 EAST    4 STREET,314,05410,00041,40.63264,-73.97471,Brooklyn
3127675,4117 18 AVENUE,314,05416,00028,40.63162,-73.97466,BROOKLYN
3127883,880 SETON PLACE,314,05422,00031,40.62973,-73.975,Brooklyn
3128264,1561 44 STREET,312,05430,00053,40.63439,-73.98306,BROOKLYN
3128360,1634 44 STREET,312,05432,00019,40.6331,-73.98184,BROOKLYN
3128450,1515 46 STREET,312,05433,00072,40.63395,-73.98533,Brooklyn
3128505,1647 46 STREET,312,05434,00068,40.63214,-73.98236,Brooklyn
3128571,4613 15 AVENUE,312,05436,00004,40.63358,-73.98605,Brooklyn
3128595,1569 47 STREET,312,05436,00045,40.63255,-73.98454,Brooklyn
3128600,1551 47 STREET,312,05436,00056,40.63285,-73.98505,BROOKLYN
3128701,1727 47 STREET,312,05438,00065,40.63039,-73.98096,BROOKLYN
3128705,1715 47 STREET,312,05438,00070,40.63058,-73.98128,Brooklyn
3128790,1542 47 STREET,312,05442,00023,40.63267,-73.98566,BROOKLYN
3128793,1554 47 STREET,312,05442,00029,40.63248,-73.98534,BROOKLYN
3128858,1627 48 STREET,312,05443,00082,40.63132,-73.984,Brooklyn
3129061,1749 49 STREET,312,05449,00052,40.62896,-73.98161,BROOKLYN
3129065,1729 49 STREET,312,05449,00060,40.62923,-73.98206,BROOKLYN
3129198,1643 50 STREET,312,05454,00072,40.63,-73.98485,BROOKLYN
3129398,1670 50 STREET,312,05459,00039,40.62924,-73.98451,BROOKLYN
3129507,1914 50TH ST,312,05462,00012,40.62589,-73.97896,BROOKLYN
3129575,3 AVENUE J,312,05464,00051,40.62375,-73.97664,BROOKLYN
3129846,986 DAHILL ROAD,312,05470,00018,40.6237,-73.9772,BROOKLYN
3130497,1667 55 STREET,312,05485,00062,40.62685,-73.98718,BROOKLYN
3130548,1761 55 STREET,312,05486,00049,40.62542,-73.98481,BROOKLYN
3130589,1888 54 STREET,312,05487,00041,40.624,-73.98188,BROOKLYN
3130655,1541 56 STREET,312,05488,00062,40.62798,-73.99058,BROOKLYN
3130806,1519 57 STREET,312,05491,00069,40.62767,-73.99155,BROOKLYN
3130809,5601 16 AVENUE,312,05492,00001,40.62645,-73.98926,Brooklyn
3131091,2064 53 STREET,312,05495,01133,40.62212,-73.97726,Brooklyn
3131246,2036 57 STREET,312,05500,00022,40.62033,-73.98033,Brooklyn
3131321,2145 58 STREET,312,05501,00055,40.61863,-73.97811,Brooklyn
3131540,1963 59 STREET,312,05506,00055,40.62049,-73.9827,BROOKLYN
3131547,1941 59 STREET,312,05506,00063,40.6208,-73.98321,BROOKLYN
3131866,1815 60 STREET,312,05512,07503,40.62194,-73.98661,BROOKLYN
3131867,1813 60 STREET,312,05512,01304,40.62172,-73.98674,BROOKLYN
3131900,5910 20 AVENUE,312,05513,00041,40.61984,-73.98279,BROOKLYN
3132184,1847 61 STREET,312,05519,00060,40.62088,-73.98647,BROOKLYN
3132355,2129 61 STREET,312,05522,00068,40.61716,-73.98032,Brooklyn
3132622,2074 61 STREET,311,05528,00038,40.61752,-73.98183,Brooklyn
3132690,1529 63 STREET,311,05530,00016,40.62432,-73.9949,Brooklyn
3132736,1702 62 STREET,311,05532,00007,40.62198,-73.99072,Brooklyn
3132828,1861 63 STREET,311,05533,00053,40.61955,-73.98728,BROOKLYN
3132830,1853 63 STREET,311,05533,00055,40.61965,-73.98746,Brooklyn
3132839,1821 63 STREET,311,05533,00064,40.62011,-73.98821,Brooklyn
3132882,1945 63 STREET,311,05534,00061,40.6185,-73.98554,BROOKLYN
3133679,6411 21 AVENUE,311,05550,00006,40.61543,-73.98309,Brooklyn
3134529,2171 67 STREET,311,05564,00051,40.61313,-73.98292,Brooklyn
3134817,2135 68 STREET,311,05572,00059,40.61309,-73.98434,BROOKLYN
3135296,1144 39 STREET,312,05585,00025,40.64228,-73.98953,Brooklyn
3135311,3912 12 AVENUE,312,05585,00041,40.64164,-73.98904,BROOKLYN
3135531,1213 41 STREET,312,05589,00074,40.64074,-73.98905,Brooklyn
3135836,1118 42 STREET,312,05597,00015,40.6412,-73.99223,Brooklyn
3135954,1373 43 STREET,312,05599,00042,40.63738,-73.98649,Brooklyn
3136111,1189 44 STREET,312,05603,00054,40.63958,-73.99165,Brooklyn
3136404,1151 45 STREET,312,05609,00065,40.63938,-73.99283,Brooklyn
3136589,961 46 STREET,312,05613,00050,40.64125,-73.99744,Brooklyn
3136621,4506 FORT HAMILTON PARKWAY,312,05614,00025,40.64035,-73.99524,Brooklyn
3136777,4508 15 AVENUE,312,05618,00041,40.63454,-73.98586,Brooklyn
3136851,4623 10 AVENUE,312,05620,00001,40.64006,-73.99722,BROOKLYN
3136877,1033 47 STREET,312,05620,00040,40.63974,-73.99645,Brooklyn
3136887,4621 FT HAMILTON PARKWAY,312,05620,00050,40.63923,-73.99585,BROOKLYN
3137240,1338 47 STREET,312,05629,00022,40.63536,-73.99012,Brooklyn
3137582,959 50 ST,312,05638,00053,40.63903,-73.9998,BROOKLYN
3137766,1353 50 STREET,312,05642,00053,40.63382,-73.99117,Brooklyn
3137767,1343 50 STREET,312,05642,00059,40.63395,-73.99139,BROOKLYN
3137793,1449 50 STREET,312,05643,00058,40.63256,-73.98908,BROOKLYN
3137854,837 51 STREET,312,05644,00063,40.64013,-74.00313,BROOKLYN
3137929,5017 10 AVENUE,312,05646,00003,40.63792,-73.99946,BROOKLYN
3138033,5001 NEW UTRECHT AVENUE,312,05648,00015,40.63544,-73.99455,Brooklyn
3138158,866 51 STREET,312,05651,00034,40.63935,-74.00276,BROOKLYN
3138159,870 51 STREET,312,05651,00034,40.63935,-74.00276,BROOKLYN
3138237,951 52 STREET,312,05652,00057,40.63803,-74.00117,BROOKLYN
3138347,5120 NEW UTRECHT AVENUE,312,05655,00016,40.63447,-73.99533,BROOKLYN
3138621,1150 52 STREET,312,05661,00026,40.63506,-73.99717,Brooklyn
3138776,1461 53 STREET,312,05664,00050,40.63069,-73.99052,Brooklyn
3138845,821 54 STREET,312,05665,00070,40.63869,-74.00527,Brooklyn
3139441,1345 55 STREET,312,05677,00055,40.63112,-73.99426,Brooklyn
3139474,1449 55 STREET,312,05678,00053,40.62971,-73.99192,Brooklyn
3139511,862 55 STREET,312,05679,00032,40.63721,-74.00525,BROOKLYN
3139512,864 55 STREET,312,05679,00033,40.63717,-74.0052,BROOKLYN
3139547,902 55 STREET,312,05680,00006,40.63673,-74.00446,BROOKLYN
3139710,1123 56 STREET,312,05682,00069,40.63353,-73.99974,BROOKLYN
3139754,1223 56 STREET,312,05683,00070,40.63219,-73.99754,Brooklyn
3139772,1356 55 STREET,312,05684,00038,40.63064,-73.99438,Brooklyn
3139862,848 56 STREET,312,05686,00025,40.63686,-74.00618,BROOKLYN
3139975,1030 56 STREET,312,05688,00018,40.63445,-74.00219,Brooklyn
3139983,1050 56 STREET,312,05688,00026,40.63415,-74.00169,Brooklyn
3140092,5601 13 AVE,312,05691,00009,40.63087,-73.99609,BROOKLYN
3140109,5622 14 AVENUE,312,05691,00056,40.62949,-73.9947,BROOKLYN
3140140,1467 57 STREET,312,05692,00044,40.62835,-73.99269,BROOKLYN
3140198,877 58 STREET,312,05693,00046,40.63564,-74.00628,BROOKLYN
3140439,1358 57 STREET,312,05698,00049,40.62949,-73.99548,Brooklyn
3140517,846 58 STREET,312,05700,00025,40.63576,-74.00739,Brooklyn
3140532,882 58 STREET,312,05700,00040,40.63525,-74.00655,BROOKLYN
3140706,1238 58 STREET,312,05704,00022,40.63054,-73.99875,BROOKLYN
3140722,5812 13 AVENUE,312,05704,00043,40.62983,-73.99792,BROOKLYN
3140948,1030 59 STREET,312,05709,00019,40.63273,-74.00388,Brooklyn
3141079,5902 NEW UTRECHT AVENUE,312,05712,00023,40.62845,-73.99661,BROOKLYN
3141109,1410 59 STREET,312,05713,00012,40.62769,-73.99553,Brooklyn
3141254,1137 61 STREET,312,05717,00064,40.63051,-74.00242,BROOKLYN
3141270,1230 60 STREET,312,05718,00011,40.62954,-74.00021,Brooklyn
3141349,1458 60 STREET,312,05720,00031,40.62646,-73.99511,BROOKLYN
3141402,844 62 STREET,310,05728,00024,40.6335,-74.00979,Brooklyn
3141642,6220 14 AVENUE,310,05733,00044,40.62611,-73.99821,BROOKLYN
3141730,1038 63 STREET,310,05737,00024,40.63035,-74.00608,BROOKLYN
3141885,6303 14 AVENUE,311,05741,00005,40.62542,-73.99796,BROOKLYN
3142656,836 67 STREET,310,05763,00022,40.63073,-74.01299,BROOKLYN
3142961,1472 67 STREET,311,05769,00038,40.62222,-73.99894,Brooklyn
3143033,6812 FORT HAMILTON PARKWAY,310,05771,00015,40.62912,-74.01202,BROOKLYN
3143384,6008 4 AVENUE,307,05781,00037,40.6408,-74.01897,BROOKLYN
3144085,6302 5 AVENUE,307,05809,00035,40.63784,-74.01827,Brooklyn
3144161,6502 5 AVENUE,310,05818,00027,40.63673,-74.02016,BROOKLYN
3144193,260 65 STREET,310,05825,00001,40.63961,-74.025,Brooklyn
3144195,6530 4 AVENUE,310,05826,00050,40.63759,-74.02223,BROOKLYN
3144205,571 66 STREET,310,05828,00039,40.63523,-74.01774,BROOKLYN
3145825,505 OVINGTON AVENUE,310,05874,00090,40.63273,-74.0209,BROOKLYN
3146153,7100 SHORE ROAD,310,05883,00001,40.63669,-74.03547,Brooklyn
3146491,211 72 STREET,310,05890,00001,40.63432,-74.02876,BROOKLYN
3147584,860 72 STREET,310,05912,00031,40.62758,-74.0153,BROOKLYN
3147750,49 74 STREET,310,05915,00067,40.63404,-74.03451,Brooklyn
3148563,7539 SHORE ROAD,310,05936,00009,40.6327,-74.03699,BROOKLYN
3148987,945 76 STREET,310,05945,00071,40.62469,-74.01585,BROOKLYN
3149622,5 78 STREET,310,05956,00086,40.6316,-74.03776,BROOKLYN
3150655,8009 HARBOR VIEW TERRACE,310,05975,00088,40.62993,-74.03796,Brooklyn
3150678,44 COLONIAL COURT,310,05975,00149,40.62961,-74.03866,BROOKLYN
3150716,66 79 STREET,310,05976,00020,40.63018,-74.03626,BROOKLYN
3150720,80 79 STREET,310,05976,00026,40.63004,-74.03584,Brooklyn
3150736,119 80 STREET,310,05976,00057,40.62947,-74.03511,Brooklyn
3151390,8012 6 AVENUE,310,05990,00044,40.6242,-74.0222,BROOKLYN
3151987,8223 COLONIAL ROAD,310,06005,00001,40.62703,-74.03515,Brooklyn
3152010,8210 RIDGE BOULEVARD,310,06005,00041,40.62681,-74.03297,Brooklyn
3152318,8301 SHORE ROAD,310,06013,00001,40.62681,-74.03808,BROOKLYN
3152323,28 SHORE ROAD LANE,310,06013,00046,40.62622,-74.0397,BROOKLYN
3152716,264 84 STREET,310,06024,00033,40.62495,-74.03114,Brooklyn
3153538,444 86 STREET,310,06045,00024,40.62184,-74.02737,Brooklyn
3154103,8905 RIDGE BOULEVARD,310,06063,00008,40.62172,-74.0344,BROOKLYN
3155009,13 MARINE AVENUE,310,06101,00007,40.62022,-74.03748,Brooklyn
3155326,9201 5 AVENUE,310,06109,00023,40.61758,-74.02917,Brooklyn
3155582,316 95 STREET,310,06117,00010,40.61677,-74.03323,BROOKLYN
3156572,1449 70 STREET,311,06157,00056,40.62115,-74.00072,BROOKLYN
3156652,6920 17 AVENUE,311,06159,00050,40.61792,-73.99557,BROOKLYN
3156653,1683 70 STREET,311,06159,00053,40.61811,-73.9957,Brooklyn
3157299,1749 71 STREET,311,06171,00063,40.61651,-73.99455,BROOKLYN
3158459,1619 73 STREET,311,06192,00085,40.61731,-73.99888,Brooklyn
3158873,1349 74 STREET,310,06200,00057,40.62029,-74.00533,BROOKLYN
3160704,1429 77 STREET,311,06234,00069,40.61753,-74.00546,BROOKLYN
3161518,1833 78 STREET,311,06249,00054,40.61122,-73.99657,Brooklyn
3161649,2183 78 STREET,311,06252,00048,40.6069,-73.98943,Brooklyn
3162711,1601 80TH STREET,311,06271,00001,40.61302,-74.00227,BROOKLYN
3163501,8117 11 AVENUE,310,06290,00003,40.61904,-74.01544,BROOKLYN
3165664,1525 86 STREET,311,06341,00015,40.61116,-74.00829,BROOKLYN
3166665,48 BAY   20 STREET,311,06370,00075,40.60552,-74.00246,BROOKLYN
3166695,33 BAY   20 STREET,311,06371,00035,40.60554,-74.00172,Brooklyn
3166778,66 BAY   22 STREET,311,06372,00078,40.60433,-74.00128,Brooklyn
3166821,20 BAY   23 STREET,311,06373,00060,40.60473,-73.99969,BROOKLYN
3167017,64 BAY   28 STREET,311,06378,00069,40.60173,-73.99683,BROOKLYN
3167450,137 BAY   11 STREET,311,06396,00018,40.60764,-74.0107,Brooklyn
3167632,8750 17 AVENUE,311,06399,00069,40.60578,-74.00822,BROOKLYN
3167807,1910 BENSON AVENUE,311,06406,00027,40.6034,-74.00233,BROOKLYN
3167865,100 BAY   25 STREET,311,06409,00037,40.60226,-73.99986,BROOKLYN
3168454,201 BAY   13 STREET,311,06431,00022,40.60543,-74.01051,Brooklyn
3169131,8891 15TH AVENUE,311,06460,00025,40.60542,-74.01534,BROOKLYN
3169683,8871 18 AVENUE,311,06463,00118,40.60169,-74.00807,Brooklyn
3169828,1355 SHORE PARKWAY,311,06464,00186,40.59999,-74.00766,Brooklyn
3170360,320 WALSH COURT,314,06503,00122,40.62793,-73.9738,BROOKLYN
3170458,801 OCEAN PARKWAY,314,06509,00001,40.62888,-73.97078,Brooklyn
3170480,881 OCEAN PARKWAY,312,06509,00053,40.62708,-73.97037,BROOKLYN
3170555,866 EAST   10 STREET,312,06512,00035,40.62777,-73.96705,Brooklyn
3170557,874 EAST   10 STREET,312,06512,00037,40.6276,-73.96702,BROOKLYN
3170566,877 EAST    9 STREET,312,06512,00054,40.62748,-73.96736,BROOKLYN
3170569,865 EAST    9 STREET,312,06512,00058,40.62775,-73.96741,Brooklyn
3170766,412 AVENUE I,312,06517,00004,40.62612,-73.97276,Brooklyn
3170767,414 AVENUE I,312,06517,00005,40.62613,-73.97267,Brooklyn
3170818,4635 BAY PARKWAY,312,06518,00031,40.62537,-73.97183,BROOKLYN
3170864,953 OCEAN PARKWAY,312,06519,00063,40.62523,-73.97002,BROOKLYN
3170877,936 EAST 8 STREET,312,06520,00013,40.62637,-73.96872,BROOKLYN
3170899,1063 EAST    7 STREET,312,06520,00061,40.62513,-73.96893,Brooklyn
3170939,971 EAST    8 STREET,312,06521,00063,40.62557,-73.96795,BROOKLYN
3170983,945 EAST    9 STREET,312,06522,00070,40.62589,-73.96706,BROOKLYN
3171113,1114 EAST    7 STREET,312,06527,00015,40.62376,-73.96928,BROOKLYN
3171126,1176 EAST    7 STREET,312,06527,00041,40.62235,-73.96902,BROOKLYN
3171156,1056 EAST    8 STREET,312,06528,00023,40.62344,-73.96816,BROOKLYN
3171163,1088 EAST    8 STREET,312,06528,00037,40.62268,-73.96802,BROOKLYN
3171226,920 AVENUE J,312,06530,00008,40.62439,-73.96633,BROOKLYN
3171234,1044 EAST   10 STREET,312,06530,00022,40.62355,-73.96626,BROOKLYN
3171346,1262 EAST    7 STREET,312,06532,00038,40.62019,-73.96861,BROOKLYN
3171430,824 AVENUE K,312,06534,00008,40.6219,-73.9668,BROOKLYN
3171478,1120 EAST   10 STREET,312,06535,00011,40.62147,-73.96603,BROOKLYN
3171581,1354 EAST    3 STREET,312,06538,00032,40.61752,-73.97282,BROOKLYN
3171650,422 AVENUE L,312,06540,00009,40.61898,-73.9711,BROOKLYN
3171759,1308 EAST    7 STREET,312,06542,00017,40.61892,-73.96836,Brooklyn
3171862,1311 EAST    7 STREET,312,06543,00081,40.61889,-73.96774,Brooklyn
3171926,912 AVENUE L,312,06545,00005,40.61958,-73.96573,Brooklyn
3171961,901 AVENUE M,312,06545,00051,40.61761,-73.96564,BROOKLYN
3171968,1263 EAST    9 STREET,312,06545,00060,40.61827,-73.96561,Brooklyn
3172019,1273 EAST   10 STREET,312,06546,00058,40.61817,-73.96465,Brooklyn
3172035,1221 EAST   10 STREET,312,06546,00078,40.61927,-73.96486,Brooklyn
3172891,1378 OCEAN PARKWAY,312,06568,00042,40.61504,-73.96938,BROOKLYN
3172922,1404 EAST    7 STREET,312,06569,00018,40.61657,-73.96795,BROOKLYN
3172944,1393 OCEAN PARKWAY,312,06569,00053,40.61483,-73.96808,BROOKLYN
3172962,1329 OCEAN PARKWAY,312,06569,00077,40.61633,-73.96834,Brooklyn
3172969,706 AVENUE M,312,06570,00002,40.61697,-73.96746,BROOKLYN
3173000,717 RODER AVENUE,312,06570,00045,40.61526,-73.96679,BROOKLYN
3173580,1506 EAST    3 STREET,312,06584,00017,40.61358,-73.97207,Brooklyn
3173603,323 AVENUE O,312,06584,00056,40.61177,-73.97208,Brooklyn
3173608,1543 EAST    2 STREET,312,06584,00064,40.61215,-73.97221,Brooklyn
3173658,1544 EAST    4 STREET,312,06585,00032,40.6129,-73.97098,Brooklyn
3173717,1526 EAST    5 STREET,312,06586,00025,40.61345,-73.97013,Brooklyn
3173902,1561 EAST    7 STREET,312,06589,00068,40.61282,-73.96658,BROOKLYN
3173926,1414 EAST    9 STREET,312,06590,00012,40.61452,-73.96548,BROOKLYN
3174012,1439 EAST    9 STREET,312,06591,00080,40.61392,-73.9648,BROOKLYN
3174020,1002 AVENUE N,312,06592,00001,40.61488,-73.9641,BROOKLYN
3174818,1664 EAST    3 STREET,312,06609,00034,40.60987,-73.97137,BROOKLYN
3175041,1556 EAST    8 STREET,312,06614,00031,40.61083,-73.96577,Brooklyn
3175113,809 AVENUE P,312,06615,00050,40.60995,-73.96487,Brooklyn
3175257,1665 STILLWELL AVENUE,311,06618,00048,40.60557,-73.98659,BROOKLYN
3175318,185 KINGS HIGHWAY,311,06620,00032,40.60591,-73.98454,Brooklyn
3175936,1722 EAST    2 STREET,315,06633,00033,40.6075,-73.97197,BROOKLYN
3175937,1728 EAST    2 STREET,315,06633,00033,40.6075,-73.97197,BROOKLYN
3176075,445 QUENTIN ROAD,315,06636,00048,40.60727,-73.96932,Brooklyn
3176104,509 QUENTIN ROAD,315,06637,00053,40.60738,-73.96838,BROOKLYN
3176138,1754 EAST    7 STREET,315,06638,00036,40.60786,-73.96628,BROOKLYN
3176180,1650 EAST    8 STREET,315,06639,00031,40.60835,-73.96531,BROOKLYN
3176241,1665 EAST    8 STREET,315,06640,00050,40.60806,-73.96463,Brooklyn
3176279,1655 EAST    9 STREET,315,06641,00056,40.60845,-73.96376,BROOKLYN
3176498,1755 WEST   12 STREET,311,06645,00069,40.60397,-73.98438,BROOKLYN
3176666,257 KINGS HIGHWAY,311,06648,00008,40.6055,-73.98145,Brooklyn
3177195,1935 MCDONALD AVENUE,315,06658,00074,40.60555,-73.97203,Brooklyn
3177203,394 QUENTIN ROAD,315,06659,00003,40.60658,-73.97117,Brooklyn
3177218,1810 EAST    3 STREET,315,06659,00021,40.60607,-73.97064,Brooklyn
3177236,1856 EAST    3 STREET,315,06659,00040,40.60506,-73.97047,BROOKLYN
3177303,1834 EAST    4 STREET,315,06660,00030,40.60561,-73.96958,BROOKLYN
3177414,1704 OCEAN PARKWAY,315,06662,00010,40.60699,-73.96783,Brooklyn
3177563,1762 EAST    9 STREET,315,06665,00052,40.60608,-73.96389,Brooklyn
3177680,1855 STILLWELL AVENUE,311,06667,00024,40.60119,-73.98557,BROOKLYN
3178299,1833 WEST    4 STREET,311,06677,00067,40.60285,-73.97645,BROOKLYN
3178328,98 VAN SICKLEN STREET,311,06678,00023,40.6021,-73.97479,BROOKLYN
3178610,443 AVENUE S,315,06681,00266,40.60244,-73.96892,Brooklyn
3178687,1892 EAST    7 STREET,315,06682,00019,40.60435,-73.96561,BROOKLYN
3178740,1856 EAST    8 STREET,315,06683,00032,40.60366,-73.96441,Brooklyn
3178742,1864 EAST    8 STREET,315,06683,00035,40.6035,-73.96438,Brooklyn
3178755,1931 EAST    7 STREET,315,06683,00065,40.60353,-73.96483,Brooklyn
3178839,1859 EAST    9 STREET,315,06685,00077,40.60378,-73.96281,BROOKLYN
3179596,912 EAST   15 STREET,314,06707,00012,40.62716,-73.96204,BROOKLYN
3180152,1064 EAST   19 STREET,314,06720,00060,40.62457,-73.95771,BROOKLYN
3181250,1435 EAST   12 STREET,314,06750,00083,40.61437,-73.9619,Brooklyn
3181506,1442 EAST   18 STREET,314,06755,00017,40.61519,-73.95689,BROOKLYN
3181714,1534 EAST   13 STREET,314,06759,00020,40.61183,-73.96104,BROOKLYN
3182127,1612 EAST   22 STREET,314,06768,00030,40.61233,-73.95215,Brooklyn
3182411,1622 EAST 15 STREET,315,06777,00015,40.60975,-73.95876,BROOKLYN
3182707,1667 EAST   24 STREET,315,06787,00050,40.60971,-73.94913,Brooklyn
3182758,1672 EAST   29 STREET,315,06791,00024,40.61016,-73.94505,BROOKLYN
3182833,1756 EAST   12 STREET,315,06794,00031,40.60661,-73.96111,Brooklyn
3182834,1758 EAST   12 STREET,315,06794,00031,40.60661,-73.96111,Brooklyn
3182850,1100 KINGS HIGHWAY,315,06794,00078,40.60708,-73.96149,BROOKLYN
3183271,1833 EAST   21 STREET,315,06804,00078,40.60808,-73.95171,BROOKLYN
3183303,1797 EAST   22 STREET,315,06805,00068,40.60767,-73.95069,BROOKLYN
3183791,1724 BURNETT STREET,315,06816,00014,40.61026,-73.94235,BROOKLYN
3184148,2020 AVENUE R,315,06826,00009,40.60619,-73.95193,Brooklyn
3184180,1864 EAST   22 STREET,315,06827,00017,40.60582,-73.95092,BROOKLYN
3184202,1961 EAST   21 STREET,315,06827,00059,40.60492,-73.95111,BROOKLYN
3184377,1830 EAST   26 STREET,315,06831,00018,40.60619,-73.94713,BROOKLYN
3185098,2365 83 STREET,311,06851,00051,40.60149,-73.98799,BROOKLYN
3185382,2501 86 ST,311,06860,00001,40.59798,-73.98672,BROOKLYN
3185891,106 BAY   34 STREET,311,06873,00055,40.59812,-73.99332,Brooklyn
3186884,2703 HARWAY AVENUE,313,06900,00009,40.59018,-73.98778,Brooklyn
3186961,67 BAY   47 STREET,313,06902,00024,40.58993,-73.98562,Brooklyn
3186971,18 28 AVENUE,313,06902,00045,40.59015,-73.98492,Brooklyn
3187297,2795 CROPSEY AVENUE,313,06915,00044,40.58689,-73.98826,Brooklyn
3187456,2558 STILLWELL AVENUE,313,06919,00038,40.58551,-73.98349,Brooklyn
3187688,2616 CROPSEY AVENUE,313,06933,00051,40.58986,-73.99155,Brooklyn
3187985,3752 BAYVIEW AVENUE,313,06956,00013,40.58057,-74.00587,BROOKLYN
3188474,2707 WEST   16 STREET,313,06996,00041,40.58134,-73.98426,Brooklyn
3188543,3915 NEPTUNE AVENUE,313,06998,00001,40.57653,-74.00855,Brooklyn
3188726,3314 NEPTUNE AVENUE,313,07006,00001,40.57677,-74.00044,BROOKLYN
3188894,2824 WEST   23 STREET,313,07015,00015,40.57719,-73.99089,BROOKLYN
3189410,4823 BEACH   48 STREET,313,07036,00068,40.57735,-74.01157,Brooklyn
3189540,2950 WEST   24 STREET,313,07055,00013,40.5746,-73.99143,Brooklyn
3189815,49 AVENUE T,311,07077,00044,40.59843,-73.98315,Brooklyn
3190384,1919 WEST    3 STREET,311,07085,00162,40.60094,-73.97517,BROOKLYN
3190444,321 AVENUE T,311,07087,00046,40.59946,-73.97316,BROOKLYN
3191322,244 VAN SICKLEN STREET,311,07101,00104,40.59824,-73.97519,Brooklyn
3191461,353 AVENUE T,315,07104,00051,40.59965,-73.97214,BROOKLYN
3191523,1957 EAST    1 STREET,315,07104,00209,40.60057,-73.97089,Brooklyn
3191525,1949 EAST    1 STREET,315,07104,00209,40.60057,-73.97089,Brooklyn
3191533,1921 EAST    1 STREET,315,07104,00224,40.60136,-73.97105,Brooklyn
3191587,2044 EAST    1 STREET,315,07104,00388,40.59863,-73.9711,BROOKLYN
3191609,2069 WEST STREET,315,07104,00424,40.59779,-73.97131,Brooklyn
3191615,2049 WEST STREET,315,07104,00431,40.59822,-73.97139,BROOKLYN
3191627,388 AVENUE T,315,07104,00452,40.59931,-73.97069,BROOKLYN
3191730,1985 EAST    2 STREET,315,07105,00128,40.60106,-73.97004,BROOKLYN
3191804,444 AVENUE T,315,07106,00074,40.59955,-73.96854,Brooklyn
3191816,2035 EAST    3 STREET,315,07106,00128,40.60062,-73.969,BROOKLYN
3191822,2003 EAST    3 STREET,315,07106,00140,40.60134,-73.96914,BROOKLYN
3191826,436 AVENUE S,315,07106,00154,40.60192,-73.96914,Brooklyn
3191847,2112 EAST    5 STREET,315,07107,00007,40.59917,-73.96738,BROOKLYN
3191863,2146 EAST    5 STREET,315,07107,00027,40.59809,-73.96722,BROOKLYN
3191926,2022 EAST    5 STREET,315,07107,00143,40.6011,-73.96779,BROOKLYN
3191941,526 AVENUE T,315,07108,00011,40.59977,-73.96633,Brooklyn
3191993,1993 EAST    5 STREET,315,07108,00126,40.60187,-73.96735,Brooklyn
3192005,1956 OCEAN PARKWAY,315,07108,00159,40.60106,-73.96674,BROOKLYN
3192152,2066 EAST 9 STREET,315,07111,00033,40.59883,-73.96252,BROOKLYN
3192170,2047 EAST    8 STREET,315,07111,00062,40.59914,-73.96294,BROOKLYN
3192490,2166 WEST    6 STREET,315,07120,00034,40.5949,-73.97756,BROOKLYN
3192734,2102 EAST    1 STREET,315,07127,00009,40.597,-73.97079,Brooklyn
3192815,2121 EAST    1 STREET,315,07128,00067,40.59675,-73.97017,Brooklyn
3192832,2210 EAST    3 STREET,315,07129,00029,40.59617,-73.96874,BROOKLYN
3192844,2205 EAST    2 STREET,315,07129,00052,40.59567,-73.96902,BROOKLYN
3192903,2207 EAST    3 STREET,315,07130,00060,40.59629,-73.96819,BROOKLYN
3192904,2203 EAST    3 STREET,315,07130,00061,40.59642,-73.96821,Brooklyn
3192980,2118 OCEAN PARKWAY,315,07132,00017,40.5973,-73.966,BROOKLYN
3192984,2134 OCEAN PARKWAY,315,07132,00021,40.59694,-73.96594,BROOKLYN
3193047,2200 EAST    7 STREET,315,07133,00025,40.59679,-73.9642,BROOKLYN
3193051,2212 EAST    7 STREET,315,07133,00029,40.5965,-73.96415,BROOKLYN
3193123,2217 EAST    7 STREET,315,07134,00056,40.59645,-73.96349,Brooklyn
3193126,2209 EAST    7 STREET,315,07134,00059,40.59664,-73.96352,BROOKLYN
3193397,102 WOLF PLACE,315,07145,00085,40.59304,-73.97626,BROOKLYN
3193573,10 STRYKER STREET,315,07150,00008,40.59363,-73.9728,BROOKLYN
3193593,251 AVENUE W,315,07150,00037,40.59258,-73.97363,Brooklyn
3193689,2222 EAST    1 STREET,315,07152,00016,40.59456,-73.97033,BROOKLYN
3193824,2300 EAST    3 STREET,315,07154,00030,40.59391,-73.96832,BROOKLYN
3193935,2230 OCEAN PARKWAY,315,07157,00013,40.59491,-73.96555,BROOKLYN
3193941,2256 OCEAN PARKWAY,315,07157,00032,40.59426,-73.96542,Brooklyn
3194091,818 AVENUE V,315,07159,00108,40.59581,-73.96196,Brooklyn
3194165,2353 STILLWELL AVENUE,313,07160,00064,40.58994,-73.98363,BROOKLYN
3194374,274 AVENUE W,315,07173,00009,40.59216,-73.97301,BROOKLYN
3194485,309 AVENUE X,315,07174,00094,40.59063,-73.97164,Brooklyn
3194568,2350 EAST    1 STREET,315,07176,00027,40.59149,-73.96974,Brooklyn
3194651,2337 EAST    1 STREET,315,07177,00063,40.59183,-73.96924,BROOKLYN
3194683,2379 EAST    2 STREET,315,07178,00050,40.59124,-73.96818,Brooklyn
3194829,616 AVENUE W,315,07183,00007,40.59317,-73.96378,Brooklyn
3195167,2433 WEST    1 STREET,315,07195,00065,40.5896,-73.97071,BROOKLYN
3195459,2411 OCEAN PARKWAY,315,07202,00033,40.59081,-73.96458,Brooklyn
3195572,740 DESMOND COURT,315,07204,00072,40.59058,-73.96136,BROOKLYN
3195813,10 MANHATTAN COURT,313,07218,00004,40.58776,-73.96741,BROOKLYN
3196558,2840 WEST   12 STREET,313,07266,00040,40.57821,-73.98035,BROOKLYN
3196584,2978 OCEAN PARKWAY,313,07274,00030,40.57832,-73.96882,BROOKLYN
3196604,1922 EAST   12 STREET,315,07290,00015,40.60252,-73.96079,Brooklyn
3196618,1958 EAST   12 STREET,315,07290,00029,40.6017,-73.96075,BROOKLYN
3196671,1942 HOMECREST AVENUE,315,07291,00018,40.60214,-73.96008,Brooklyn
3196806,1945 EAST   14 STREET,315,07293,00070,40.60232,-73.95773,BROOKLYN
3196869,1620 AVENUE S,315,07295,00008,40.60341,-73.95564,BROOKLYN
3197083,2070 EAST   21 STREET,315,07299,00039,40.60221,-73.95118,BROOKLYN
3197085,2019 AVENUE T,315,07299,00045,40.60196,-73.95112,BROOKLYN
3197259,1933 EAST   23 STREET,315,07302,00075,40.60353,-73.94896,BROOKLYN
3197370,4035 BEDFORD AVENUE,315,07304,00071,40.60362,-73.94701,Brooklyn
3197655,2950 AVENUE S,315,07309,00010,40.60492,-73.94194,BROOKLYN
3197663,1936 HARING STREET,315,07309,00018,40.60423,-73.94189,Brooklyn
3197747,1978 BATCHELDER STREET,315,07311,00035,40.60352,-73.93986,Brooklyn
3197852,1979 FORD STREET,315,07313,00037,40.60361,-73.93835,Brooklyn
3197994,2061 HOMECREST AVENUE,315,07317,00057,40.59928,-73.95904,BROOKLYN
3198018,2030 EAST   14 STREET,315,07318,00018,40.60016,-73.95789,Brooklyn
3198020,2042 EAST   14 STREET,315,07318,00022,40.5999,-73.95784,BROOKLYN
3198457,2077 EAST   22 STREET,315,07327,00062,40.60061,-73.94935,BROOKLYN
3199366,2144 EAST   12 STREET,315,07343,00024,40.59729,-73.96035,BROOKLYN
3199471,2147 HOMECREST AVENUE,315,07345,00058,40.59738,-73.95868,Brooklyn
3200348,2990 AVENUE U,315,07365,00006,40.60033,-73.93925,Brooklyn
3201080,2224 EAST   23 STREET,315,07381,00201,40.59687,-73.94846,BROOKLYN
3201629,3117 AVENUE W,315,07393,00001,40.59801,-73.93417,BROOKLYN
3202125,2776 OCEAN AVENUE,315,07404,00028,40.59365,-73.95072,BROOKLYN
3203013,2470 EAST   16 STREET,315,07417,00036,40.59047,-73.95406,Brooklyn
3205149,2622 EAST   24 STREET,315,07468,00030,40.58821,-73.94579,Brooklyn
3205435,2675 EAST   29 STREET,315,07474,00001,40.58837,-73.94014,BROOKLYN
3205780,725 EAST   23 STREET,314,07551,00026,40.63262,-73.95427,Brooklyn
3205967,3216 GLENWOOD ROAD,317,07560,00045,40.6339,-73.94523,BROOKLYN
3206346,2611 AVENUE I,314,07572,00005,40.62904,-73.95065,BROOKLYN
3206416,858 EAST   29 STREET,314,07574,00070,40.63001,-73.94879,Brooklyn
3206465,3421 AVENUE I,318,07580,00002,40.62987,-73.94272,BROOKLYN
3206713,900 EAST   24 STREET,314,07587,00049,40.62827,-73.95318,Brooklyn
3206714,916 EAST   24 STREET,314,07587,00052,40.62807,-73.95323,Brooklyn
3206865,2717 AVENUE J,314,07591,00003,40.62677,-73.94915,BROOKLYN
3207130,3116 AVENUE I,318,07595,00047,40.6291,-73.94571,Brooklyn
3207496,1206 EAST   21 STREET,314,07602,00078,40.62398,-73.95531,BROOKLYN
3207538,1133 EAST   22 STREET,314,07604,00019,40.62445,-73.95386,Brooklyn
3207584,1059 EAST   24 STREET,314,07606,00021,40.62474,-73.95203,BROOKLYN
3207618,3203 BEDFORD AVENUE,314,07607,00013,40.62443,-73.95095,BROOKLYN
3207835,1079 EAST   29 STREET,314,07611,00013,40.62482,-73.94723,Brooklyn
3208461,2515 AVENUE L,314,07625,00001,40.62208,-73.95033,BROOKLYN
3208932,1220 EAST   35 STREET,318,07634,00054,40.62426,-73.94188,Brooklyn
3209190,1393 EAST   21 STREET,314,07639,00017,40.61946,-73.95387,BROOKLYN
3209355,3319 BEDFORD AVENUE,314,07643,00041,40.62125,-73.95042,Brooklyn
3209423,1278 EAST   27 STREET,314,07644,00077,40.61979,-73.94875,Brooklyn
3209582,2593 NOSTRAND AVENUE,318,07648,00032,40.62146,-73.94554,Brooklyn
3210024,1445 EAST   21 STREET,314,07657,00035,40.618,-73.95359,BROOKLYN
3210100,1351 EAST   24 STREET,314,07660,00023,40.61771,-73.9507,Brooklyn
3210102,1343 EAST   24 STREET,314,07660,00027,40.61792,-73.95074,BROOKLYN
3210199,1324 EAST   27 STREET,314,07662,00062,40.61861,-73.94853,BROOKLYN
3210860,2328 OLEAN STREET,314,07677,00078,40.61471,-73.95089,BROOKLYN
3210923,3611 BEDFORD AVENUE,314,07679,00006,40.61425,-73.94903,Brooklyn
3211532,1530 EAST   33 STREET,318,07694,00049,40.61578,-73.94218,BROOKLYN
3212159,1629 EAST   31 STREET,318,07704,00028,40.61348,-73.94132,BROOKLYN
3212305,1667 EAST   34 STREET,318,07707,00028,40.61486,-73.93917,BROOKLYN
3212835,1739 EAST   33 STREET,318,07716,00026,40.61263,-73.93792,Brooklyn
3214764,990 EAST   56 STREET,318,07759,00064,40.63205,-73.92279,Brooklyn
3216028,1138 EAST   43 STREET,318,07790,00042,40.62716,-73.93484,BROOKLYN
3218282,2131 TROY AVENUE,318,07842,00019,40.62199,-73.93271,BROOKLYN
3219050,1233 EAST   57 STREET,318,07855,00028,40.62311,-73.92025,Brooklyn
3219419,1615 RYDER STREET,318,07863,00034,40.61749,-73.93586,Brooklyn
3219420,3902 AVENUE P,318,07863,00038,40.61758,-73.9361,BROOKLYN
3220631,1728 KIMBALL STREET,318,07886,00052,40.61578,-73.93349,BROOKLYN
3220652,1757 KIMBALL STREET,318,07887,00017,40.61558,-73.93252,BROOKLYN
3220765,2138 FLATBUSH AVENUE,318,07889,00044,40.61748,-73.9317,Brooklyn
3220766,2148 FLATBUSH AVENUE,318,07889,00049,40.61734,-73.93153,Brooklyn
3220767,2152 FLATBUSH AVENUE,318,07889,00050,40.61725,-73.93144,Brooklyn
3220849,2243 SCHENECTADY AVENUE,318,07892,00016,40.61715,-73.92929,Brooklyn
3221227,1556 EAST   56 STREET,318,07900,00070,40.61761,-73.92124,Brooklyn
3224028,645 EAST   87 STREET,318,07992,00019,40.64104,-73.91027,Brooklyn
3224577,747 EAST   87 STREET,318,08008,00017,40.63955,-73.90862,Brooklyn
3229072,1305 ROCKAWAY PARKWAY,318,08147,00018,40.64772,-73.90471,Brooklyn
3229074,904 EAST   98 STREET,318,08147,00024,40.64803,-73.90482,Brooklyn
3229349,9514 FARRAGUT ROAD,318,08164,00039,40.6456,-73.90509,BROOKLYN
3229734,718 EAST   99 STREET,318,08186,00045,40.64568,-73.90052,BROOKLYN
3229998,1205 EAST   93 STREET,318,08201,00029,40.6412,-73.90289,Brooklyn
3230120,1580 ROCKAWAY PARKWAY,318,08204,00068,40.6422,-73.89954,Brooklyn
3230230,939 EAST   99 STREET,318,08207,00023,40.64402,-73.898,Brooklyn
3230811,1319 EAST   92 STREET,318,08219,00010,40.63836,-73.90098,BROOKLYN
3231560,1348 EAST   91 STREET,318,08236,00047,40.63692,-73.90134,BROOKLYN
3231618,1389 EAST   92 STREET,318,08238,00020,40.63705,-73.89943,BROOKLYN
3232939,1215 EAST   99 STREET,318,08264,00035,40.63959,-73.89297,BROOKLYN
3236148,5618 AVENUE O,318,08377,00043,40.61676,-73.92018,BROOKLYN
3236366,1455 EAST   63 STREET,318,08385,00022,40.61858,-73.9157,Brooklyn
3236415,1453 EAST   64 STREET,318,08386,00017,40.61873,-73.91463,Brooklyn
3237696,2116 EAST   72 STREET,318,08431,00046,40.61982,-73.90658,Brooklyn
3237783,2101 EAST   74 STREET,318,08434,00036,40.62116,-73.90489,Brooklyn
3237791,2160 ROYCE STREET,318,08434,00064,40.62043,-73.90357,Brooklyn
3237797,2167 ROYCE STREET,318,08435,00012,40.62058,-73.90289,Brooklyn
3237984,2246 EAST   74 STREET,318,08442,00059,40.61856,-73.90273,BROOKLYN
3238470,6202 AVENUE U,318,08463,00001,40.61542,-73.91339,BROOKLYN
3238483,6209 STRICKLAND AVENUE,318,08463,00047,40.61421,-73.91193,BROOKLYN
3240150,1930 EAST   36 STREET,318,08502,00058,40.61062,-73.93274,BROOKLYN
3240454,1939 KIMBALL STREET,318,08507,00025,40.61262,-73.92921,Brooklyn
3240521,1922 HENDRICKSON STREET,318,08508,00050,40.61357,-73.92857,Brooklyn
3241835,2144 KIMBALL STREET,318,08539,00056,40.609,-73.92593,BROOKLYN
3241922,4106 AVENUE T,318,08541,00039,40.61042,-73.92547,Brooklyn
3242244,3802 AVENUE U,318,08555,00037,40.60746,-73.92569,BROOKLYN
3242534,2794 MILL AVENUE,318,08593,00089,40.6069,-73.91592,Brooklyn
3242940,461 MAYFAIR DRIVE SOUTH,318,08607,00003,40.60753,-73.90829,Brooklyn
3242943,449 MAYFAIR DRIVE SOUTH,318,08607,00009,40.60734,-73.90794,BROOKLYN
3242984,349 WHITMAN DRIVE,318,08608,00009,40.60592,-73.90736,BROOKLYN
3243147,155 WHITMAN DRIVE,318,08616,00020,40.60962,-73.90237,BROOKLYN
3243220,65 GAYLORD DRIVE SOUTH,318,08619,00007,40.609,-73.90564,Brooklyn
3243304,18 BARLOW DRIVE NORTH,318,08623,00008,40.61071,-73.90591,BROOKLYN
3243399,106 WHITMAN DRIVE,318,08628,00005,40.61081,-73.90352,Brooklyn
3243410,172 WHITMAN DRIVE,318,08628,00027,40.60931,-73.90316,Brooklyn
3243432,2253 EAST   66 STREET,318,08631,00083,40.6149,-73.90758,BROOKLYN
3243434,2265 EAST   66 STREET,318,08631,00087,40.61468,-73.90736,Brooklyn
3243469,6404 STRICKLAND AVENUE,318,08633,00001,40.61468,-73.91024,BROOKLYN
3244023,2634 EAST   66 STREET,318,08649,00053,40.60741,-73.9094,Brooklyn
3244230,2260 EAST   63 STREET,318,08656,00039,40.61314,-73.91039,BROOKLYN
3244261,2979 OCEAN PARKWAY,313,08661,00066,40.57861,-73.96743,Brooklyn
3244262,2975 OCEAN PARKWAY,313,08661,00066,40.57861,-73.96743,Brooklyn
3244400,2921 BRIGHTON    4 STREET,313,08664,00415,40.58055,-73.96429,Brooklyn
3244689,249 BRIGHTON BEACH AVENUE,313,08671,00934,40.57711,-73.96563,BROOKLYN
3244994,705 BRIGHTON BEACH AVENUE,313,08678,00005,40.57812,-73.96041,Brooklyn
3244995,703 BRIGHTON BEACH AVENUE,313,08678,00006,40.57811,-73.96048,Brooklyn
3245017,3168 CONEY ISLAND AVENUE,313,08678,00077,40.57878,-73.96003,BROOKLYN
3245088,414 BRIGHTON BEACH AVENUE,313,08688,00072,40.57708,-73.96272,Brooklyn
3245104,500 BRIGHTWATER COURT,313,08690,00091,40.57542,-73.9621,Brooklyn
3245725,35 SEACOAST TERRACE,313,08721,00360,40.57665,-73.95618,BROOKLYN
3245804,89 WEST END AVE,315,08726,00050,40.57955,-73.95317,BROOKLYN
3245863,1 BEAUMONT STREET,315,08728,00025,40.58175,-73.95161,Brooklyn
3245983,101 ORIENTAL BOULEVARD,315,08732,00010,40.57717,-73.9527,Brooklyn
3246124,171 DOVER STREET,315,08736,00038,40.57803,-73.94902,BROOKLYN
3246187,240 AMHERST STREET,315,08738,00070,40.57595,-73.952,Brooklyn
3246222,267 AMHERST STREET,315,08739,00090,40.57536,-73.95134,BROOKLYN
3246223,263 AMHERST STREET,315,08739,00092,40.57546,-73.95136,BROOKLYN
3246247,281 BEAUMONT STREET,315,08740,00067,40.57508,-73.95035,Brooklyn
3246260,216 DOVER STREET,315,08741,00008,40.57681,-73.94933,BROOKLYN
3246278,269 COLERIDGE STREET,315,08741,00056,40.57557,-73.9495,BROOKLYN
3246280,257 COLERIDGE STREET,315,08741,00060,40.57578,-73.94954,BROOKLYN
3246347,4274 OCEAN AVENUE,315,08743,00088,40.57614,-73.94733,Brooklyn
3246436,126 GIRARD STREET,315,08749,00253,40.57938,-73.94598,BROOKLYN
3246456,127 FALMOUTH STREET,315,08749,00314,40.57929,-73.94633,Brooklyn
3246495,180 IRWIN STREET,315,08751,00441,40.57834,-73.94389,BROOKLYN
3246975,1517 EMMONS AVENUE,315,08769,00049,40.58351,-73.95292,Brooklyn
3246979,1505 EMMONS AVENUE,315,08769,00053,40.5835,-73.95321,Brooklyn
3247005,1720 SHEEPSHEAD BAY ROAD,315,08770,00013,40.58535,-73.952,BROOKLYN
3247036,3379 SHORE PARKWAY,315,08772,00026,40.58506,-73.9506,Brooklyn
3247162,4742 BEDFORD AVENUE,315,08782,00032,40.58587,-73.94434,Brooklyn
3247653,2822 BROWN STREET,315,08797,00058,40.5846,-73.93716,Brooklyn
3247806,2816 BATCHELDER STREET,315,08800,00186,40.58491,-73.93623,Brooklyn
3247957,1008 BANNER AVENUE,315,08809,00026,40.58337,-73.95964,BROOKLYN
3248025,2902 EMMONS AVENUE,315,08815,00021,40.58337,-73.93976,Brooklyn
3248684,3050 GERRITSEN AVENUE,315,08845,01916,40.5871,-73.91907,BROOKLYN
3249145,3 BARTLETT PLACE,315,08883,00852,40.5886,-73.9276,BROOKLYN
3249348,27 CANTON COURT,315,08900,00030,40.58735,-73.92093,Brooklyn
3250380,33 JORALEMON STREET,302,00252,00059,40.69395,-73.99843,Brooklyn
3250384,19 COLUMBIA PLACE,302,00259,00019,40.69313,-73.99836,BROOKLYN
3251150,217 BUFFALO AVENUE,308,01375,00007,40.6717,-73.92498,BROOKLYN
3251761,101 EAGLE STREET,301,02495,00066,40.7352,-73.95695,Brooklyn
3252359,179 AMBOY STREET,316,03540,00016,40.66606,-73.91344,BROOKLYN
3252994,615 AUTUMN AVENUE,305,04254,00004,40.67372,-73.86749,BROOKLYN
3253166,129 MC DONALD AVENUE,307,05270,00001,40.65143,-73.98039,Brooklyn
3253615,1702 OCEAN PARKWAY,315,06662,00009,40.60706,-73.96785,BROOKLYN
3253833,2703 AVENUE S,315,06833,00050,40.60502,-73.94547,Brooklyn
3253962,2044 EAST    2 STREET,315,07104,00458,40.59936,-73.97022,BROOKLYN
3253968,450 AVENUE T,315,07106,00076,40.59957,-73.96837,BROOKLYN
3253978,501 AVENUE T,315,07108,00184,40.6002,-73.96711,Brooklyn
3254017,2243 EAST    3 STREET,315,07155,00001,40.59524,-73.96806,Brooklyn
3254336,2303 AVENUE K,314,07605,00008,40.62392,-73.95289,BROOKLYN
3254545,4101 AVENUE J,318,07767,00009,40.62789,-73.93633,BROOKLYN
3255205,546 SARATOGA AVENUE,316,03514,00153,40.66745,-73.9173,BROOKLYN
3255362,588 THOMAS S BOYLAND STREET,316,03540,00025,40.66625,-73.9131,Brooklyn
3255627,425 HENRY STREET,306,00311,00001,40.68684,-73.99745,BROOKLYN
3255732,235 52 STREET,307,00797,00059,40.64755,-74.01694,Brooklyn
3256366,710 DRIGGS AVENUE,301,02393,00031,40.71354,-73.96025,Brooklyn
3256785,266 60 STREET,307,05780,00034,40.6423,-74.02137,BROOKLYN
3256876,2166 HOMECREST AVENUE,315,07344,00034,40.59689,-73.9592,Brooklyn
3256921,10502 AVENUE D,318,08138,00001,40.65327,-73.90023,BROOKLYN
3257041,125 NAVY WALK,302,02050,00001,40.69457,-73.98112,BROOKLYN
3258903,701 EAST    2 STREET,312,05396,00059,40.63404,-73.97629,BROOKLYN
3259334,612 LEXINGTON AVENUE,303,01625,00015,40.68924,-73.93536,Brooklyn
3259455,101 NORTH HENRY STREET,301,02703,00029,40.72272,-73.94336,Brooklyn
3259616,1567 63 STREET,311,05530,00050,40.62363,-73.99404,BROOKLYN
3319488,735 DEKALB AVENUE,303,01775,00057,40.69212,-73.94693,Brooklyn
3319813,3030 NOSTRAND AVENUE,315,06792,00031,40.61033,-73.94411,Brooklyn
3320734,425 NEPTUNE AVENUE,313,07253,00001,40.58089,-73.9698,BROOKLYN
3320735,2820 OCEAN PARKWAY,313,07253,00001,40.58089,-73.9698,BROOKLYN
3320736,2765 WEST    5 STREET,313,07253,00001,40.58089,-73.9698,BROOKLYN
3320775,3022 AVENUE V,315,07389,00001,40.59758,-73.937,Brooklyn
3320782,2241 BATCHELDER STREET,315,07389,00001,40.59758,-73.937,Brooklyn
3320783,2231 BATCHELDER STREET,315,07389,00001,40.59758,-73.937,Brooklyn
3321762,3601 SURF AVENUE,313,07045,00031,40.57372,-74.00209,BROOKLYN
3321834,2930 WEST   30 STREET,313,07050,00001,40.57383,-73.99668,Brooklyn
3321839,2936 WEST   23 STREET,313,07056,00014,40.5748,-73.99039,BROOKLYN
3321866,448 DEKALB AVENUE,303,01938,00001,40.68979,-73.95866,BROOKLYN
3321976,154GAR SOUTH OXFORD STREET,302,02004,00054,40.68467,-73.97346,BROOKLYN
3321977,158 SOUTH OXFORD STREET,302,02004,00054,40.68467,-73.97346,BROOKLYN
3321981,475 CARLTON AVENUE,302,02007,00014,40.68401,-73.97044,BROOKLYN
3322123,533 LAFAYETTE AVENUE,303,01783,00082,40.68988,-73.95337,BROOKLYN
3322185,2738 86 STREET,313,07140,00016,40.59153,-73.97987,Brooklyn
3322190,652 GAR GREENE AVENUE,303,01800,00035,40.68914,-73.94273,BROOKLYN
3322192,652 GREENE AVENUE,303,01800,00035,40.68914,-73.94273,BROOKLYN
3322273,76 GAR CLINTON AVENUE,302,01887,00059,40.69535,-73.9696,Brooklyn
3322274,76 CLINTON AVENUE,302,01887,00059,40.69535,-73.9696,Brooklyn
3322305,2358 EAST    5 STREET,315,07180,00014,40.59263,-73.96619,Brooklyn
3322841,185 SKILLMAN AVENUE,301,02750,00029,40.71626,-73.94352,Brooklyn
3322922,326 GRAHAM AVENUE,301,02765,00001,40.71397,-73.94397,BROOKLYN
3323169,60 DIVISION AVENUE,301,02166,00001,40.70625,-73.96622,BROOKLYN
3323171,541 WYTHE AVENUE,301,02166,00001,40.70625,-73.96622,BROOKLYN
3323272,117 LUQUER STREET,306,00373,00038,40.678,-74.00074,BROOKLYN
3323274,115 LUQUER STREET,306,00373,00038,40.678,-74.00074,BROOKLYN
3323318,463 BALTIC STREET,306,00399,00059,40.68302,-73.98651,Brooklyn
3323369,544 UNION STREET,306,00440,00027,40.67836,-73.98617,Brooklyn
3323370,550 UNION STREET,306,00440,00029,40.67831,-73.98604,Brooklyn
3323752,39 DIKEMAN STREET,306,00588,00018,40.67508,-74.01145,Brooklyn
3323755,35 DIKEMAN STREET,306,00588,00020,40.675,-74.01135,Brooklyn
3323757,33 DIKEMAN STREET,306,00588,00021,40.67496,-74.01129,Brooklyn
3324513,287 18 STREET,307,00873,00056,40.66225,-73.98993,Brooklyn
3324610,1430 BERGEN STREET,308,01352,00001,40.67486,-73.93751,Brooklyn
3324659,729 EAST NEW YORK AVENUE,309,01428,00061,40.66254,-73.93866,BROOKLYN
3324696,31 MOTHER GASTON BOULEVARD,316,01529,00001,40.68109,-73.90807,BROOKLYN
3324866,181 NORTH    6 STREET,301,02328,00023,40.7167,-73.957,Brooklyn
3324998,966 GREENE AVENUE,303,01622,00026,40.69069,-73.92909,Brooklyn
3325244,766 DEAN STREET,308,01139,00012,40.67926,-73.9647,Brooklyn
3325295,17 NORTH HENRY STREET,301,02831,00014,40.71959,-73.94288,Brooklyn
3325363,871 METROPOLITAN AVENUE,301,02912,00037,40.71478,-73.93988,BROOKLYN
3325574,82 STOCKHOLM STREET,304,03254,00030,40.69688,-73.925,Brooklyn
3325579,53 STANHOPE STREET,304,03254,00072,40.696,-73.9254,Brooklyn
3325683,269 CENTRAL AVENUE,304,03286,00001,40.69695,-73.92116,BROOKLYN
3325694,289 CENTRAL AVENUE,304,03297,00001,40.69657,-73.92056,BROOKLYN
3325703,9 MENAHAN STREET,304,03304,00024,40.69268,-73.92281,BROOKLYN
3325726,415 EVERGREEN AVENUE,304,03332,00001,40.69254,-73.91958,Brooklyn
3325812,60 REAR MESEROLE STREET,301,03050,00008,40.70744,-73.94772,BROOKLYN
3325813,62 MESEROLE STREET,301,03050,00008,40.70744,-73.94772,BROOKLYN
3325814,64 MESEROLE STREET,301,03050,00008,40.70744,-73.94772,Brooklyn
3325815,66 MESEROLE STREET,301,03050,00008,40.70744,-73.94772,BROOKLYN
3325816,56 MESEROLE STREET,301,03050,00008,40.70744,-73.94772,Brooklyn
3325835,151 MORGAN AVENUE,301,03056,00140,40.70881,-73.93347,Brooklyn
3325939,285 PACIFIC STREET,302,00182,00055,40.68799,-73.98904,Brooklyn
3325972,102 MOORE STREET,301,03106,00017,40.70366,-73.94141,Brooklyn
3326169,399 CENTRAL AVENUE,304,03351,00001,40.69397,-73.91591,BROOKLYN
3326170,180 PALMETTO STREET,304,03351,00001,40.69397,-73.91591,BROOKLYN
3326207,9 LORRAINE STREET,306,00533,00001,40.67609,-74.00789,BROOKLYN
3326291,155 ELDERT STREET,304,03410,00033,40.68935,-73.91093,BROOKLYN
3326315,85 COVERT STREET,304,03415,00039,40.68742,-73.91165,BROOKLYN
3326603,1381 LINDEN BOULEVARD,316,03633,00001,40.65533,-73.90927,BROOKLYN
3326655,670 THOMAS S BOYLAND STREET,316,03557,00045,40.66399,-73.91252,Brooklyn
3326947,109 CHRISTOPHER AVENUE,316,03709,00001,40.6712,-73.90606,BROOKLYN
3326949,89 CHRISTOPHER AVENUE,316,03709,00001,40.6712,-73.90606,Brooklyn
3326974,414 COLUMBIA STREET,306,00533,00001,40.67609,-74.00789,BROOKLYN
3327013,157 BELMONT AVENUE,316,03727,00001,40.66988,-73.90497,BROOKLYN
3327014,180 POWELL STREET,316,03727,00001,40.66988,-73.90497,BROOKLYN
3327015,131 BELMONT AVENUE,316,03727,00001,40.66988,-73.90497,BROOKLYN
3327054,749 VAN SINDEREN AVENUE,305,03865,00009,40.65837,-73.89883,Brooklyn
3327055,751 VAN SINDEREN AVENUE,305,03865,00009,40.65837,-73.89883,Brooklyn
3327530,915 ERSKINE STREET,305,04586,00300,40.65562,-73.86511,Brooklyn
3327531,888 FOUNTAIN AVENUE,305,04586,00300,40.65562,-73.86511,BROOKLYN
3327532,11655 SEAVIEW AVENUE,305,04586,00300,40.65562,-73.86511,BROOKLYN
3327662,335 MAPLE STREET,309,04791,00001,40.66125,-73.94996,BROOKLYN
3327663,1081 NOSTRAND AVENUE,309,04791,00001,40.66125,-73.94996,Brooklyn
3327832,295 JACKSON STREET,301,02867,00001,40.71807,-73.93845,BROOKLYN
3327870,416 REAR LORIMER STREET,301,03023,00004,40.70936,-73.94833,BROOKLYN
3327932,197 MESEROLE STREET,301,03045,00028,40.70852,-73.9409,BROOKLYN
3327938,102 MESEROLE STREET,301,03051,00010,40.70761,-73.94585,Brooklyn
3327971,54 BOERUM STREET,301,03077,00001,40.70454,-73.94689,BROOKLYN
3327972,31 LEONARD STREET,301,03077,00001,40.70454,-73.94689,BROOKLYN
3328133,393 POWELL STREET,316,03797,00001,40.66436,-73.90211,Brooklyn
3328271,2625 BEDFORD AVENUE,317,05211,00074,40.63915,-73.95381,BROOKLYN
3328357,43 CHURCH AVENUE,312,05313,00034,40.64217,-73.98209,Brooklyn
3328359,31 CHURCH AVENUE,312,05313,00034,40.64217,-73.98209,Brooklyn
3328367,3141 ATLANTIC AVENUE,305,03960,00065,40.67977,-73.87939,Brooklyn
3328392,1449 39 STREET,312,05347,00058,40.63879,-73.98277,BROOKLYN
3328824,445 OVINGTON AVENUE,310,05873,00073,40.6335,-74.02257,Brooklyn
3328825,441 OVINGTON AVENUE,310,05873,00073,40.6335,-74.02257,Brooklyn
3328835,7509 SHORE ROAD,310,05936,00016,40.63314,-74.03677,Brooklyn
3329001,470 86 STREET,310,06045,00034,40.62136,-74.02699,Brooklyn
3329084,1756 86 STREET,311,06368,00029,40.60736,-74.00341,BROOKLYN
3329274,1784 EAST   23 STREET,315,06805,00045,40.60694,-73.95018,BROOKLYN
3329360,2320 CONEY ISLAND AVENUE,315,07112,00009,40.6003,-73.9617,BROOKLYN
3329383,248 AVENUE X,315,07192,00001,40.58991,-73.97387,Brooklyn
3329436,380 FULTON STREET,302,00154,00019,40.69139,-73.98759,Brooklyn
3329764,313 PARK AVENUE,302,01876,00001,40.69679,-73.9661,Brooklyn
3329960,98 NORTH    6 STREET,301,02334,00111,40.71848,-73.96069,Brooklyn
3330041,220 DUPONT STREET,301,02497,00023,40.73595,-73.95051,BROOKLYN
3330181,46GAR DIAMOND STREET,301,02685,00060,40.72441,-73.94588,Brooklyn
3330191,18 ECKFORD STREET,301,02714,00001,40.72082,-73.94754,BROOKLYN
3330437,392 WYONA STREET,305,03774,00138,40.66906,-73.8925,BROOKLYN
3331274,330 18TH STREET,307,00880,00001,40.66077,-73.98871,BROOKLYN
3331282,291 EASTERN PARKWAY,308,01181,00068,40.67141,-73.95919,BROOKLYN
3331283,285 EASTERN PARKWAY,308,01181,00068,40.67141,-73.95919,BROOKLYN
3331441,9820 SEAVIEW AVENUE,318,08329,00225,40.63334,-73.88597,Brooklyn
3331565,185 TOMPKINS AVENUE,303,01772,00102,40.69299,-73.94555,Brooklyn
3331571,40 DEVOE STREET,301,02767,00023,40.71302,-73.95,Brooklyn
3331754,372 SCHERMERHORN STREET,302,00174,07503,40.68614,-73.97977,BROOKLYN
3331873,835 40 STREET,312,00916,00053,40.64618,-73.99654,BROOKLYN
3332190,980 ATLANTIC AVENUE,308,01124,00037,40.68013,-73.96188,BROOKLYN
3332230,811 HICKS STREET,306,00538,00001,40.6752,-74.00468,BROOKLYN
3332294,643 GRAND STREET,301,02781,00036,40.71163,-73.94662,Brooklyn
3332644,870 SETON PLACE,314,05422,00031,40.62973,-73.975,Brooklyn
3332990,638 BEDFORD AVENUE,301,02210,00038,40.702,-73.95911,BROOKLYN
3334977,469 LAFAYETTE AVENUE,303,01942,00052,40.68955,-73.95599,Brooklyn
3334989,119 TAYLOR STREET,301,02172,00001,40.70561,-73.96433,BROOKLYN
3334991,128 CLYMER STREET,301,02172,00001,40.70561,-73.96433,BROOKLYN
3335143,141 FLUSHING AVENUE,302,02023,00001,40.70226,-73.97277,Brooklyn
3335317,682 BEDFORD AVENUE,301,02224,00034,40.70081,-73.95778,Brooklyn
3335564,665 PARK AVENUE,303,01730,00169,40.69787,-73.94913,BROOKLYN
3335706,204 BEDFORD AVENUE,301,02335,00022,40.71717,-73.95875,Brooklyn
3335711,199 NORTH    5 STREET,301,02337,00036,40.71574,-73.95688,Brooklyn
3335871,53 BRIDGE STREET,302,00042,00001,40.7027,-73.98437,BROOKLYN
3335899,422 FULTON STREET,302,00156,07502,40.69029,-73.98604,BROOKLYN
3335900,362 LIVINGSTON STREET,302,00167,00016,40.6874,-73.98059,Brooklyn
3335904,370 LIVINGSTON STREET,302,00167,00016,40.68731,-73.98035,BROOKLYN
3335934,176 REMSEN STREET,302,00255,00036,40.69316,-73.992,BROOKLYN
3335948,92 BOERUM PLACE,302,00278,00001,40.68879,-73.99117,BROOKLYN
3335950,17 DEAN STREET,302,00279,00009,40.68844,-73.99216,BROOKLYN
3336038,556 CLINTON STREET,306,00376,00039,40.67719,-74.00089,Brooklyn
3336056,272 WYCKOFF STREET,306,00394,00001,40.68254,-73.98383,BROOKLYN
3336085,240 SMITH STREET,306,00408,00041,40.6838,-73.99267,BROOKLYN
3336112,551 SACKETT STREET,306,00426,00017,40.67962,-73.98524,Brooklyn
3336148,3051 ATLANTIC AVENUE,305,03957,00053,40.67894,-73.88229,BROOKLYN
3336511,1935 SHORE PARKWAY,313,06933,00055,40.5893,-73.99162,Brooklyn
3336512,2630 CROPSEY AVENUE,313,06933,00055,40.5893,-73.99162,Brooklyn
3336861,99 27 STREET,307,00653,00003,40.66207,-74.00275,Brooklyn
3336913,3838 FLATLANDS AVENUE,318,07858,00043,40.61939,-73.9377,BROOKLYN
3337060,360 36 STREET,307,00696,00031,40.6543,-74.00517,Brooklyn
3337321,1667 SHEEPSHEAD BAY ROAD,315,07462,00045,40.58619,-73.95176,Brooklyn
3337772,255 NORTH HENRY STREET,301,02629,00025,40.72821,-73.94427,BROOKLYN
3337867,1185 CARROLL STREET,309,01283,00001,40.66761,-73.94991,Brooklyn
3337872,400 EMPIRE BOULEVARD,309,01316,00015,40.66361,-73.94918,BROOKLYN
3338188,711 GRAND STREET,301,02782,00030,40.71184,-73.94437,Brooklyn
3338267,287 MASPETH AVENUE,301,02837,00001,40.72113,-73.93103,Brooklyn
3338413,30 MONTROSE AVENUE,301,03058,00001,40.70607,-73.94898,BROOKLYN
3338415,25 BOERUM STREET,301,03058,00001,40.70607,-73.94898,BROOKLYN
3338422,67 MANHATTAN AVENUE,301,03078,00001,40.70459,-73.9453,Brooklyn
3338423,29 MOORE STREET,301,03078,00001,40.70459,-73.9453,BROOKLYN
3338598,995 MYRTLE AVENUE,303,01749,00015,40.69722,-73.94204,BROOKLYN
3338601,56 MARCUS GARVEY AVENUE,303,01749,00015,40.69722,-73.94204,Brooklyn
3338743,1439 FULTON STREET,303,01854,00041,40.68028,-73.9436,BROOKLYN
3338744,1441 FULTON STREET,303,01854,00041,40.68028,-73.9436,BROOKLYN
3338745,1443 FULTON STREET,303,01854,00041,40.68028,-73.9436,BROOKLYN
3339186,196 LEE AVENUE,301,02225,00034,40.70203,-73.95605,Brooklyn
3339260,95 PROSPECT PARK WEST,355,01117,00001,40.66138,-73.96964,Brooklyn
3339353,2683 ATLANTIC AVENUE,305,03671,00038,40.67617,-73.89536,BROOKLYN
3339475,1020 REAR EAST    7 STREET,312,06519,00014,40.62614,-73.96974,Brooklyn
3339797,8620 20 AVENUE,311,06374,00060,40.60434,-73.99892,BROOKLYN
3340270,1279 37 STREET,312,05296,00043,40.64198,-73.98525,Brooklyn
3341386,420 COURT STREET,306,00361,00029,40.6798,-73.99733,Brooklyn
3341752,50 STUYVESANT AVENUE,303,01595,00024,40.69438,-73.93515,BROOKLYN
3341846,178 THROOP AVENUE,303,01726,00132,40.69906,-73.94445,Brooklyn
3341851,735 MYRTLE AVENUE,303,01737,00042,40.69513,-73.95329,Brooklyn
3341946,50 VERNON AVENUE,303,01758,00036,40.69429,-73.95008,Brooklyn
3341976,253 HAVEMEYER STREET,301,02141,00019,40.70791,-73.95902,BROOKLYN
3341986,99 WILSON STREET,301,02176,00001,40.70505,-73.96371,BROOKLYN
3341987,73 WILSON STREET,301,02176,00001,40.70505,-73.96371,BROOKLYN
3342059,42 CLAVER PLACE,303,01994,00045,40.68174,-73.95757,Brooklyn
3342060,44 CLAVER PLACE,303,01994,00045,40.68174,-73.95757,Brooklyn
3342094,333 STAGG STREET,301,03030,00020,40.71058,-73.93565,Brooklyn
3342324,16 WOODBINE STREET,304,03357,00015,40.68896,-73.91989,Brooklyn
3342661,181 GAR 11 STREET,306,01015,00076,40.67026,-73.9915,Brooklyn
3343250,760 ELDERT LANE,305,04271,00001,40.6726,-73.86571,Brooklyn
3343609,1105 STANLEY AVENUE,305,04506,00029,40.66547,-73.86901,Brooklyn
3344153,51 A STOCKHOLM STREET,304,03243,00074,40.69633,-73.92625,Brooklyn
3345689,1222 63 STREET,310,05739,07502,40.62784,-74.00204,Brooklyn
3346679,38 BERGEN BEACH PLACE,318,08366,00067,40.62174,-73.91456,BROOKLYN
3348075,164 WILLOUGHBY AVENUE,302,01919,00001,40.69087,-73.96494,Brooklyn
3348093,275 CROWN STREET,309,01289,00025,40.66679,-73.95182,Brooklyn
3348344,291 SUTTER AVENUE,316,03526,00021,40.66795,-73.9084,Brooklyn
3350216,5361 PRESTON COURT,318,07949,00214,40.63887,-73.92386,Brooklyn
3352542,114 GAR ARLINGTON AVENUE,305,03934,00022,40.67974,-73.89062,BROOKLYN
3353518,125 GAR EAST   55 STREET,317,04661,00053,40.65513,-73.92561,BROOKLYN
3356211,1550 GAR NEW YORK AVENUE,317,05007,00066,40.63494,-73.94529,BROOKLYN
3356515,154 GAR LENOX ROAD,317,05084,00038,40.65355,-73.95436,Brooklyn
3358219,986 GAR DAHILL ROAD,312,05470,00018,40.6237,-73.9772,BROOKLYN
3359427,821 GAR 54 STREET,312,05665,00070,40.63869,-74.00527,Brooklyn
3359822,1030 GAR 59 STREET,312,05709,00019,40.63273,-74.00388,Brooklyn
3359836,1135 61 STREET,312,05717,00064,40.63051,-74.00242,BROOKLYN
3365201,1833GAR 78 STREET,311,06249,00054,40.61122,-73.99657,Brooklyn
3366304,66 GAR BAY   22 STREET,311,06372,00078,40.60433,-74.00128,Brooklyn
3367256,1225GAR EAST   10 STREET,312,06546,00078,40.61927,-73.96486,BROOKLYN
3367257,1221GAR EAST   10 STREET,312,06546,00078,40.61927,-73.96486,BROOKLYN
3367661,1568GAR EAST    7 STREET,312,06588,00044,40.61261,-73.96717,Brooklyn
3368467,1810GAR EAST    3 STREET,315,06659,00021,40.60607,-73.97064,BROOKLYN
3371102,2205 GAR EAST    2 STREET,315,07129,00052,40.59567,-73.96902,BROOKLYN
3371427,2350GAR EAST    1 STREET,315,07176,00027,40.59149,-73.96974,Brooklyn
3371428,2352GAR EAST    1 STREET,315,07176,00027,40.59149,-73.96974,Brooklyn
3371429,2354GAR EAST    1 STREET,315,07176,00029,40.5914,-73.96973,Brooklyn
3372696,2226GAR EAST   12 STREET,315,07371,00020,40.59551,-73.96001,Brooklyn
3373633,1156GAR EAST   21 STREET,314,07602,00057,40.62516,-73.95553,Brooklyn
3374493,1426 GAR EAST   28 STREET,314,07681,00059,40.61631,-73.94714,Brooklyn
3377918,180 GAR IRWIN STREET,315,08751,00441,40.57834,-73.94389,BROOKLYN
3378202,17 BRISTOL STREET,316,03498,00008,40.67065,-73.91241,Brooklyn
3378663,200 REAR 18 STREET,307,00634,00022,40.66357,-73.99303,Brooklyn
3379523,1342 HERKIMER STREET,316,01569,00025,40.67722,-73.90914,BROOKLYN
3380317,1642 EAST NEW YORK AVENUE,316,03675,00011,40.6735,-73.90746,Brooklyn
3382373,725 GAR CORTELYOU ROAD,312,05376,00045,40.63902,-73.97096,Brooklyn
3382879,5622 GAR 14 AVENUE,312,05691,00056,40.62949,-73.9947,BROOKLYN
3382954,971 GAR 65 STREET,310,05743,00064,40.63038,-74.00823,BROOKLYN
3383578,13 REAR MARINE AVENUE,310,06101,00007,40.62022,-74.03748,Brooklyn
3383724,1514 72 STREET,311,06191,00001,40.61882,-74.00104,Brooklyn
3384664,1755GAR WEST   12 STREET,311,06645,00069,40.60397,-73.98438,BROOKLYN
3385667,64 AVENUE X,313,07185,00020,40.58797,-73.98188,BROOKLYN
3385726,2968 REAR OCEAN PARKWAY,313,07274,00025,40.57873,-73.96873,BROOKLYN
3388022,1084 PACIFIC STREET,308,01134,00130,40.67838,-73.95672,Brooklyn
3388702,1700 BEDFORD AVENUE,309,01302,00001,40.66506,-73.9581,Brooklyn
3389133,1735 PROSPECT PLACE,316,01458,00156,40.67289,-73.91908,Brooklyn
3389855,306 LINCOLN PLACE,308,01179,00016,40.6733,-73.96604,Brooklyn
3390415,42 PILLING STREET,304,03456,00028,40.68332,-73.90802,BROOKLYN
3392719,117 HART STREET,303,01767,00052,40.69363,-73.94678,Brooklyn
3393008,360 FURMAN STREET,302,00245,07501,40.69351,-74.00018,Brooklyn
3393047,133 33 STREET,307,00680,00059,40.65683,-74.00359,BROOKLYN
3393113,283 3 STREET,306,00968,00001,40.67514,-73.98638,BROOKLYN
3393264,570 CROWN STREET,309,01417,00007,40.66534,-73.93948,Brooklyn
3393265,630 CROWN STREET,309,01417,00009,40.66525,-73.93747,BROOKLYN
3393301,1742 PITKIN AVENUE,316,03524,00010,40.6698,-73.90869,BROOKLYN
3393652,772 HALSEY STREET,303,01668,00048,40.68463,-73.92322,BROOKLYN
3394020,150 MYRTLE AVENUE,302,02060,07501,40.6932,-73.9827,BROOKLYN
3394438,449 CLASSON AVENUE,303,01973,00002,40.68541,-73.95907,BROOKLYN
3394531,418 LORIMER STREET,301,03023,00006,40.70942,-73.94839,Brooklyn
3395342,259 22 STREET,307,00897,00014,40.66053,-73.99316,Brooklyn
3395532,29 HUDSON AVENUE,302,00006,00001,40.70476,-73.98018,Brooklyn
3395548,136 MARSHALL STREET,302,00012,00001,40.70453,-73.98176,Brooklyn
3395582,213 THIRD AVENUE,306,00427,00007,40.67932,-73.98443,BROOKLYN
3395597,590 UNION STREET,306,00441,00018,40.67769,-73.98444,Brooklyn
3395605,21 DENTON PLACE,306,00456,00006,40.67582,-73.98503,Brooklyn
3396000,160 12TH STREET,306,01027,00011,40.66924,-73.9922,BROOKLYN
3396117,729 REAR EAST NEW YORK AVENUE,309,01428,00061,40.66232,-73.93873,BROOKLYN
3396710,156 56 STREET,307,00836,00019,40.64597,-74.02153,BROOKLYN
3397012,111 LAWRENCE STREET,302,00148,00001,40.69274,-73.98595,Brooklyn
3397139,207 HALE AVENUE,305,03960,00005,40.68019,-73.87963,BROOKLYN
3397148,38 VARICK STREET,301,02664,00009,40.72691,-73.93577,Brooklyn
3397246,637 SCHENCK AVENUE,305,04090,00001,40.66519,-73.88605,BROOKLYN
3397447,2 NORTHSIDE PIERS,301,02340,07503,40.7197,-73.96423,BROOKLYN
3398450,402 MANHATTAN AVENUE,301,02734,00002,40.71815,-73.94641,Brooklyn
3398505,550 GATEWAY DRIVE,305,04452,00590,40.65436,-73.86996,Brooklyn
3399034,31 RICHARDS STREET,306,00505,00060,40.6803,-74.00637,Brooklyn
3399083,701 MYRTLE AVENUE,303,01735,00039,40.69495,-73.95502,Brooklyn
3399665,8053 GAR HARBOR VIEW TERRACE,310,05975,00170,40.62891,-74.03838,BROOKLYN
3399735,229 WAVERLY AVENUE,302,01917,00018,40.69107,-73.96712,BROOKLYN
3399909,957 GRAND STREET,301,02924,00046,40.71324,-73.93633,BROOKLYN
3400387,161 VARICK AVENUE,301,02962,00001,40.71096,-73.92967,BROOKLYN
3400422,16 REAR SCHOLES STREET,301,03040,00012,40.70817,-73.94975,Brooklyn
3400501,91 MOORE STREET,301,03097,00035,40.70403,-73.94211,Brooklyn
3400503,200 SEIGEL STREET,301,03100,00022,40.70473,-73.93642,BROOKLYN
3400618,52 CENTRAL AVENUE,304,03163,00100,40.70114,-73.93143,BROOKLYN
3401143,21 ALABAMA AVENUE,305,03667,00010,40.67637,-73.89963,BROOKLYN
3401193,247 WILLIAMS AVENUE,305,03751,00005,40.66956,-73.89866,Brooklyn
3402649,137 GAR BAY   11 STREET,311,06396,00018,40.60764,-74.0107,Brooklyn
3402771,8805 GAR 18 AVENUE,311,06436,00012,40.60319,-74.00689,BROOKLYN
3402772,8805 FRONT 18 AVENUE,311,06436,00012,40.60319,-74.00689,BROOKLYN
3402773,8805 REAR 18 AVENUE,311,06436,00012,40.60319,-74.00689,BROOKLYN
3403775,12 GAR BAY   35 STREET,311,06862,00048,40.59953,-73.99068,BROOKLYN
3403951,1164 NOSTRAND AVENUE,309,05039,00042,40.65907,-73.95079,BROOKLYN
3406600,1475 ST MARKS AVENUE,316,01452,00080,40.67373,-73.91879,BROOKLYN
3406912,1542 GAR 47 STREET,312,05442,00023,40.63267,-73.98566,BROOKLYN
3407154,1348 GAR EAST   91 STREET,318,08236,00047,40.63712,-73.9012,BROOKLYN
3409217,1864 GAR EAST    8 STREET,315,06683,00035,40.6035,-73.96438,BROOKLYN
3409712,2703 GAR AVENUE S,315,06833,00050,40.60502,-73.94547,Brooklyn
3410490,2036 GAR 57 STREET,312,05500,00022,40.62033,-73.98033,Brooklyn
3411135,1461 GAR 53 STREET,312,05664,00050,40.63069,-73.99052,BROOKLYN
3411323,637 AVENUE Z,313,07215,00020,40.58708,-73.97008,BROOKLYN
3413201,323GAR AVENUE O,312,06584,00056,40.61177,-73.97208,Brooklyn
3413710,1400 ROCKAWAY PARKWAY,318,08165,00054,40.64562,-73.90327,BROOKLYN
3415715,554REAR METROPOLITAN AVENUE,301,02761,00021,40.71386,-73.95037,Brooklyn
3416665,137 REAR BAY   11 STREET,311,06396,00018,40.60764,-74.0107,Brooklyn
3416888,4910 14TH AVENUE,312,05642,00033,40.63378,-73.99049,BROOKLYN
3418263,333 SCHERMERHORN STREET,302,00167,00013,40.68722,-73.98064,Brooklyn
3418352,63 COLUMBIA STREET,306,00299,00008,40.68943,-74.00027,BROOKLYN
3418362,1322 53 STREET,312,05670,07506,40.63228,-73.99407,BROOKLYN
3418397,20 LUQUER STREET,306,00520,00016,40.67871,-74.00485,BROOKLYN
3418506,1762 GAR EAST    9 STREET,315,06665,00052,40.60608,-73.96389,BROOKLYN
3419153,1715 GAR MARINE PARKWAY,318,07713,00026,40.61167,-73.94054,BROOKLYN
3420038,2622 FRONT EAST   24 STREET,315,07468,00030,40.58821,-73.94579,Brooklyn
3420464,81 FLEET PLACE,302,02061,00110,40.69321,-73.98133,Brooklyn
3421314,506 REAR EAST   94 STREET,317,04690,00073,40.65486,-73.91763,Brooklyn
3421436,126 MANHATTAN AVENUE,301,03061,00005,40.70685,-73.94455,BROOKLYN
3421621,24 CRESCENT STREET,305,04105,00049,40.68858,-73.8741,BROOKLYN
3421821,1010 FULTON STREET,302,02015,00024,40.68187,-73.96044,BROOKLYN
3421883,179 22 STREET,307,00643,00001,40.66214,-73.99579,BROOKLYN
3422174,216 57TH STREET,307,00845,00012,40.64473,-74.02072,BROOKLYN
3424220,3027 WEST   21 STREET,313,07072,00004,40.57303,-73.9868,BROOKLYN
3424472,1 FLATBUSH AVENUE,302,02106,07503,40.68832,-73.98018,Brooklyn
3425051,280 KENT AVENUE,301,02414,00003,40.71529,-73.96702,BROOKLYN
3425164,12 BERRY STREET,301,02279,00030,40.72236,-73.95567,Brooklyn
3425192,48 SOMERS STREET,316,01542,07502,40.67856,-73.91031,BROOKLYN
3425777,11 VAN BUREN STREET,303,01791,00080,40.69011,-73.94481,BROOKLYN
3425792,89 NORTH    6 STREET,301,02326,00038,40.7188,-73.96031,Brooklyn
3425801,948 MYRTLE AVENUE,303,01756,00037,40.69565,-73.94389,Brooklyn
3425961,25 KENT AVENUE,301,02282,00001,40.72295,-73.9578,Brooklyn
3425969,354 HICK STREET,306,00282,00050,40.69044,-73.99815,BROOKLYN
3426109,491 BALTIC STREET,306,00399,00039,40.68255,-73.98531,BROOKLYN
3426336,722 GATES AVENUE,303,01635,00003,40.68777,-73.93481,BROOKLYN
3426461,551 LAFAYETTE AVENUE,303,01783,00072,40.68997,-73.95259,Brooklyn
3426462,553 LAFAYETTE AVENUE,303,01783,00070,40.68998,-73.95251,BROOKLYN
3426499,1946GARAGE OCEAN PARKWAY,315,07108,00155,40.60133,-73.96616,BROOKLYN
3426514,221 MIDDLETON STREET,301,02238,07505,40.7044,-73.94939,Brooklyn
3426608,1056 42 STREET,312,05596,00042,40.64188,-73.99337,Brooklyn
3426645,210 LIVINGSTON STREET,302,00165,07504,40.68921,-73.98563,Brooklyn
3426832,1351 DEKALB AVENUE,304,03234,00050,40.69889,-73.92494,BROOKLYN
3426946,1 DOCK   72 WAY,302,02023,00001,40.70226,-73.97277,BROOKLYN
3427145,138 OSBORN STREET,316,03523,00028,40.66894,-73.90897,Brooklyn
3427210,160 2 AVENUE,306,01025,00043,40.67079,-73.99525,BROOKLYN
3427230,3735 CYPRESS AVENUE,313,06971,00058,40.57899,-74.00504,Brooklyn
3427343,201 NORTH 4TH STREET,301,02345,00001,40.71527,-73.9573,BROOKLYN
3427346,142 PIERREPONT STREET,302,00244,00027,40.69463,-73.99177,Brooklyn
3427481,444 HERKIMER STREET,303,01871,00043,40.67883,-73.93887,BROOKLYN
3427493,234 CLARKSON AVENUE,317,05066,00025,40.65495,-73.95203,Brooklyn
3427501,222 16 STREET,307,01053,00039,40.66385,-73.98846,Brooklyn
3427509,937 EAST  108 STREET,318,08235,00341,40.64837,-73.89137,Brooklyn
3427510,951 EAST  108 STREET,318,08235,00340,40.64814,-73.89111,BROOKLYN
3427515,279 PACIFIC STREET,302,00182,00157,40.68799,-73.98933,BROOKLYN
3427516,1522 57 STREET,312,05496,00015,40.62737,-73.99197,BROOKLYN
3427517,2183 OCEAN AVENUE,315,06803,00087,40.60838,-73.95273,Brooklyn
3427524,1009 DECATUR STREET,304,03426,00039,40.68517,-73.91143,BROOKLYN
3428547,12495 FLATLANDS AVENUE,305,04428,00020,40.65822,-73.87359,Brooklyn
3428592,86 STARR ST,304,03197,00016,40.70185,-73.92596,BROOKLYN
3428597,1911 AVENUE S,315,06825,00040,40.60419,-73.95302,Brooklyn
3428634,739 BLAKE AVE,305,03775,00150,40.66849,-73.8914,BROOKLYN
3428639,707 SHEPHERD AVENUE,305,04453,00064,40.66689,-73.87849,BROOKLYN
3428665,492 GLENMORE AVE,305,03725,00012,40.67356,-73.89202,BROOKLYN
3428696,21 CHARLES PLACE,304,03183,00071,40.69778,-73.93201,Brooklyn
3428710,864 EAST 34 STREET,317,05008,00065,40.63523,-73.94403,BROOKLYN
3428714,114 ADELPHI STREET,302,02044,00071,40.69429,-73.97239,Brooklyn
3428723,1909 AVENUE S,315,06825,00042,40.60418,-73.95313,Brooklyn
3428729,6 HOWARD AVE,303,01481,00035,40.68861,-73.92143,BROOKLYN
3428813,4314 MANHATTAN AVENUE,313,07024,00071,40.57883,-74.00934,BROOKLYN
3428857,4919 4TH AVENUE,307,00783,00080,40.64641,-74.01215,BROOKLYN
3428860,647 MADISON STREET,303,01641,00059,40.68718,-73.93127,Brooklyn
3428903,9318 AVENUE D,318,08126,00044,40.64801,-73.91051,Brooklyn
3428926,423 HERKIMER STREET,303,01864,00048,40.6793,-73.9394,BROOKLYN
3428936,11 WILSON AVENUE,304,03155,00108,40.70356,-73.93033,BROOKLYN
3428945,249 EVERGREEN AVENUE,304,03243,00005,40.69611,-73.92674,BROOKLYN
3428959,4818 19 AVENUE,312,05450,00047,40.62717,-73.97865,BROOKLYN
3428999,738 5TH AVENUE,307,00649,00040,40.65991,-73.99532,BROOKLYN
3429069,609 PARK AVENUE,303,01719,00001,40.69743,-73.95104,BROOKLYN
3429070,451 MASPETH AVENUE,301,02837,00001,40.7195,-73.92615,BROOKLYN
3429077,187 CHAUNCEY STREET,303,01687,00076,40.68085,-73.92756,BROOKLYN
3429078,121 VERNON AVENUE,303,01755,00054,40.69507,-73.94729,BROOKLYN
3429097,67 BUSHWICK AVENUE,301,02919,00003,40.71296,-73.94087,BROOKLYN
3429120,498 BEDFORD AVE,301,02168,07503,40.70651,-73.96412,BROOKLYN
3429126,175 BUFFALO AVENUE,308,01363,00007,40.67336,-73.92482,BROOKLYN
3429130,175 SUMPTER STREET,303,01519,00063,40.68036,-73.91878,BROOKLYN
3429131,261 MARION STREET,303,01514,00059,40.6811,-73.9189,BROOKLYN
3429135,1504 AVENUE L,314,06734,00101,40.62018,-73.9602,Brooklyn
3429168,398 HOWARD AVENUE,316,01451,00040,40.67413,-73.91978,BROOKLYN
3429204,452 EAST   26 STREET,317,05212,00052,40.63915,-73.9525,BROOKLYN
3429223,120 THATFORD AVENUE,316,03522,00032,40.66882,-73.90982,BROOKLYN
3429244,89 MASPETH AVENUE,301,02885,00001,40.71597,-73.93944,Brooklyn
3429245,1512 UNION STREET,309,01400,00006,40.66803,-73.93933,Brooklyn
3429257,461 EAST   26 STREET,317,05213,00072,40.63899,-73.9519,BROOKLYN
3429272,18 INDIA STREET,301,02538,00001,40.73132,-73.9616,Brooklyn
3429276,486 FLUSHING AVENUE,303,01717,00029,40.69901,-73.95496,Brooklyn
3429290,496 JAMAICA AVENUE,305,03909,00012,40.68378,-73.88501,Brooklyn
3429293,710 BLAKE AVENUE,305,03791,00025,40.66818,-73.89243,BROOKLYN
3429309,170 NORTH   10 STREET,301,02305,00011,40.71917,-73.95583,Brooklyn
3429317,89 DEKALB AVENUE,302,02085,00015,40.69025,-73.97984,BROOKLYN
3429329,970 FRANKLIN AVENUE,309,01192,00066,40.66522,-73.95995,BROOKLYN
3429340,366 ROCKAWAY AVENUE,316,03499,00015,40.67116,-73.91113,Brooklyn
3429346,381 VAN BRUNT STREET,306,00587,00001,40.67618,-74.01368,Brooklyn
3429348,2363 BEDFORD AVENUE,317,05135,00053,40.64584,-73.95482,Brooklyn
3429350,356 FULTON STREET,302,00154,00005,40.69136,-73.98791,Brooklyn
3429352,562 SNEDIKER AVENUE,305,03833,00047,40.66124,-73.89893,BROOKLYN
3429353,679 BLAKE AVENUE,305,03773,00056,40.66814,-73.89359,BROOKLYN
3429365,2201 BEVERLY ROAD,314,05133,00044,40.64509,-73.95622,Brooklyn
3429376,1342 44 STREET,312,05611,00022,40.63722,-73.98822,BROOKLYN
3429386,209 WEST STREET,301,02502,00001,40.73434,-73.96001,BROOKLYN
3429387,21 FREEMAN STREET,301,02502,00001,40.73395,-73.9613,BROOKLYN
3429388,37 FREEMAN STREET,301,02502,00001,40.73396,-73.96077,BROOKLYN
3429394,773 NEPTUNE AVENUE,313,07269,00050,40.57987,-73.9758,Brooklyn
3429409,544 CARROLL STREET,306,00456,00013,40.67611,-73.98446,Brooklyn
3429410,592 MARCY AVENUE,303,01758,00048,40.69434,-73.94931,Brooklyn
3429412,492 THOMAS S BOYLAND STREET,316,03518,00046,40.66859,-73.9137,Brooklyn
3429425,106 AVENUE X,313,07208,00012,40.58915,-73.97937,Brooklyn
3429432,753 GREENE AVENUE,303,01614,00063,40.69013,-73.93813,BROOKLYN
3429434,119 ERASMUS STREET,317,05105,00073,40.65044,-73.95172,Brooklyn
3429445,1832 FULTON STREET,303,01703,00009,40.67876,-73.92574,Brooklyn
3429446,1864 FULTON STREET,303,01703,00033,40.67876,-73.92574,Brooklyn
3429452,548 UTICA AVENUE,309,04603,00001,40.65984,-73.93184,Brooklyn
3429453,50 BAY   20 STREET,311,06370,00076,40.60546,-74.00251,BROOKLYN
3429454,4012 FORT HAMILTON PARKWAY,312,05587,00038,40.64261,-73.99185,BROOKLYN
3429468,6120 15 AVENUE,311,05727,00046,40.62534,-73.99503,Brooklyn
3429475,2956 VOORHIES AVENUE,315,08795,00003,40.58743,-73.9382,BROOKLYN
3429476,2960 VOORHIES AVENUE,315,08795,00005,40.58745,-73.93806,BROOKLYN
3429477,2960GAR VOORHIES AVENUE,315,08795,00005,40.58745,-73.93806,BROOKLYN
3429483,46 VERONA STREET,306,00523,00001,40.67892,-74.00752,Brooklyn
3429488,2956GAR VOORHIES AVENUE,315,08795,00003,40.58743,-73.9382,BROOKLYN
3429490,323 BERGEN STREET,302,00198,07503,40.68315,-73.98061,Brooklyn
3429500,2841 FLATBUSH AVENUE,318,08591,00150,40.6019,-73.91302,Brooklyn
3429522,4107GAR OCEAN AVENUE,315,08744,00039,40.58048,-73.94781,BROOKLYN
3429530,667 FLUSHING AVENUE,301,02272,00049,40.7004,-73.94662,Brooklyn
3429539,1038 BROADWAY,303,01593,00035,40.69524,-73.93272,BROOKLYN
3429551,24 JEWEL STREET,301,02653,00047,40.72623,-73.94601,Brooklyn
3429559,436 BLAKE AVENUE,316,03780,00021,40.66651,-73.90285,Brooklyn
3429574,36 VILLAGE ROAD NORTH,315,07123,00029,40.59656,-73.97382,BROOKLYN
3429583,255 CROWN STREET,309,01289,00025,40.66635,-73.95177,Brooklyn
3429584,537 SACKETT STREET,306,00426,00001,40.67985,-73.98628,Brooklyn
3429595,180 ASHLAND PLACE,302,02095,00026,40.68941,-73.97881,BROOKLYN
3429599,30 WHARF DRIVE,301,02570,00030,40.72648,-73.96152,BROOKLYN
3429635,552 2 AVENUE,307,00662,00001,40.65891,-74.00677,Brooklyn
3429641,350 LIVONIA AVENUE,316,03811,00017,40.66295,-73.9046,BROOKLYN
3429642,2069 57 STREET,312,05495,00312,40.62022,-73.97923,Brooklyn
3429645,343 BERRY STREET,301,02443,00005,40.71196,-73.9646,Brooklyn
3429649,1216 56 STREET,312,05690,00012,40.63208,-73.99782,BROOKLYN
3429657,314 HINSDALE STREET,305,03766,00042,40.66759,-73.89988,Brooklyn
3429660,1506A PACIFIC STREET,308,01210,00029,40.67686,-73.93969,Brooklyn
3429666,20 ORIENT AVENUE,301,02912,00014,40.71499,-73.94019,Brooklyn
3429677,35 INSPIRATION LANE,305,04434,00001,40.65204,-73.88651,BROOKLYN
3429697,307 BOND STREET,306,00438,00007,40.67954,-73.98911,Brooklyn
3429699,2333 WEST   11 STREET,313,07140,00016,40.59089,-73.98119,Brooklyn
3429710,3 WEST STREET,301,02570,00005,40.72642,-73.95914,Brooklyn
3429711,7 WHARF DRIVE,301,02570,00010,40.72654,-73.96047,BROOKLYN
3429718,275 CHESTNUT STREET,305,04143,00003,40.68132,-73.87437,Brooklyn
3429723,1428 55 STREET,312,05685,00017,40.62986,-73.99265,Brooklyn
3429724,50 SOUTH    2 STREET,301,02415,00016,40.71427,-73.96603,Brooklyn
3429725,194 BAINBRIDGE STREET,303,01686,00037,40.68098,-73.92912,Brooklyn
3429743,343 BOND STREET,306,00445,00001,40.67878,-73.98999,Brooklyn
3429744,37 DIKEMAN STREET,306,00588,00019,40.67508,-74.01145,Brooklyn
3429748,1550 EAST   57 STREET,318,08377,00061,40.61578,-73.92004,Brooklyn
3429759,1683 GAR 70 STREET,311,06159,00053,40.61807,-73.99606,Brooklyn
3429760,78 STAGG STREET,301,03032,00017,40.70903,-73.94716,Brooklyn
3429763,12524 FLATLANDS AVENUE,305,04451,00001,40.65819,-73.87152,Brooklyn
3429766,323 ECKFORD STREET,301,02575,00009,40.72997,-73.9523,Brooklyn
3429781,6202 8 AVENUE,310,05794,00075,40.63459,-74.01212,Brooklyn
3429784,1042 ATLANTIC AVENUE,308,01125,00029,40.67964,-73.95932,Brooklyn
3429785,509 GAR QUENTIN ROAD,315,06637,00053,40.60714,-73.96841,BROOKLYN
3429791,110 BOERUM PLACE,302,00279,00001,40.68833,-73.99156,Brooklyn
3429792,21 SPENCER STREET,303,01716,00014,40.69831,-73.95553,Brooklyn
3429793,485 WYTHE AVENUE,301,02156,00002,40.7078,-73.96709,BROOKLYN
3429794,487 WYTHE AVENUE,301,02156,00001,40.70773,-73.9671,BROOKLYN
3429795,483 WHYTE AVENUE,301,02156,00003,40.70787,-73.96708,BROOKLYN
3429797,2110 OCEAN PARKWAY,315,07132,00013,40.59745,-73.96603,Brooklyn
3429805,161 MIDDLETON STREET,301,02237,00041,40.70314,-73.95133,Brooklyn
3429809,1088 GAR EAST    8 STREET,312,06528,00037,40.62284,-73.96773,BROOKLYN
3429810,61 LYNCH STREET,301,02231,00055,40.70103,-73.95609,Brooklyn
3429815,199 34 STREET,307,00685,00065,40.65522,-74.00246,BROOKLYN
3429832,40 19 STREET,307,00635,00009,40.66587,-74.00017,BROOKLYN
3429839,289 WILLOUGHBY AVENUE,303,01911,00046,40.69257,-73.95955,BROOKLYN
3429840,2089 EAST FIRST STREET,315,07104,00508,40.59772,-73.97035,Brooklyn
3429848,466 LAFAYETTE AVENUE,303,01950,00016,40.68905,-73.95652,Brooklyn
3429852,293 WILLOUGHBY AVENUE,303,01911,00044,40.69259,-73.95938,Brooklyn
3429853,295 WILLOUGHBY AVENUE,303,01911,00043,40.6926,-73.95929,Brooklyn
3429854,297 WILLOUGHBY AVENUE,303,01911,00042,40.69261,-73.95921,Brooklyn
3429855,452 THOMAS S BOYLAND STREET,316,03496,00004,40.66985,-73.91422,Brooklyn
3429859,115 55 STREET,307,00820,00058,40.64756,-74.02147,Brooklyn
3429863,1045 FLATBUSH AVENUE,314,05132,00080,40.64554,-73.95771,BROOKLYN
3429864,2952 WEST   28 STREET,313,07052,00001,40.57441,-73.9941,Brooklyn
3429867,147 VAN SICKLEN STREET,311,07086,00075,40.60062,-73.9742,Brooklyn
3429872,1518 46 STREET,312,05436,00014,40.63356,-73.98562,BROOKLYN
3429873,2905 WEST   17 STREET,313,07062,00001,40.57634,-73.98386,Brooklyn
3429880,242 SEIGEL STREET,301,03100,00022,40.70473,-73.93642,Brooklyn
3429881,345 OCEAN PARKWAY,312,05375,00089,40.64043,-73.97354,Brooklyn
3429882,729 VAN SINDEREN AVENUE,305,03865,00009,40.6585,-73.89906,Brooklyn
3429884,2900 NOSTRAND AVENUE,315,07690,00073,40.6137,-73.94475,Brooklyn
3429885,862 EAST 34 STREET,317,05008,00064,40.6352,-73.9443,BROOKLYN
3429897,799 GREENE AVENUE,303,01615,00082,40.69034,-73.93607,BROOKLYN
3429900,1057 43 STREET,312,05596,00023,40.64184,-73.99387,Brooklyn
3429903,176 DIKEMAN STREET,306,00574,00001,40.67846,-74.01524,Brooklyn
3429905,5423 15 AVENUE,312,05484,00001,40.62898,-73.99083,Brooklyn
3429912,100 RUTLEDGE STREET,301,02224,00017,40.70074,-73.95863,Brooklyn
3429914,50 COMMERCIAL STREET,301,02482,00001,40.73656,-73.95758,Brooklyn
3429917,2143 58 STREET,312,05501,00155,40.61866,-73.97816,Brooklyn
3429918,419 DEAN STREET,306,00928,00057,40.68261,-73.97727,BROOKLYN
3429919,423 DEAN STREET,306,00928,00056,40.68261,-73.97727,Brooklyn
3429923,3002 FARRAGUT ROAD,317,05005,00041,40.63612,-73.94768,Brooklyn
3429927,2102 EAST    1 STREET,315,07127,00009,40.597,-73.97079,Brooklyn
3429928,60 CENTRAL AVENUE,304,03163,00095,40.70103,-73.93124,BROOKLYN
3429929,66 CENTRAL AVENUE,304,03163,00090,40.70092,-73.93104,Brooklyn
3429930,832 SHEPHERD AVE,305,04363,00011,40.66392,-73.87675,BROOKLYN
3429937,120 GAR WYCKOFF AVENUE,304,03259,00032,40.70347,-73.91836,Brooklyn
3429946,1726 49 STREET,312,05455,00016,40.629,-73.98251,Brooklyn
3429948,193 GRAFTON STREET,316,03552,00112,40.66358,-73.91764,Brooklyn
3429952,666 OSBORN STREET,316,03637,00058,40.65539,-73.90538,Brooklyn
3429956,498 COLUMBIA STREET,306,00579,00003,40.67444,-74.00853,BROOKLYN
3429957,293 WALLABOUT STREET,301,02250,00046,40.70211,-73.94797,BROOKLYN
3429960,1516 46 STREET,312,05436,00013,40.63359,-73.98567,BROOKLYN
3429961,1520 46 STREET,312,05436,00015,40.63352,-73.98556,BROOKLYN
3429962,1514 46 STREET,312,05436,00012,40.63362,-73.98573,BROOKLYN
3429963,35 OTSEGO STREET,306,00579,00001,40.67472,-74.00941,Brooklyn
3429964,299 WILLOUGHBY AVENUE,303,01911,00041,40.69278,-73.95954,BROOKLYN
3429981,912 CRESCENT STREET,305,04528,00012,40.66501,-73.86742,Brooklyn
3429982,200 DOUGLASS STREET,306,00417,00010,40.68132,-73.98786,Brooklyn
3429992,32 SKILLMAN STREET,303,01885,00014,40.69775,-73.95796,Brooklyn
3429995,2954 BRIGHTON SIXTH STREET,313,08665,00503,40.58002,-73.96265,Brooklyn
3429997,165 WILLOUGHBY STREET,302,02062,00021,40.69219,-73.9822,Brooklyn
3429999,106 FLEET PLACE,302,02062,00019,40.69251,-73.98202,Brooklyn
3430001,655 BALTIC STREET,306,00937,00053,40.68005,-73.97891,Brooklyn
3430003,124 GIRARD STREET,315,08749,00251,40.57946,-73.946,BROOKLYN
3430009,822 BERGEN STREET,308,01148,00031,40.67753,-73.96056,Brooklyn
3430012,395 WARWICK STREET,305,03999,00004,40.67403,-73.88576,BROOKLYN
3430016,283 FLATBUSH AVENUE EXTENSION,302,02062,00001,40.69233,-73.98231,Brooklyn
3430019,372 LIVINGSTON STREET,302,00167,00026,40.6874,-73.98059,Brooklyn
3430023,325 AVENUE U,315,07104,00263,40.59735,-73.9721,Brooklyn
3430055,2140 COYLE STREET,315,07367,00011,40.5999,-73.93727,Brooklyn
3430061,104 FLEET PLACE,302,02062,00018,40.69267,-73.98201,Brooklyn
3430062,376 SCHERMERHORN STREET,302,00174,00001,40.68614,-73.97977,Brooklyn
3430067,1116 57 STREET,312,05696,00012,40.63277,-74.00093,Brooklyn
3430068,1118 57 STREET,312,05696,00013,40.63273,-74.00085,Brooklyn
3430069,1120 57 STREET,312,05696,00014,40.63268,-74.00078,Brooklyn
3430075,606 QUINCY STREET,303,01629,00139,40.68841,-73.93629,Brooklyn
3430076,290 BERGEN STREET,302,00388,00021,40.68338,-73.98262,Brooklyn
3430081,4609 16 AVENUE,312,05437,00001,40.63222,-73.98392,Brooklyn
3430082,19 ROCKWELL PLACE,302,02095,00010,40.6892,-73.97915,Brooklyn
3430083,28 SKILLMAN STREET,303,01885,00015,40.69785,-73.95777,Brooklyn
3430085,41 FRANKLIN AVENUE,303,01885,00010,40.6979,-73.95805,Brooklyn
3430088,536 LINDEN BOULEVARD,317,04878,00002,40.65302,-73.93893,Brooklyn
3430093,851 ALBANY AVENUE,317,04878,00001,40.65302,-73.93904,BROOKLYN
3430105,265 WYCKOFF STREET,302,00388,00057,40.68351,-73.98366,Brooklyn
3430106,282 BERGEN STREET,302,00388,00020,40.68354,-73.98305,Brooklyn
3430107,567 FULTON STREET,302,00149,00014,40.68954,-73.98176,BROOKLYN
3430112,3 COZINE AVENUE,305,04386,00001,40.65322,-73.89152,BROOKLYN
3430115,25 SPARROW WAY,309,04833,00103,40.65675,-73.93771,Brooklyn
3430116,7 SPARROW WAY,309,04833,00104,40.65649,-73.93756,Brooklyn
3430119,55 SPARROW WAY,309,04833,00102,40.65743,-73.9377,Brooklyn
3430120,50 SPARROW WAY,309,04833,00101,40.65723,-73.9382,Brooklyn
3430122,69 DOVER STREET,315,08730,00094,40.58055,-73.94976,BROOKLYN
3430126,423 99 STREET,310,06131,00012,40.61318,-74.03223,BROOKLYN
3430128,788 EAST   92 STREET,317,08117,00026,40.64832,-73.91303,Brooklyn
3430133,149 BEAUMONT STREET,315,08734,00045,40.57834,-73.95097,Brooklyn
3430142,95 ROCKWELL PLACE,302,02107,00002,40.68726,-73.97887,Brooklyn
3430144,170 WILLIAMSBURG STREET EAST,301,02199,00022,40.70439,-73.95892,Brooklyn
3430145,1651 48 STREET,312,05443,00072,40.63099,-73.98345,Brooklyn
3430148,130 BERRY STREET,301,02326,00029,40.71835,-73.95963,Brooklyn
3430149,689 COZINE AVENUE,305,04546,00033,40.66219,-73.86797,Brooklyn
3430150,687 COZINE AVENUE,305,04546,00031,40.66219,-73.86797,Brooklyn
3430151,685 COZINE AVENUE,305,04546,00030,40.66219,-73.86797,Brooklyn
3430152,683 COZINE AVENUE,305,04546,00029,40.66219,-73.86797,Brooklyn
3430158,245 HOOPER STREET,301,02201,00060,40.70607,-73.9558,Brooklyn
3430164,2142 GAR EAST    4 STREET,315,07106,00030,40.59821,-73.9679,BROOKLYN
3430167,2616 HARWAY AVENUE,313,06910,00032,40.59093,-73.99011,BROOKLYN
3430169,240 HIGHLAND PLACE,305,03958,00048,40.67929,-73.88114,Brooklyn
3430170,229 SHEPHERD AVENUE,305,03958,00049,40.67929,-73.88114,Brooklyn
3430175,926 MOTHER GASTON BOULEVARD,316,03639,00055,40.65553,-73.90366,Brooklyn
3430181,12 DARE COURT,315,08845,02132,40.5866,-73.92029,Brooklyn
3430184,882 FOUNTAIN AVENUE,305,04586,00299,40.65703,-73.86464,Brooklyn
3430185,935 ERSKINE STREET,305,04586,00298,40.65655,-73.86727,Brooklyn
3430187,102 DOWNING STREET,302,01991,00019,40.6826,-73.96086,Brooklyn
3430189,176 GAR WASHINGTON PARK,302,02072,00053,40.69184,-73.97332,BROOKLYN
3430192,4318 AVENUE D,317,04977,00007,40.64151,-73.93551,BROOKLYN
3430193,4320 AVENUE D,317,04977,00008,40.64151,-73.93543,BROOKLYN
3430194,4324 AVENUE D,317,04977,00010,40.64153,-73.93528,BROOKLYN
3430195,4322 AVENUE D,317,04977,00009,40.64152,-73.93536,BROOKLYN
3430196,1187 EAST   94 STREET,318,08202,00028,40.64155,-73.90242,Brooklyn
3430199,2745 ATLANTIC AVENUE,305,03674,00042,40.6765,-73.89283,Brooklyn
3430203,236 GOLD STREET,302,00121,00033,40.69703,-73.98344,Brooklyn
3430208,224 3 AVENUE,306,00426,00036,40.67928,-73.98512,Brooklyn
3430209,1956GAR OCEAN PARKWAY,315,07108,00159,40.60115,-73.96613,Brooklyn
3430211,1185 EAST   94 STREET,318,08202,00029,40.64166,-73.90218,Brooklyn
3430217,50 ROGERS AVENUE,308,01225,00015,40.67504,-73.95303,BROOKLYN
3430220,82 SANDFORD STREET,303,01736,00010,40.69662,-73.95403,Brooklyn
3430221,410 40 STREET,307,00714,00006,40.65171,-74.00662,Brooklyn
3430224,291 WALLABOUT STREET,301,02250,00047,40.70223,-73.94823,Brooklyn
3430225,404 VAN BRUNT STREET,306,00586,00028,40.67649,-74.01429,Brooklyn
3430228,1235 57 STREET,312,05690,00060,40.63143,-73.99778,Brooklyn
3430229,1239 57 STREET,312,05690,00059,40.63139,-73.99771,Brooklyn
3430230,1709 SURF AVENUE,313,07061,00014,40.57578,-73.98515,BROOKLYN
3430231,1105 56 STREET,312,05682,00001,40.63373,-74.00023,Brooklyn
3430232,1243 57 STREET,312,05690,00058,40.63135,-73.99764,Brooklyn
3430237,1060 PACIFIC STREET,308,01134,00017,40.67884,-73.95764,Brooklyn
3430239,1107 56 STREET,312,05682,00002,40.63373,-74.00023,Brooklyn
3430249,5413 PRESTON COURT,318,07949,00204,40.6381,-73.92457,BROOKLYN
3430252,783 CLASSON AVENUE,308,01175,00001,40.67377,-73.96046,Brooklyn
3430255,32 ST ANDREWS PLACE,303,01869,00029,40.67839,-73.94318,BROOKLYN
3430256,16 COOK STREET,301,03119,00005,40.70196,-73.94328,Brooklyn
3430259,2554 STILLWELL AVENUE,313,06919,00036,40.58559,-73.98351,Brooklyn
3430263,2556 STILLWELL AVENUE,313,06919,00037,40.58559,-73.98351,Brooklyn
3430268,221 BRADFORD STREET,305,03708,00001,40.67398,-73.8925,Brooklyn
3430273,1447 WEST    5 STREET,311,06580,00045,40.61153,-73.97904,Brooklyn
3430274,455 LINWOOD STREET,305,04003,00001,40.67435,-73.88244,Brooklyn
3430278,4921 14 AVENUE,312,05643,00001,40.6331,-73.99012,Brooklyn
3430280,385 LOUISIANA AVENUE,305,04430,00001,40.65062,-73.88941,Brooklyn
3430284,3014 Farragut Road,317,05005,00043,40.63628,-73.94778,Brooklyn
3430287,73 MESEROLE STREET,301,03041,00025,40.70791,-73.94734,Brooklyn
3430294,19 CLAY STREET,301,02482,00009,40.73664,-73.95702,BROOKLYN
3430297,251 DOUGLASS STREET,306,00412,00050,40.68106,-73.98546,Brooklyn
3430304,103 BLAKE AVENUE,316,03537,00001,40.66484,-73.91594,Brooklyn
3430308,51 WILLOUGHBY STREET,302,00147,00044,40.69243,-73.98687,Brooklyn
3430310,3427 GAR BEDFORD AVENUE,314,07661,00034,40.61851,-73.95013,Brooklyn
3430315,571 WATKINS STREET,316,03618,00001,40.65841,-73.90463,Brooklyn
3430328,701 PROSPECT PLACE,308,01225,00026,40.67468,-73.95328,Brooklyn
3430329,24 SKILLMAN STREET,303,01885,00016,40.69795,-73.95779,Brooklyn
3430338,73 EMPIRE BOULEVARD,309,01306,00025,40.66379,-73.95911,Brooklyn
3430339,54 SULLIVAN PLACE,309,01306,00020,40.66379,-73.95911,Brooklyn
3430340,62 SULLIVAN PLACE,309,01306,00030,40.66379,-73.95911,Brooklyn
3430343,365 GAR FORBELL STREET,305,04275,00014,40.67344,-73.86282,Brooklyn
3430350,1827 OCEAN PARKWAY,315,06682,00086,40.60413,-73.96603,BROOKLYN
3430352,148 MADISON STREET,303,01822,00018,40.68419,-73.95312,BROOKLYN
3430353,343 HIMROD STREET,304,03270,00024,40.70262,-73.91784,Brooklyn
3430357,498 UNION STREET,306,00439,00001,40.67882,-73.98759,BROOKLYN
3430358,340 NEVINS STREET,306,00439,00010,40.67801,-73.98815,Brooklyn
3430359,157 LEONARD STREET,301,03032,00018,40.70896,-73.94714,Brooklyn
3430362,407 REMSEN AVENUE,317,04665,00071,40.65583,-73.92288,Brooklyn
3430363,610 SACKETT STREET,306,00434,00001,40.67855,-73.98492,Brooklyn
3430365,1515 AVENUE Z,315,07436,00031,40.58828,-73.95377,Brooklyn
3430371,231 THIRD AVENUE,306,00434,00013,40.67855,-73.98492,Brooklyn
3430374,1314 GAR 53 STREET,312,05670,00011,40.63235,-73.99419,BROOKLYN
3430375,329 CLARKSON AVENUE,309,04828,00021,40.65585,-73.94833,Brooklyn
3430377,242 19 STREET,307,00885,00005,40.66214,-73.99223,Brooklyn
3430395,334 FURMAN STREET,302,00245,00015,40.69464,-74.00097,Brooklyn
3430399,4218 ATLANTIC AVENUE,313,07041,00034,40.57478,-74.00891,Brooklyn
3430403,1094 DUMONT AVENUE,305,04086,00001,40.66854,-73.8781,BROOKLYN
3430419,161 EMERSON PLACE,302,01909,00001,40.69268,-73.96178,BROOKLYN
3430420,7 SUYDAM PLACE,303,01710,00009,40.67806,-73.92651,BROOKLYN
3430426,141 3 STREET,306,00462,00012,40.67675,-73.99054,Brooklyn
3430428,179 NORTH   10 STREET,301,02298,00025,40.71918,-73.95498,Brooklyn
3430432,1279 80 STREET,310,06267,00043,40.61786,-74.01102,Brooklyn
3430438,682 THOMAS S BOYLAND STREET,316,03557,00145,40.66399,-73.91252,Brooklyn
3430443,30 DOSCHER STREET,305,04193,00129,40.67691,-73.87331,Brooklyn
3430450,99 16 STREET,307,01046,00057,40.66674,-73.99303,Brooklyn
3430457,219 HARMAN STREET,304,03277,00012,40.69838,-73.92072,Brooklyn
3430459,284 4 AVENUE,306,00456,00032,40.67576,-73.98466,Brooklyn
3430476,6414 8 AVENUE,310,05821,00043,40.63298,-74.01254,Brooklyn
3430477,749 53 STREET,307,00810,00060,40.64015,-74.00618,Brooklyn
3430499,1214 OCEAN PARKWAY,312,06541,00013,40.619,-73.97013,Brooklyn
3430508,1259 ST MARKS AVENUE,308,01356,00075,40.67423,-73.92725,Brooklyn
3430509,285 NORTH    8 STREET,301,02315,00133,40.71574,-73.95248,Brooklyn
3430514,400GAR AVENUE T,315,07104,00456,40.59934,-73.97041,Brooklyn
3430520,97 GLENMORE AVENUE,316,03692,00001,40.672,-73.90684,Brooklyn
3430521,370 QUENTIN ROAD,315,06658,00001,40.60633,-73.97211,Brooklyn
3430530,1314 53 STREET,312,05670,00011,40.63235,-73.99419,Brooklyn
3430531,1546 EAST NEW YORK AVENUE,316,03489,00121,40.67207,-73.91077,Brooklyn
3430537,1348 EAST   91 STREET,318,08236,00047,40.63692,-73.90134,Brooklyn
3430538,1346 EAST   91 STREET,318,08236,00046,40.63699,-73.90141,Brooklyn
3430540,2020 EAST 2 STREET,315,07104,00180,40.6003,-73.97047,Brooklyn
3430541,432 AVENUE U,315,07130,00006,40.5973,-73.96805,Brooklyn
3430542,1342 EAST   57 STREET,318,07881,00063,40.62073,-73.92059,Brooklyn
3800496,9 5 STREET,306,00468,00060,40.67747,-73.99592,Brooklyn
3801191,8010 17 AVENUE,311,06283,00046,40.61187,-74.00146,Brooklyn
3804002,417 ADELPHI STREET,302,01958,00001,40.68485,-73.9699,BROOKLYN
3804015,46 ADELPHI STREET,302,02031,00052,40.69664,-73.97279,Brooklyn
3805771,1456 BEDFORD AVENUE,308,01238,00039,40.67335,-73.95444,Brooklyn
3806155,1045 BERGEN STREET,308,01212,00070,40.67643,-73.95177,Brooklyn
3807575,449 BROADWAY,301,02465,00052,40.70673,-73.95224,BROOKLYN
3807698,58 BROOKLYN AVENUE,308,01202,00041,40.67798,-73.9444,Brooklyn
3807946,209 BUTLER STREET,306,00405,00060,40.68244,-73.98711,BROOKLYN
3808142,444 CARROLL STREET,306,00453,00026,40.67758,-73.98763,Brooklyn
3808389,481 CENTRAL AVENUE,304,03383,00001,40.69156,-73.91319,BROOKLYN
3809237,683 CLEVELAND STREET,305,04081,00018,40.66762,-73.88242,Brooklyn
3810134,366 CRESCENT STREET,305,04164,00034,40.67992,-73.87141,Brooklyn
3811113,157 DOUGLASS STREET,306,00404,00001,40.68222,-73.98918,Brooklyn
3811137,72 DOUGLASS STREET,306,00415,00014,40.6832,-73.99232,BROOKLYN
3811727,1878 EAST    9 STREET,315,06684,00039,40.60352,-73.96312,Brooklyn
3814094,570 ELDERT LANE,305,04223,00001,40.67696,-73.86504,Brooklyn
3817430,514 HALSEY STREET,303,01665,00027,40.68341,-73.93373,BROOKLYN
3817795,249 HART STREET,303,01769,00056,40.69427,-73.94122,BROOKLYN
3818635,145 HINSDALE STREET,305,03716,00005,40.67182,-73.90066,Brooklyn
3819084,638 HOWARD AVENUE,316,03511,00064,40.66646,-73.91999,BROOKLYN
3819669,105 JOHN STREET,302,00003,00001,40.70434,-73.98401,BROOKLYN
3819902,455 KEAP STREET,301,02374,00020,40.71259,-73.95266,Brooklyn
3820168,5855 KINGS HIGHWAY,317,04684,00020,40.65363,-73.9221,Brooklyn
3822191,1168 MYRTLE AVENUE,304,03193,00001,40.69706,-73.9333,Brooklyn
3822353,772 MYRTLE AVENUE,303,01754,00016,40.69487,-73.95156,BROOKLYN
3822638,197 NEW JERSEY AVENUE,305,03688,00004,40.67496,-73.89559,Brooklyn
3822838,5716 NEW UTRECHT AVENUE,312,05698,00024,40.62963,-73.99628,Brooklyn
3823969,306 PENNSYLVANIA AVENUE,305,03754,00031,40.66989,-73.89572,BROOKLYN
3824728,1625 PROSPECT PLACE,308,01363,00060,40.67302,-73.92264,BROOKLYN
3828750,717 SUTTER AVENUE,305,03758,00001,40.66995,-73.89214,BROOKLYN
3829447,2102 UNION STREET,316,03531,00032,40.66504,-73.92126,Brooklyn
3831010,172 WILLIAMS AVENUE,305,03716,00027,40.67201,-73.90006,Brooklyn
3832996,2150 ATLANTIC AVENUE,316,01433,00019,40.67629,-73.9155,BROOKLYN
3833616,1530 BERGEN STREET,308,01354,00017,40.67489,-73.93262,Brooklyn
3836037,1027 DEAN STREET,308,01134,00064,40.6777,-73.95605,Brooklyn
3837464,726 BELMONT AVENUE,305,04034,00012,40.67228,-73.88289,Brooklyn
3848533,161 MARSHALL STREET,302,00005,00001,40.70482,-73.98144,Brooklyn
3849006,607 AVENUE K,312,06527,00050,40.62204,-73.96957,BROOKLYN
3851620,68 SOUTH FIRST STREET,301,02404,00011,40.7148,-73.96451,BROOKLYN
3853823,371 NOSTRAND AVENUE,303,01818,00002,40.68516,-73.95026,Brooklyn
3855779,305 CALYER STREET,301,02580,00001,40.73033,-73.94809,BROOKLYN
3855925,182 SOUTH    9 STREET,301,02148,00022,40.70818,-73.9614,Brooklyn
3856218,890 MYRTLE AVENUE,303,01755,00040,40.69543,-73.94667,BROOKLYN
3856592,304 FRANKLIN AVENUE,303,01949,00040,40.68897,-73.9574,Brooklyn
3862165,179 GAR AMBOY STREET,316,03540,00016,40.666,-73.9137,BROOKLYN
3862175,2166 GAR HOMECREST AVENUE,315,07344,00034,40.59721,-73.95895,Brooklyn
3862216,563 GAR SACKETT STREET,306,00426,00047,40.67947,-73.98563,Brooklyn
3862228,1472 GAR 67 STREET,311,05769,00038,40.6226,-73.99908,Brooklyn
4000361,10-54 46 ROAD,402,00047,00025,40.74557,-73.95103,Queens
4000575,2116 45 ROAD,402,00076,00044,40.74633,-73.94724,Queens
4000617,21-20 45 AVENUE,402,00077,00050,40.747,-73.94691,QUEENS
4000638,21-33 45 AVENUE,402,00078,00016,40.74733,-73.94627,Queens
4000640,21-37 45 AVENUE,402,00078,00018,40.7473,-73.94614,QUEENS
4000646,21-49 45 AVENUE,402,00078,00024,40.74723,-73.94576,QUEENS
4000674,23-10 44 DRIVE,402,00079,00029,40.7473,-73.94463,Queens
4000717,45-50 PEARSON STREET,402,00085,00041,40.74464,-73.94418,QUEENS
4000719,45-40 PEARSON STREET,402,00085,00048,40.74487,-73.94469,Queens
4001277,41-50 47 STREET,402,00137,00059,40.74504,-73.91761,QUEENS
4001289,43-12 50 STREET,402,00138,00025,40.74405,-73.91502,Queens
4001629,39-24 46 STREET,402,00154,00069,40.74866,-73.91789,QUEENS
4003139,38-15 QUEENS BOULEVARD,402,00219,00034,40.74514,-73.92629,QUEENS
4003411,30-30 NORTHERN BLVD,401,00239,00060,40.7509,-73.93358,QUEENS
4003444,32-02 QUEENS BOULEVARD,402,00249,07501,40.7441,-73.93319,Queens
4003741,38-60 REVIEW AVENUE,402,00312,00350,40.73043,-73.93391,QUEENS
4003957,35-21 10 STREET,401,00330,00017,40.76241,-73.9399,QUEENS
4004513,37-31 29 STREET,401,00371,00001,40.75484,-73.93317,Queens
4004557,33-06 37 AVENUE,401,00375,00018,40.75376,-73.92946,Queens
4004575,33-10 38 AVENUE,401,00380,00007,40.75258,-73.9303,Queens
4004585,32-10 38 AVENUE,401,00381,00012,40.753,-73.93108,Queens
4004586,32-20 38 AVENUE,401,00381,00016,40.75284,-73.93079,Queens
4004608,30-10 38 AVENUE,401,00383,00012,40.75382,-73.93262,QUEENS
4004827,28-10 39 AVENUE,401,00398,00024,40.75357,-73.93506,QUEENS
4004861,30-01 NORTHERN BOULEVARD,401,00402,00010,40.75124,-73.9349,QUEENS
4004870,29-24 40 AVENUE,401,00402,00032,40.75171,-73.93514,Queens
4004880,40-39 27 STREET,401,00405,00009,40.75201,-73.93781,Queens
4004881,40-37 27 STREET,401,00405,00010,40.75207,-73.93775,Queens
4004915,40-17 24 STREET,401,00407,00018,40.75335,-73.93888,Queens
4004940,23-06 40 AVENUE,401,00408,00023,40.75399,-73.93937,QUEENS
4005027,28-12 41 AVENUE,401,00417,00020,40.75103,-73.93735,QUEENS
4005094,42-38 27 STREET,402,00430,00016,40.74934,-73.94097,QUEENS
4005131,42-81 HUNTER STREET,402,00432,00033,40.74834,-73.94068,Queens
4005133,42-73 HUNTER STREET,402,00432,00036,40.74843,-73.94044,Queens
4005134,42-71 HUNTER STREET,402,00432,00036,40.74843,-73.94044,Queens
4005180,21-47 44 DRIVE,402,00438,00005,40.74802,-73.94547,Queens
4005439,11-32 31 DRIVE,401,00502,00023,40.76794,-73.93488,Queens
4005539,11-51 WELLING COURT,401,00507,00009,40.77161,-73.93227,Queens
4005572,27-30 12 STREET,401,00510,00002,40.77291,-73.93032,Queens
4005625,11-08 MAIN AVENUE,401,00513,00015,40.7719,-73.93163,QUEENS
4005780,12-24 31 DRIVE,401,00519,00033,40.76731,-73.93359,QUEENS
4005800,14-27 BROADWAY,401,00531,00012,40.76601,-73.93247,Queens
4005806,31-65 14 STREET,401,00531,00030,40.76648,-73.93312,Queens
4005813,31-47 14 STREET,401,00531,00038,40.76689,-73.93277,Queens
4005814,31-45 14 STREET,401,00531,00039,40.76694,-73.93273,Queens
4005916,30-99 14 STREET,401,00534,00024,40.76839,-73.93172,QUEENS
4006049,14-45 29 AVENUE,401,00538,00002,40.77097,-73.92773,QUEENS
4006070,28-08 21 STREET,401,00538,00043,40.77102,-73.92731,Queens
4006097,27-30 21 STREET,401,00539,00038,40.77164,-73.92683,Queens
4006113,14-01 ASTORIA BOULEVARD,401,00540,00030,40.77238,-73.92874,QUEENS
4006311,30-16 23 STREET,401,00549,00035,40.76897,-73.92712,QUEENS
4006319,21-12 30 ROAD,401,00550,00007,40.76854,-73.92822,Queens
4006423,21-22 33 AVENUE,401,00556,00031,40.76404,-73.93165,Queens
4006590,23-42 31 DRIVE,401,00567,00041,40.76444,-73.92861,QUEENS
4006772,23-12 30 AVENUE,401,00572,00031,40.76882,-73.92623,QUEENS
4006792,25-23 NEWTOWN AVENUE,401,00573,00011,40.77026,-73.92278,QUEENS
4006838,27-28 27 STREET,401,00574,00016,40.76925,-73.92379,QUEENS
4006878,27-05 27 STREET,401,00575,00001,40.76954,-73.92303,QUEENS
4007096,30-78 29 STREET,401,00578,00040,40.76585,-73.92479,Queens
4007565,31-58 31 STREET,401,00589,00064,40.76305,-73.92491,Queens
4007566,31-60 31 STREET,401,00589,00065,40.763,-73.92496,Queens
4007582,30-71 29 STREET,401,00590,00007,40.76574,-73.9242,Queens
4007622,29-34 30 AVENUE,401,00592,00028,40.7672,-73.92266,Queens
4007888,31-03 37 AVENUE,401,00600,00006,40.75503,-73.93062,QUEENS
4008432,32-02 31 AVENUE,401,00614,00039,40.76369,-73.92271,Queens
4008816,32-49 34 STREET,401,00622,00018,40.75951,-73.92374,QUEENS
4009515,36-30 36 STREET,401,00635,00019,40.75407,-73.92683,Queens
4009646,34-29 37 STREET,401,00645,00015,40.75648,-73.92289,QUEENS
4010098,24-58 37 STREET,401,00652,00047,40.76881,-73.91354,QUEENS
4010882,35-42 41 STREET,401,00669,00036,40.75393,-73.92233,Queens
4011692,32-72 43 STREET,401,00690,00167,40.75621,-73.91827,Queens
4011797,42-18 31 AVENUE,401,00692,00043,40.76022,-73.91512,QUEENS
4011798,31-04 43 STREET,401,00692,00044,40.76012,-73.91501,QUEENS
4012169,25-37 42 STREET,401,00701,00029,40.76616,-73.91061,Queens
4013205,47-07 BROADWAY,401,00726,00001,40.75645,-73.91286,Queens
4013575,24-67 46 STREET,401,00732,00015,40.76628,-73.90612,Queens
4013599,24-43 47 STREET,401,00733,00028,40.76661,-73.90475,Queens
4014906,22-12 43 STREET,401,00783,00009,40.77118,-73.9045,QUEENS
4015619,20-14 41 STREET,401,00799,00038,40.77574,-73.9016,QUEENS
4015910,22-64 38 STREET,401,00806,00059,40.77222,-73.90861,Queens
4015945,21-17 38 STREET,401,00807,00027,40.77462,-73.90485,Queens
4015956,21-16 STEINWAY STREET,401,00807,00038,40.77445,-73.90455,QUEENS
4016142,36-08 24 AVENUE,401,00817,00014,40.77015,-73.91286,Queens
4016174,23-83 36 STREET,401,00819,00003,40.77067,-73.91229,Queens
4016205,36-14 23 AVENUE,401,00819,00039,40.77212,-73.91011,QUEENS
4016384,22-48 37 STREET,401,00821,00051,40.773,-73.90894,QUEENS
4016734,20-22 36 STREET,401,00828,00057,40.77756,-73.9047,Queens
4016940,21-49 32 STREET,401,00831,00044,40.77649,-73.9092,QUEENS
4017174,23-57 31 STREET,401,00835,00015,40.77293,-73.91417,Queens
4017318,31-05 ASTORIA BOULEVARD,401,00837,00009,40.77083,-73.91673,Queens
4017703,21-15 29 STREET,401,00846,00030,40.77813,-73.90966,Queens
4017780,28-17 DITMARS BOULEVARD,401,00847,00066,40.77713,-73.91163,QUEENS
4018713,25-06 23 AVENUE,401,00864,00036,40.77668,-73.91661,Queens
4019143,24-19 23 STREET,401,00873,00032,40.77531,-73.92088,Queens
4019633,21-21 DITMARS BOULEVARD,401,00880,00001,40.78051,-73.91579,QUEENS
4019953,18-18 25 ROAD,401,00887,00040,40.77451,-73.92596,Queens
4020110,23-18 21 STREET,401,00890,00095,40.77843,-73.91977,QUEENS
4020157,22-31 19 STREET,401,00891,00020,40.78043,-73.91859,QUEENS
4020343,21-69 SHORE BOULEVARD,401,00896,00031,40.78261,-73.91926,Queens
4020640,4-42 26 AVENUE,401,00908,00012,40.77517,-73.93112,Queens
4020690,26-24 3 STREET,401,00914,00028,40.77583,-73.93418,QUEENS
4021305,21-16 74 STREET,401,00969,00013,40.76965,-73.89581,QUEENS
4022470,22-44 81 STREET,401,01012,00026,40.76758,-73.88879,QUEENS
4022499,24-55 BROOKLYN QUEENS EXPRESSWAY WEST,401,01016,00045,40.76385,-73.90195,QUEENS
4022510,23-25 49 STREET,401,01016,00550,40.7662,-73.9025,QUEENS
4022884,24-24 82 STREET,403,01045,00015,40.7642,-73.88723,Queens
4023005,25-06 73RD STREET,403,01049,00012,40.76187,-73.89533,QUEENS
4023538,23-34 91ST STREET,403,01084,00022,40.76676,-73.87928,QUEENS
4023575,23-41 91 STREET,403,01085,00061,40.76669,-73.87857,Queens
4023634,93-02 23 AVENUE,403,01087,00001,40.76777,-73.87669,Queens
4024838,30-19 73 STREET,403,01122,00062,40.75977,-73.89437,Queens
4025180,54-06 31 AVENUE,401,01132,00001,40.75681,-73.90687,QUEENS
4025283,31-23 56 STREET,401,01134,00082,40.7565,-73.90514,QUEENS
4026738,32-37 77 STREET,403,01173,00063,40.75617,-73.88993,Queens
4027293,34-21 56 STREET,402,01195,00034,40.7518,-73.90529,Queens
4027375,59-01 37 AVENUE,402,01198,00007,40.75009,-73.90308,QUEENS
4027544,5336 37 ROAD,402,01206,00022,40.75049,-73.9083,Queens
4027657,57-14 37   AVENUE,402,01212,00009,40.75003,-73.90475,QUEENS
4027816,37-55 61 ST,402,01216,00014,40.7479,-73.90192,QUEENS
4028077,67-17 ROOSEVELT AVENUE,402,01223,00014,40.74648,-73.89742,Queens
4028324,39-39 60 STREET,402,01229,00079,40.74628,-73.90386,QUEENS
4028327,3902 61 STREET,402,01229,00090,40.74705,-73.9031,Queens
4030411,40-29 72 STREET,404,01304,00016,40.74577,-73.89312,QUEENS
4030507,41-31 68 STREET,402,01308,00009,40.74366,-73.89645,Queens
4030836,54-21 ROOSEVELT AVENUE,402,01317,00066,40.74512,-73.9098,Queens
4030876,43-20 53 STREET,402,01321,00034,40.74325,-73.91203,QUEENS
4030960,54-11 QUEENS BOULEVARD,402,01323,00044,40.74255,-73.91035,Queens
4030961,54-03 QUEENS BOULEVARD,402,01323,00052,40.74256,-73.91071,Queens
4031074,56-12 ROOSEVELT AVENUE,402,01327,00039,40.74495,-73.90817,QUEENS
4031141,41-32 58 STREET,402,01328,00072,40.74355,-73.9074,QUEENS
4031143,56-01 QUEENS BOULEVARD,402,01329,00004,40.74245,-73.90899,Queens
4031215,40-19 59 STREET,402,01331,00037,40.74474,-73.90556,Queens
4031397,58-01 QUEENS BOULEVARD,402,01334,00001,40.74223,-73.90698,QUEENS
4032493,92-16 25 AVENUE,403,01366,00007,40.76387,-73.87678,Queens
4032497,92-15 ASTORIA BOULEVARD,403,01366,00016,40.76349,-73.87675,Queens
4032999,98-20 ASTORIA BOULEVARD,403,01378,00034,40.76188,-73.8705,Queens
4033597,30-43 91 STREET,403,01389,00046,40.76056,-73.87746,Queens
4036216,37-57 82 STREET,403,01470,00050,40.74812,-73.88373,QUEENS
4037025,41-15 76 STREET,404,01496,00068,40.74493,-73.88889,Queens
4037869,42-38 78 STREET,404,01523,00024,40.74254,-73.88715,Queens
4037958,42-61 78 STREET,404,01524,00065,40.74192,-73.88649,Queens
4038009,42-25 79 STREET,404,01525,00095,40.743,-73.88578,QUEENS
4038628,82-11 QUEENS BOULEVARD,404,01542,00001,40.73779,-73.88096,Queens
4038630,82-19 QUEENS BOULEVARD,404,01542,00009,40.7378,-73.88058,Queens
4038667,83-12 BROADWAY,404,01544,00035,40.74066,-73.87986,QUEENS
4039441,1 CLAREMONT TERRACE,404,01580,00013,40.74131,-73.87891,QUEENS
4040058,94-47 46 AVENUE,404,01602,00066,40.7439,-73.86903,Queens
4041347,27-42 GILLMORE STREET,403,01661,00027,40.763,-73.86635,QUEENS
4041518,104-04 29 AVENUE,403,01669,00001,40.76243,-73.86523,QUEENS
4042212,107-09 NORTHERN BOULEVARD,403,01702,00062,40.7581,-73.8615,Queens
4042863,111-24 NORTHERN BOULEVARD,403,01726,00011,40.75775,-73.85774,Queens
4043688,34-25 109 STREET,403,01753,00112,40.75565,-73.85905,Queens
4043827,34-74 113 STREET,403,01756,00025,40.75539,-73.85572,QUEENS
4044234,37-58 103 STREET,403,01768,00039,40.75171,-73.86393,Queens
4044235,37-60 103 STREET,403,01768,00040,40.75164,-73.8639,QUEENS
4044623,104-68 39 AVENUE,403,01776,00026,40.75111,-73.85966,Queens
4044747,37-39 108TH STREET,403,01778,00083,40.75303,-73.85961,QUEENS
4045013,126-02 NORTHERN BOULEVARD,407,01820,00001,40.76022,-73.84538,Queens
4045014,126-12 NORTHERN BOULEVARD,407,01820,00006,40.7605,-73.84525,QUEENS
4045280,87-46 52 AVENUE,404,01838,00020,40.73829,-73.87507,Queens
4045959,90-44 55 AVENUE,404,01857,00020,40.73687,-73.87133,Queens
4046611,94-24 50 AVENUE,404,01884,00009,40.74125,-73.86852,QUEENS
4046624,94-29 51 AVENUE,404,01884,00032,40.74102,-73.86823,Queens
4046667,51-07 94 STREET,404,01885,00044,40.74039,-73.8689,QUEENS
4047055,94-24 55 AVENUE,404,01901,00006,40.73776,-73.86717,Queens
4047305,94-30 60 AVENUE,404,01913,07501,40.7343,-73.86521,QUEENS
4047310,59-17 JUNCTION BOULEVARD,404,01918,00001,40.73478,-73.86439,Queens
4047597,104-22 CORONA AVENUE,404,01935,00006,40.74374,-73.85793,Queens
4047791,103-30 52 AVENUE,404,01943,00012,40.74203,-73.85705,QUEENS
4047792,103-34 52 AVENUE,404,01943,00015,40.74211,-73.85691,QUEENS
4048160,104-04 OTIS AVENUE,404,01957,00002,40.73799,-73.85525,Queens
4048161,104-06 OTIS AVENUE,404,01957,00003,40.73804,-73.85522,Queens
4048302,55-25 VAN CLEEF STREET,404,01962,00028,40.74097,-73.85275,QUEENS
4048320,57-06 VAN DOREN STREET,404,01966,00005,40.73973,-73.85261,Queens
4048345,58-35 WALDRON STREET,404,01966,00055,40.73907,-73.8515,Queens
4048762,47-19 102 STREET,404,01983,00071,40.7444,-73.86147,QUEENS
4049449,45-05 108 STREET,404,02001,00093,40.74778,-73.8569,Queens
4050412,61-15 97 STREET,406,02082,00107,40.73384,-73.86188,QUEENS
4050421,62-60 99 STREET,406,02086,00040,40.73297,-73.85795,QUEENS
4050625,99-21 63 AVENUE,406,02109,00057,40.73346,-73.85654,Queens
4051119,102-48 63 AVENUE,406,02124,00035,40.73393,-73.8534,QUEENS
4051400,63-17 YELLOWSTONE BOULEVARD,406,02146,00060,40.73392,-73.85242,QUEENS
4051456,105-33 65 ROAD,406,02151,00149,40.73082,-73.8498,Queens
4051457,105-31 65 ROAD,406,02151,00149,40.73082,-73.8498,Queens
4051458,105-29 65 ROAD,406,02151,00149,40.73082,-73.8498,Queens
4051459,105-27 65 ROAD,406,02151,00149,40.73082,-73.8498,Queens
4052121,64-45 110 STREET,406,02185,00001,40.7325,-73.84648,QUEENS
4052143,66-55 110 STREET,406,02189,00002,40.73,-73.844,QUEENS
4052144,67-43 110 STREET,406,02191,00001,40.72854,-73.84447,QUEENS
4052220,112-30 68 AVENUE,406,02207,00020,40.7284,-73.8409,Queens
4052229,112-11 68 ROAD,406,02207,00060,40.72799,-73.84128,Queens
4052248,108-38 68 ROAD,406,02217,00024,40.7265,-73.84469,QUEENS
4052259,108-23 68 DRIVE,406,02217,00054,40.72609,-73.8451,Queens
4052267,108-21 69 AVENUE,406,02218,00053,40.72543,-73.84476,QUEENS
4052455,110-26 68 DRIVE,406,02228,00017,40.72638,-73.84254,QUEENS
4052470,110-11 69 AVENUE,406,02228,00058,40.72602,-73.84274,QUEENS
4052481,110-53 69 ROAD,406,02229,00039,40.72576,-73.84107,Queens
4052493,110-30 69 ROAD,406,02230,00020,40.72509,-73.84172,QUEENS
4052531,110-40 70 AVENUE,406,02232,00025,40.72383,-73.84081,Queens
4052680,69-91 113 STREET,406,02245,00005,40.72425,-73.83852,Queens
4052715,70-35 113 STREET,406,02248,07501,40.72366,-73.83822,Queens
4052785,76-14 113 STREET,406,02266,00098,40.71733,-73.83385,Queens
4052812,120-55 QUEENS BOULEVARD,409,02274,00002,40.714,-73.828,QUEENS
4052874,46-02 47 AVENUE,402,02284,00006,40.74045,-73.91876,QUEENS
4054301,53-50 61 STREET,405,02365,00088,40.72859,-73.90434,Queens
4054347,53-71 61 STREET,405,02367,00018,40.72789,-73.90376,Queens
4055506,68-29 JAY AVENUE,405,02399,00026,40.72893,-73.89645,QUEENS
4055535,53-85 66 STREET,405,02400,00001,40.72908,-73.89889,QUEENS
4055702,67-01 53 ROAD,405,02406,00041,40.73093,-73.89792,Queens
4056462,69-02 51 AVENUE,402,02455,00001,40.73514,-73.89571,QUEENS
4057087,51-67 GORSLINE STREET,404,02471,00057,40.73534,-73.8846,Queens
4057113,79-06 51 AVENUE,404,02471,00101,40.73711,-73.8843,QUEENS
4057253,85-29 GRAND AVENUE,404,02474,00075,40.73568,-73.88144,Queens
4057254,85-27 GRAND AVENUE,404,02474,00076,40.73565,-73.88151,Queens
4057482,52-39 70 STREET,405,02481,00020,40.73244,-73.89371,Queens
4057681,52-43 72 PLACE,405,02484,00018,40.73249,-73.89108,Queens
4057682,52-41 72 PLACE,405,02484,00019,40.73257,-73.89107,Queens
4057864,73-20 52 ROAD,405,02487,00018,40.73306,-73.88955,QUEENS
4059031,58-89 57 STREET,405,02622,00111,40.71831,-73.91151,QUEENS
4059112,58-80 56 STREET,405,02630,00220,40.71816,-73.91322,Queens
4059130,58-74 57 STREET,405,02631,00106,40.71824,-73.91245,QUEENS
4059136,58-64 57 STREET,405,02631,00137,40.7188,-73.91251,Queens
4059795,58-15 57 ROAD,405,02672,00101,40.72256,-73.91132,Queens
4060752,56-11 REMSEN PLACE,405,02717,00003,40.7252,-73.90063,Queens
4060753,56-09 REMSEN PLACE,405,02717,00003,40.7252,-73.90063,Queens
4062195,57-20 66 STREET,405,02775,00013,40.72351,-73.89848,Queens
4062669,69-23 CALDWELL AVENUE,405,02794,00053,40.7238,-73.89338,Queens
4062773,57-38 MAZEAU STREET,405,02798,00137,40.72734,-73.8908,QUEENS
4062925,54-28 80 STREET,404,02807,00017,40.72982,-73.88343,Queens
4063046,57-64 75 STREET,405,02813,00079,40.72681,-73.88635,Queens
4063330,58-42 76 STREET,405,02822,00031,40.72531,-73.88445,QUEENS
4063880,69-22 60 AVENUE,405,02836,00005,40.72158,-73.89188,Queens
4066200,54-27 82 STREET,404,02906,00028,40.73074,-73.88216,Queens
4066347,58-16 83 PLACE,405,02911,00012,40.72852,-73.87815,QUEENS
4067301,61-70 78 STREET,405,02935,00041,40.72265,-73.87988,QUEENS
4067977,84-40 61 ROAD,405,02946,00023,40.72716,-73.87267,QUEENS
4068421,62-06 82 PLACE,405,02969,00008,40.72392,-73.87533,Queens
4068522,62-15 82 PLACE,405,02970,00070,40.72396,-73.87469,QUEENS
4070668,74-10 PENELOPE AVENUE,405,03034,00005,40.71641,-73.8806,QUEENS
4071006,65-30 79 PLACE,405,03041,00045,40.71678,-73.87349,Queens
4071887,66-73 79 PLACE,405,03070,00003,40.71383,-73.87266,QUEENS
4071973,61-40 SAUNDERS STREET,406,03076,00022,40.73101,-73.86768,QUEENS
4072086,63-18 SAUNDERS STREET,406,03081,00107,40.72968,-73.86457,QUEENS
4072163,98-60 QUEENS BOULEVARD,406,03086,00034,40.7275,-73.85645,QUEENS
4072201,60-37 WETHEROLE STREET,406,03088,00042,40.73099,-73.87047,Queens
4072358,62-78 WETHEROLE STREET,406,03092,00073,40.72901,-73.86705,Queens
4072457,93-06 63 DRIVE,406,03095,00050,40.72801,-73.86256,QUEENS
4072465,63-86 WETHEROLE STREET,406,03096,00064,40.72756,-73.86305,QUEENS
4072812,91-41 63 DRIVE,406,03103,00043,40.72731,-73.86449,Queens
4073061,88-25 63 AVENUE,406,03108,00133,40.7258,-73.86816,QUEENS
4073904,65-10 DIETERLE CRESCENT,406,03134,00024,40.72058,-73.86141,QUEENS
4074379,85-62 67 DRIVE,406,03147,00037,40.71648,-73.85889,Queens
4075749,67-58 EXETER STREET,406,03188,00017,40.71986,-73.85475,QUEENS
4075931,67-75 DARTMOUTH STREET,406,03190,00074,40.72107,-73.85455,QUEENS
4076741,90-10 69 AVENUE,406,03209,00005,40.71315,-73.85422,Queens
4077303,97-12 70 AVENUE,406,03227,00006,40.71566,-73.84998,Queens
4077608,71-22 LOUBET STREET,406,03242,00015,40.71217,-73.84885,QUEENS
4077909,12 MIDDLEMAY CIRCLE,406,03254,00064,40.71807,-73.84352,Queens
4078408,99-27 74 AVENUE,406,03277,00056,40.71046,-73.84485,Queens
4079224,115-11 CURZON ROAD,409,03318,00040,40.7053,-73.83694,QUEENS
4079297,83-68 117 STREET,409,03321,00185,40.70482,-73.83531,Queens
4079454,116 AUDLEY STREET,409,03325,00036,40.70903,-73.8336,Queens
4080038,81-09 AUSTIN STREET,409,03350,00004,40.71154,-73.83144,QUEENS
4080200,3-33 GRANDVIEW AVENUE,405,03361,00050,40.71278,-73.91178,QUEENS
4080227,21-27 HIMROD STREET,405,03363,00001,40.71185,-73.90928,QUEENS
4080250,22-12 HARMAN STREET,405,03367,00018,40.71151,-73.90676,QUEENS
4081427,1866 MENAHAN STREET,405,03407,00021,40.70576,-73.90907,Queens
4082040,1813 MENAHAN STREET,405,03435,00053,40.70503,-73.91054,QUEENS
4082221,17-37 LINDEN STREET,405,03441,00035,40.70376,-73.90966,Queens
4082712,1725 PUTNAM AVENUE,405,03460,00039,40.70132,-73.90601,QUEENS
4082772,1824 MADISON STREET,405,03462,00026,40.70238,-73.9054,QUEENS
4083287,19-34 PALMETTO STREET,405,03479,00039,40.70564,-73.90445,Queens
4084784,65-10 FRESH POND ROAD,405,03526,00069,40.7093,-73.89899,QUEENS
4085173,6085 CATALPA AVENUE,405,03534,00012,40.7041,-73.89645,QUEENS
4085188,60-64 CATALPA AVENUE,405,03535,00010,40.70339,-73.89695,QUEENS
4085389,54-08 MYRTLE AVENUE,405,03544,00001,40.69941,-73.91024,Queens
4085615,1677 GEORGE STREET,405,03551,00068,40.69774,-73.90312,Queens
4085767,1639 SUMMERFIELD STREET,405,03554,00079,40.69578,-73.90179,QUEENS
4086822,61-08 MYRTLE AVENUE,405,03592,00005,40.70062,-73.89388,Queens
4089152,70-26 72 PLACE,405,03664,00021,40.70572,-73.87905,Queens
4089764,71-57 70 STREET,405,03686,00070,40.70284,-73.88109,QUEENS
4090560,72-12 MYRTLE AVENUE,405,03711,00015,40.70195,-73.87765,QUEENS
4090572,72-27 INDIANA AVENUE,405,03711,00043,40.70176,-73.87698,Queens
4094147,87-15 81 ROAD,405,03849,00028,40.70354,-73.85957,QUEENS
4094962,90-50 UNION TURNPIKE,406,03880,00097,40.70601,-73.85486,QUEENS
4094969,90-39 83 AVENUE,406,03882,00004,40.70332,-73.85358,QUEENS
4095836,123-09 5 AVENUE,407,03921,00016,40.7928,-73.84412,QUEENS
4096938,11-10 124 STREET,407,03996,00029,40.78761,-73.84401,Queens
4096962,13-20 124 STREET,407,03998,00001,40.78589,-73.84425,QUEENS
4097291,132-37 14 AVENUE,407,04012,00038,40.78642,-73.83485,Queens
4097819,119-07 14 AVENUE,407,04040,00062,40.78613,-73.84834,QUEENS
4098061,1422 COLLEGE POINT BOULEVARD,407,04056,00016,40.78529,-73.84611,Queens
4098406,124-06 14 AVENUE,407,04089,00045,40.78505,-73.84357,Queens
4098948,18-11 126 STREET,407,04132,00015,40.78275,-73.84198,QUEENS
4099508,22-31 COLLEGE POINT BOULEVARD,407,04198,00007,40.7792,-73.84579,QUEENS
4099702,22-25 129 STREET,407,04205,00001,40.77938,-73.83928,Queens
4099703,130-17 23 AVENUE,407,04206,00001,40.77937,-73.83805,QUEENS
4099807,122-12 23 AVENUE,407,04226,00027,40.77839,-73.84561,QUEENS
4099862,23-48 124 STREET,407,04227,00049,40.77717,-73.84464,Queens
4099925,125-10 23 AVENUE,407,04229,00014,40.77803,-73.84297,QUEENS
4100005,23-33 128 STREET,407,04232,00020,40.7776,-73.84048,QUEENS
4100024,23-42 129 STREET,407,04232,00053,40.77744,-73.84011,QUEENS
4100938,1007 138 PLACE,407,04423,00082,40.78876,-73.83058,Queens
4101067,34 CENTER DRIVE,407,04432,00006,40.78991,-73.82803,Queens
4101123,10-15 141 STREET,407,04433,00092,40.78911,-73.82887,Queens
4101223,114 MALBA DRIVE,407,04438,00001,40.79581,-73.8271,QUEENS
4101271,17 NORTH DRIVE,407,04440,00067,40.7919,-73.8267,Queens
4101288,15 9 AVENUE,407,04441,00065,40.79095,-73.82593,QUEENS
4101323,13-03 MALBA DRIVE,407,04444,00028,40.78829,-73.82442,Queens
4101360,145-29 4 AVENUE,407,04451,00001,40.79529,-73.82478,Queens
4101399,145-67 5 AVENUE,407,04452,00046,40.79496,-73.82296,Queens
4101474,145-62 7 AVENUE,407,04456,00020,40.79301,-73.82258,QUEENS
4101509,145-70 8 AVENUE,407,04457,00034,40.79231,-73.82175,Queens
4101568,10-08 147 STREET,407,04459,00040,40.79099,-73.8204,Queens
4101794,147-34 3 AVENUE,407,04471,00051,40.79644,-73.82159,QUEENS
4101853,147-30 5 AVENUE,407,04473,00064,40.79496,-73.82098,Queens
4101907,147-44 6 AVENUE,407,04474,00174,40.79441,-73.82014,QUEENS
4101951,147-08 8 AVENUE,407,04476,00001,40.79259,-73.82054,QUEENS
4102489,3-25 150 STREET,407,04507,00001,40.79717,-73.81739,QUEENS
4102502,150-02 6 AVENUE,407,04510,00001,40.79569,-73.81656,QUEENS
4102638,10-10 CLINTONVILLE STREET,407,04515,00032,40.79255,-73.8131,Queens
4102775,7-17 LEGGETT PLACE,407,04523,00016,40.79461,-73.81232,QUEENS
4102784,7-22 151 PLACE,407,04523,00036,40.79438,-73.81195,Queens
4103111,152-21 11 AVENUE,407,04539,00094,40.79276,-73.80936,QUEENS
4103113,152-17 11 AVENUE,407,04539,00097,40.79277,-73.80954,Queens
4103583,157-22 POWELLS COVE BOULEVARD,407,04554,00050,40.79406,-73.80328,QUEENS
4103701,157-37 12 ROAD,407,04558,00017,40.79076,-73.80319,Queens
4103747,157-60 12 ROAD,407,04559,00063,40.79027,-73.80253,QUEENS
4103995,166-25 POWELLS COVE BOULEVARD,407,04574,00080,40.79496,-73.79662,QUEENS
4104131,14-28 162 STREET,407,04587,00061,40.78699,-73.80083,QUEENS
4104180,162-32 12 AVENUE,407,04592,00024,40.7907,-73.7989,QUEENS
4104185,162-54 12 AVENUE,407,04592,00095,40.79067,-73.79793,QUEENS
4104212,162-23 13 AVENUE,407,04593,00030,40.78974,-73.79933,Queens
4104239,162-18 14 AVENUE,407,04595,00006,40.7888,-73.79967,Queens
4104333,14-34 165 STREET,407,04599,00073,40.78811,-73.79783,Queens
4104400,10-32 TOTTEN STREET,407,04607,00064,40.79116,-73.79611,Queens
4104797,145-56 19 AVENUE,407,04630,00032,40.7822,-73.81948,QUEENS
4104908,146-11 21 AVENUE,407,04633,00048,40.78059,-73.82068,Queens
4105310,17-08 149 STREET,407,04650,00025,40.78405,-73.81691,QUEENS
4105328,147-21 18 AVENUE,407,04651,00013,40.78324,-73.81793,QUEENS
4105386,19-12 149 STREET,407,04653,00024,40.78189,-73.81721,Queens
4105490,22-23 147 STREET,407,04657,00011,40.77849,-73.81924,QUEENS
4105770,16-12 150 STREET,407,04665,00033,40.7845,-73.81406,Queens
4105771,16-08 150 STREET,407,04665,00034,40.7846,-73.81405,Queens
4105802,149-57 17 ROAD,407,04666,00033,40.78368,-73.81441,QUEENS
4105837,149-60 17 ROAD,407,04667,00044,40.78325,-73.81448,QUEENS
4105854,18-17 149 STREET,407,04668,00007,40.78234,-73.81654,Queens
4105899,149-37 20 AVENUE,407,04669,00019,40.78161,-73.8155,QUEENS
4105917,149-42 19 AVENUE,407,04669,00044,40.78188,-73.81532,Queens
4106513,150-23 21 AVENUE,407,04690,00014,40.78001,-73.81345,Queens
4106791,151-40 17 ROAD,407,04704,00058,40.78291,-73.8102,QUEENS
4106904,151-80 20 AVENUE,407,04707,00038,40.78069,-73.80914,Queens
4107012,151-14 21 AVENUE,407,04709,00087,40.77937,-73.81171,QUEENS
4107512,154-62 20 ROAD,407,04737,00036,40.77974,-73.80662,QUEENS
4107529,154-21 21 AVENUE,407,04737,00069,40.77959,-73.80804,QUEENS
4107530,154-19 21 AVENUE,407,04737,00071,40.77961,-73.80819,Queens
4108232,144-04 29 AVENUE,407,04784,00009,40.77219,-73.82431,Queens
4108249,145-21 29 ROAD,407,04784,00053,40.77185,-73.82288,QUEENS
4108546,146-70 BAYSIDE AVENUE,407,04798,00049,40.77087,-73.81934,Queens
4108559,146-57 32 AVENUE,407,04798,00085,40.77033,-73.81953,Queens
4108606,147-03 33 AVENUE,407,04799,00097,40.7691,-73.8202,Queens
4108656,148-06 WILLETS POINT BOULEVARD,407,04801,00065,40.77634,-73.81847,QUEENS
4109514,22-04 157 STREET,407,04843,00037,40.7781,-73.80658,QUEENS
4109691,154-35 26 AVENUE,407,04848,00059,40.77405,-73.80826,Queens
4109821,32-12 155 STREET,407,04855,00026,40.76943,-73.80965,QUEENS
4110140,26-11 157 STREET,407,04867,00004,40.77325,-73.80664,QUEENS
4110305,32-19 159 STREET,407,04875,00017,40.76888,-73.80537,QUEENS
4110725,161-01 32 AVENUE,407,04892,00008,40.76962,-73.80347,Queens
4110805,32-16 162 STREET,407,04895,00034,40.76889,-73.80312,QUEENS
4111013,27-39 164 STREET,407,04906,00026,40.77119,-73.80041,Queens
4111980,33-50 FARRINGTON STREET,407,04949,00027,40.76529,-73.83244,QUEENS
4112102,138-07 35 AVENUE,407,04956,00004,40.76543,-73.82872,Queens
4112161,35-18 LEAVITT STREET,407,04960,00027,40.76442,-73.82915,QUEENS
4112296,135-41 38 AVENUE,407,04974,00045,40.76075,-73.83129,Queens
4112375,136-17 37 AVENUE,407,04977,00102,40.76186,-73.83062,Queens
4112497,136-76 39 AVENUE,407,04980,00035,40.7607,-73.82761,QUEENS
4112966,139-45 35 AVENUE,407,04994,00089,40.76588,-73.82617,QUEENS
4113049,147-23 35 AVENUE,407,04996,00004,40.76664,-73.81877,QUEENS
4113172,35-01 UNION STREET,407,05002,00001,40.76487,-73.82683,QUEENS
4113246,35-15 149 STREET,407,05006,00006,40.76612,-73.8171,Queens
4113421,144-32 NORTHERN BOULEVARD,407,05014,00018,40.76447,-73.82214,Queens
4114055,39-18 150 PLACE,407,05032,00032,40.76456,-73.81414,QUEENS
4114204,132-07 41 ROAD,407,05039,00063,40.75588,-73.83323,Queens
4114282,41-17 MAIN STREET,407,05043,00011,40.75782,-73.82891,QUEENS
4114294,41-40 UNION STREET,407,05045,07501,40.75802,-73.82585,QUEENS
4114763,144-80 BARCLAY AVENUE,407,05051,00027,40.75996,-73.8184,QUEENS
4114953,131-28 40TH ROAD,407,05060,00053,40.75626,-73.83519,QUEENS
4115096,132-53 POPLE AVENUE,407,05102,00039,40.75387,-73.83087,QUEENS
4115126,132-28 POPLE AVENUE,407,05104,00018,40.7532,-73.83144,QUEENS
4115139,132-70 POPLE AVENUE,407,05104,00031,40.75373,-73.83018,Queens
4115627,56-12 138 STREET,407,05132,00040,40.74802,-73.82726,Queens
4115902,138-10 FRANKLIN AVE,407,05137,00055,40.75463,-73.82549,QUEENS
4116534,47-61 COLDEN STREET,407,05150,00005,40.74835,-73.81989,Queens
4116661,141-11 BOOTH MEMORIAL AVENUE,407,05168,00008,40.74628,-73.82414,Queens
4116687,56-16 142 STREET,407,05168,00040,40.74715,-73.82359,Queens
4116734,142-31 BOOTH MEMORIAL AVENUE,407,05171,00050,40.74571,-73.82222,Queens
4117338,43-20 BURLING STREET,407,05196,00062,40.75574,-73.81854,Queens
4117400,45-32 ROBINSON STREET,407,05201,00016,40.75256,-73.81853,Queens
4117561,45-34 PARSONS BOULEVARD,407,05206,00025,40.75483,-73.8149,Queens
4117583,146-38 HAWTHORNE AVENUE,407,05207,00019,40.75422,-73.81458,Queens
4117600,140-12 HOLLY AVENUE,407,05208,00005,40.75072,-73.81853,QUEENS
4117631,46-34 ROBINSON STREET,407,05209,00017,40.75091,-73.81667,QUEENS
4117703,143-19 LABURNUM AVENUE,407,05211,00026,40.75132,-73.81476,QUEENS
4117704,143-15 LABURNUM AVENUE,407,05211,00028,40.75124,-73.81488,Queens
4117721,144-04 HOLLY AVENUE,407,05212,00001,40.75261,-73.81561,QUEENS
4117898,142-10 LABURNUM AVENUE,407,05218,00003,40.75046,-73.81533,Queens
4117922,47-12 SMART STREET,407,05219,00009,40.75079,-73.81416,Queens
4117957,47-06 PARSONS BOULEVARD,407,05221,00010,40.7518,-73.81248,QUEENS
4118002,140-18 OAK AVENUE,407,05223,00003,40.74794,-73.81522,Queens
4118025,50-13 KISSENA BOULEVARD,407,05223,00042,40.74758,-73.81532,Queens
4118026,50-11 KISSENA BOULEVARD,407,05223,00043,40.74763,-73.81538,Queens
4118040,49-10 BOWNE STREET,407,05224,00009,40.74956,-73.81391,Queens
4118087,49-18 PARSONS BOULEVARD,407,05227,00008,40.75058,-73.81193,QUEENS
4118097,143-32 OAK AVENUE,407,05228,00016,40.74976,-73.81221,Queens
4118588,33-66 161 STREET,407,05245,00074,40.76625,-73.80442,Queens
4118709,33-16 165 STREET,407,05249,00050,40.76724,-73.80051,QUEENS
4118872,33-74 169 STREET,407,05253,00084,40.76539,-73.79698,QUEENS
4119139,34-65 192 STREET,411,05261,00001,40.76498,-73.78953,QUEENS
4119204,152-21 ROOSEVELT AVENUE,407,05266,00029,40.76428,-73.81184,Queens
4119310,35-57 158 STREET,407,05274,00014,40.76408,-73.80696,QUEENS
4119438,35-43 161 STREET,407,05281,00033,40.7642,-73.80412,Queens
4119469,35-29 162 STREET,407,05282,00040,40.76453,-73.80313,QUEENS
4119543,35-66 165 STREET,407,05284,00079,40.76333,-73.80105,Queens
4119715,36-08 167 STREET,407,05293,00027,40.76265,-73.79919,Queens
4120326,155-11 SANFORD AVENUE,407,05328,00013,40.76158,-73.80988,Queens
4120335,154-16 BARCLAY AVENUE,407,05328,00029,40.7619,-73.81043,Queens
4120471,40-35 162 STREET,407,05336,00030,40.76151,-73.80354,QUEENS
4120472,40-37 162 STREET,407,05336,00033,40.76137,-73.80357,QUEENS
4120739,40-42 189 STREET,411,05353,00009,40.75961,-73.79266,QUEENS
4120838,40-25 191 STREET,411,05356,00037,40.7602,-73.79037,Queens
4120898,40-12 195 STREET,411,05359,00021,40.76084,-73.78738,Queens
4121020,42-02 189 STREET,411,05364,00019,40.75901,-73.79248,Queens
4121065,42-35 190 STREET,411,05366,00039,40.75828,-73.79102,Queens
4121081,191-04 42 AVENUE,411,05367,00025,40.75926,-73.79025,QUEENS
4121277,42-24 147 STREET,407,05374,00057,40.75898,-73.81725,QUEENS
4121326,147-26 SANFORD AVENUE,407,05377,00022,40.75975,-73.81623,QUEENS
4121594,42-25 157 STREET,407,05388,00021,40.76032,-73.80842,QUEENS
4121650,42-21 159 STREET,407,05390,00018,40.76006,-73.80657,Queens
4121949,147-42 ELM AVENUE,407,05406,00016,40.75633,-73.81398,QUEENS
4121986,149-52 BEECH AVENUE,407,05407,00028,40.75904,-73.81236,QUEENS
4122008,149-18 CHERRY AVENUE,407,05408,00003,40.75805,-73.81321,Queens
4122034,149-17 DELAWARE AVENUE,407,05408,00059,40.7578,-73.81302,QUEENS
4122035,149-15 DELAWARE AVENUE,407,05408,00061,40.75776,-73.81319,Queens
4122056,43-42 MURRAY STREET,407,05409,00034,40.75764,-73.81098,QUEENS
4122379,43-31 161 STREET,407,05419,00019,40.75785,-73.80499,Queens
4122527,43-20 165 STREET,407,05422,00052,40.75792,-73.80177,Queens
4122692,43-18 169 STREET,407,05426,00050,40.7576,-73.79805,Queens
4122808,43-48 AUBURNDALE LANE,407,05429,00072,40.75641,-73.79523,QUEENS
4122883,149-65 HAWTHORNE AVENUE,407,05432,00042,40.75611,-73.8105,Queens
4123098,158-19 46 AVENUE,407,05437,00093,40.75422,-73.80784,QUEENS
4123931,46-50 162 STREET,407,05460,00058,40.75233,-73.80537,Queens
4123946,46-51 162 STREET,407,05461,00010,40.75223,-73.80479,Queens
4123992,47-45 156 STREET,407,05486,00009,40.7507,-73.81071,Queens
4124029,157-18 LABURNUM AVENUE,407,05487,00033,40.75182,-73.80921,QUEENS
4124173,47-29 163 STREET,407,05493,00017,40.75064,-73.80408,QUEENS
4124212,157-05 ROSE AVENUE,407,05496,00030,40.74908,-73.80972,Queens
4124339,189-08 NORTHERN BOULEVARD,411,05513,00010,40.75751,-73.79172,Queens
4124395,189-14 44 AVENUE,411,05515,00011,40.7561,-73.79122,Queens
4124401,189-36 44 AVENUE,411,05515,00022,40.75616,-73.79043,QUEENS
4124914,46-32 192 STREET,411,05533,00020,40.75264,-73.78921,Queens
4125277,200-34 45 DRIVE,411,05547,00060,40.75546,-73.78085,Queens
4125302,46-03 192 STREET,411,05548,00025,40.75347,-73.78868,QUEENS
4125391,46-27 195 STREET,411,05551,00005,40.75298,-73.7858,Queens
4125858,49-19 169 STREET,407,05573,00030,40.74818,-73.79876,QUEENS
4125967,170-23 PIDGEON MEADOW ROAD,407,05577,00070,40.74911,-73.79635,QUEENS
4126225,173-50 FAIRCHILD AVENUE,411,05587,00030,40.74884,-73.79291,Queens
4126241,174-11 GLADWIN AVENUE,411,05587,00064,40.74863,-73.79436,Queens
4126260,174-53 PIDGEON MEADOW ROAD,411,05588,00038,40.74785,-73.79276,QUEENS
4126302,49-19 FRESH MEADOW LANE,411,05590,00019,40.74699,-73.79447,Queens
4126308,175-32 UNDERHILL AVENUE,411,05590,00032,40.74678,-73.79366,QUEENS
4126940,47-69 195 STREET,411,05614,00004,40.75068,-73.78509,Queens
4127213,48-34 188 STREET,411,05623,00044,40.74791,-73.79037,Queens
4127386,48-44 194 STREET,411,05628,00047,40.74894,-73.78577,Queens
4127847,53-43 190 STREET,411,05662,00033,40.74517,-73.78639,QUEENS
4128231,56-37 188TH STREET,411,05674,00002,40.74348,-73.78741,QUEENS
4128698,166-10 15 DRIVE,407,05733,00009,40.78469,-73.79646,QUEENS
4128711,166-27 16 AVENUE,407,05733,00041,40.78436,-73.79579,Queens
4128811,160-44 20 AVENUE,407,05745,00016,40.78006,-73.80147,Queens
4128907,163-28 20 ROAD,407,05749,00019,40.77917,-73.79935,QUEENS
4129072,163-15 21 ROAD,407,05756,00001,40.77833,-73.79916,QUEENS
4129161,163-29 23 AVENUE,407,05758,00055,40.77692,-73.79946,Queens
4129186,166-40 21 AVENUE,407,05760,00024,40.77823,-73.79626,Queens
4129432,166-20 24 ROAD,407,05768,00015,40.77488,-73.79739,QUEENS
4129931,201-27 24 ROAD,407,05801,00030,40.77566,-73.7897,QUEENS
4130067,23-62 207 STREET,407,05806,00035,40.77652,-73.7863,Queens
4130093,23-15 207 STREET,407,05807,00005,40.77783,-73.7863,QUEENS
4131147,18-25 212 STREET,407,05865,00050,40.78226,-73.77841,Queens
4132980,28-49 200 STREET,411,05972,00031,40.77124,-73.78978,QUEENS
4133516,26-24 211 STREET,411,05997,00032,40.77707,-73.77869,Queens
4133557,26-34 213 STREET,411,05999,00035,40.7773,-73.77684,Queens
4133641,216-33 27 AVENUE,411,06004,00043,40.78,-73.77065,QUEENS
4133674,215-28 27 AVENUE,411,06006,00034,40.77867,-73.77222,Queens
4133696,24-57 LITTLE NECK BOULEVARD,411,06008,00027,40.78037,-73.77016,QUEENS
4133735,211-05 29 AVENUE,411,06011,00001,40.77484,-73.77763,Queens
4133861,28-34 215 PLACE,411,06017,00055,40.77695,-73.77192,Queens
4134487,32-20 205 STREET,411,06037,00015,40.77034,-73.7849,Queens
4134704,32-16 214 STREET,411,06054,00072,40.77343,-73.774,QUEENS
4134830,29-01 216 STREET,411,06059,00001,40.77634,-73.76888,Queens
4134920,32-36 213 STREET,411,06062,00046,40.77239,-73.77579,Queens
4135071,200-06 33 AVENUE,411,06076,00003,40.76789,-73.78807,QUEENS
4135158,199-15 35 AVENUE,411,06078,00038,40.76487,-73.78711,QUEENS
4135475,33-23 205 STREET,411,06087,00042,40.76869,-73.78345,Queens
4135827,211-35 34 ROAD,411,06110,00022,40.76963,-73.77528,Queens
4135832,34-11 211 STREET,411,06110,00036,40.76942,-73.77625,Queens
4135908,33-15 BELL BOULEVARD,411,06114,00035,40.77172,-73.77406,Queens
4136006,200-08 36 AVENUE,411,06145,00004,40.7639,-73.78587,QUEENS
4136079,35-16 203 STREET,411,06147,00013,40.76549,-73.78442,QUEENS
4136466,35-15 213 STREET,411,06169,00035,40.76845,-73.77424,Queens
4136518,35-12 CORPORAL STONE STREET,411,06173,00024,40.76889,-73.77215,QUEENS
4136556,214-37 36 AVENUE,411,06175,00023,40.76876,-73.77029,QUEENS
4136611,214-37 38 AVENUE,411,06178,00028,40.76727,-73.76967,Queens
4136627,35-08 215 PLACE,411,06179,00008,40.76961,-73.76947,Queens
4136629,35-14 215 PLACE,411,06179,00014,40.76942,-73.76942,QUEENS
4136687,215-19 38 AVENUE,411,06182,00029,40.76743,-73.76875,Queens
4136802,218-14 36 AVENUE,411,06189,00006,40.76908,-73.76557,Queens
4137146,40-05 203 STREET,411,06206,00027,40.76151,-73.78159,Queens
4137852,39-14 220 STREET,411,06256,00023,40.7662,-73.76369,QUEENS
4137867,39-18 221 STREET,411,06257,00030,40.76622,-73.76282,QUEENS
4138046,205-11 NORTHERN BOULEVARD,411,06269,00020,40.75887,-73.77813,QUEENS
4138545,40-15 219 STREET,411,06313,00031,40.76504,-73.76373,Queens
4138633,220-09 43 AVENUE,411,06318,00006,40.76301,-73.76209,QUEENS
4138829,40-22 223 STREET,411,06340,00185,40.76561,-73.76068,QUEENS
4139056,132-30 BOOTH MEMORIAL AVENUE,407,06357,00014,40.74777,-73.83189,QUEENS
4139125,132-29 58 AVENUE,407,06359,00037,40.74614,-73.83218,QUEENS
4139160,134-26 57 AVENUE,407,06361,00013,40.74693,-73.83007,Queens
4139162,134-36 57 AVENUE,407,06361,00018,40.7469,-73.82978,QUEENS
4139501,136-43 58 ROAD,407,06373,00028,40.74498,-73.82776,QUEENS
4140031,63-05 138 STREET,407,06399,00008,40.73972,-73.82797,Queens
4140037,138-22 63 AVENUE,407,06399,00017,40.73961,-73.82735,Queens
4140084,139-15 58 AVENUE,407,06401,00037,40.74536,-73.82516,QUEENS
4140087,57-23 141 STREET,407,06402,00003,40.74541,-73.82458,QUEENS
4140156,140-20 58 ROAD,407,06404,00009,40.74429,-73.82497,Queens
4140268,142-03 60 AVENUE,407,06409,00023,40.74329,-73.82472,QUEENS
4140940,148-21A 61 ROAD,408,06426,00053,40.74033,-73.82118,Queens
4140974,6149 148 STREET,408,06427,00026,40.73963,-73.82221,Queens
4141282,150-39 HORACE HARDING EXPRESSWAY,407,06434,00032,40.74031,-73.81793,QUEENS
4141326,150-01 61 ROAD,408,06435,00045,40.73978,-73.81951,Queens
4142030,144-08 68 ROAD,408,06534,00010,40.73257,-73.82431,QUEENS
4142038,144-46 68 ROAD,408,06534,00028,40.73284,-73.8231,QUEENS
4142110,67-11 147 STREET,408,06537,00006,40.73407,-73.82211,Queens
4142275,72-25 PARK DRIVE EAST,408,06579,00021,40.72432,-73.8268,QUEENS
4142276,72-21 PARK DRIVE EAST,408,06579,00024,40.72449,-73.82684,QUEENS
4142302,136-60 72 AVENUE,408,06579,00069,40.72553,-73.82488,Queens
4142364,73-18 137 STREET,408,06584,00017,40.7229,-73.82496,Queens
4142401,73-36 136 STREET,408,06585,00023,40.72236,-73.82574,QUEENS
4142829,72-44 141 STREET,408,06601,00016,40.72469,-73.82364,QUEENS
4142932,137-22 75 ROAD,408,06605,00019,40.72271,-73.82372,QUEENS
4142973,137-35 76 AVENUE,408,06605,00079,40.72227,-73.8231,QUEENS
4143037,141-56 73 TERRACE,408,06606,00092,40.72352,-73.82114,Queens
4143157,138-43 UNION TURNPIKE,408,06611,00039,40.71764,-73.82205,QUEENS
4143441,141-40 72 AVENUE,408,06621,00151,40.72625,-73.82247,Queens
4143507,72-54 MAIN STREET,408,06623,00084,40.72504,-73.8214,Queens
4143573,141-28 UNION TURNPIKE,408,06634,00027,40.71708,-73.81821,QUEENS
4143724,144-02 69 ROAD,408,06641,00002,40.73055,-73.82351,Queens
4143725,144-04 69 ROAD,408,06641,00003,40.73056,-73.82344,Queens
4144204,144-37 75 ROAD,408,06664,00037,40.72398,-73.8186,Queens
4144307,144-47 77 AVENUE,408,06667,00031,40.72203,-73.81755,QUEENS
4144358,144-47 78 AVENUE,408,06669,00036,40.72074,-73.81671,Queens
4144548,147-24 76 ROAD,408,06686,00014,40.72266,-73.81641,Queens
4144631,147-39 77 ROAD,408,06687,00042,40.7219,-73.81539,Queens
4144632,147-37 77 ROAD,408,06687,00043,40.72188,-73.81546,QUEENS
4144657,147-02 77 ROAD,408,06688,00001,40.72112,-73.81644,Queens
4144677,147-42 77 ROAD,408,06688,00023,40.72152,-73.81507,Queens
4144954,150-42 76 ROAD,408,06707,00061,40.7235,-73.81358,Queens
4145049,150-27 78 AVENUE,408,06709,00025,40.72177,-73.81324,QUEENS
4146196,59-01 KISSENA BOULEVARD,407,06731,00034,40.74063,-73.8147,QUEENS
4146539,162-05 HORACE HARDING EXPRESSWAY,407,06740,00006,40.73901,-73.80608,Queens
4147847,158-40 76TH ROAD,408,06826,00001,40.7242,-73.80937,QUEENS
4147876,158-44 77 AVENUE,408,06827,00060,40.72369,-73.80875,Queens
4147958,160-31 73 AVENUE,408,06832,00006,40.72775,-73.80759,Queens
4148082,160-24 77 ROAD,408,06839,00017,40.72315,-73.80703,Queens
4148125,78-29 160 STREET,408,06841,00009,40.72174,-73.80746,Queens
4148763,5820 UTOPIA PARKWAY,411,06882,00001,40.74088,-73.79506,QUEENS
4148868,166-01 65 AVENUE,408,06894,00009,40.73691,-73.80265,QUEENS
4148877,61-15 166 STREET,408,06894,00025,40.7378,-73.80248,Queens
4149054,173-01 65 AVENUE,408,06901,00014,40.73667,-73.79636,Queens
4149078,64-20 175 STREET,408,06903,00001,40.73719,-73.7945,Queens
4149206,168-07 67 AVENUE,408,06909,00006,40.73503,-73.80075,QUEENS
4149370,65-48 174 STREET,408,06914,00060,40.73506,-73.79598,QUEENS
4149675,67-40 173 STREET,408,06926,00056,40.73349,-73.797,QUEENS
4149798,69-36 166 STREET,408,06932,00022,40.73202,-73.80342,QUEENS
4149851,70-18 166 STREET,408,06934,00058,40.73109,-73.80347,Queens
4149900,69-40 168 STREET,408,06936,00025,40.73182,-73.80163,Queens
4150055,69-23 171 STREET,408,06944,00039,40.73207,-73.79833,Queens
4150415,71-42 169 STREET,408,06956,00066,40.72932,-73.80088,Queens
4150431,71-31 169 STREET,408,06957,00025,40.72961,-73.80031,QUEENS
4150544,70-45 173 STREET,408,06961,00015,40.72995,-73.79667,Queens
4150678,70-40 UTOPIA PARKWAY,408,06963,00070,40.73016,-73.79396,Queens
4150816,164-33 76 ROAD,408,06968,00005,40.72546,-73.8035,Queens
4150882,164-38 77 AVENUE,408,06970,00024,40.72432,-73.80322,QUEENS
4151227,75-31 166 STREET,408,06985,00033,40.72643,-73.8025,Queens
4151754,77-32 168 STREET,408,07003,00019,40.72353,-73.80069,Queens
4152331,81-19 169 STREET,408,07030,00044,40.72132,-73.79822,Queens
4152382,82-17 164 PLACE,408,07039,00020,40.71899,-73.80226,QUEENS
4152790,61-12 184 STREET,408,07072,00012,40.73917,-73.79023,Queens
4152794,61-28 184 STREET,408,07072,00020,40.73875,-73.79003,QUEENS
4152827,184-15 64 AVENUE,408,07073,00029,40.73849,-73.78894,Queens
4152854,185-07 64 AVENUE,408,07074,00032,40.73868,-73.78828,Queens
4152874,64-41 UTOPIA PARKWAY,408,07083,00001,40.73691,-73.79263,Queens
4153061,67-16 179 STREET,408,07107,00007,40.7345,-73.79251,QUEENS
4153064,67-38 179 STREET,408,07107,00017,40.73391,-73.79255,QUEENS
4153230,67-28 185 STREET,408,07113,00018,40.73549,-73.78748,Queens
4153538,69-61 180 STREET,408,07133,00060,40.73174,-73.79007,Queens
4153558,69-26 182 STREET,408,07134,00017,40.73301,-73.7893,Queens
4153610,69-66 183 STREET,408,07135,00037,40.73221,-73.78796,QUEENS
4153999,73-25 182 STREET,408,07170,00011,40.73065,-73.78761,Queens
4154010,73-20 183 STREET,408,07170,00033,40.73098,-73.78736,Queens
4154177,73-41 188 STREET,408,07176,00049,40.73204,-73.78217,QUEENS
4154249,73-15 190 STREET,408,07178,00067,40.73333,-73.78078,Queens
4154274,73-55 192 STREET,408,07179,00047,40.73254,-73.77941,QUEENS
4154279,73-35 192 STREET,408,07179,00057,40.73307,-73.77966,QUEENS
4154341,7372 195 STREET,408,07181,00040,40.7328,-73.77711,Queens
4154862,75-15 182 STREET,408,07199,00082,40.72951,-73.78712,QUEENS
4154870,75-20 184 STREET,408,07200,00014,40.7297,-73.78584,Queens
4154907,75-08 185 STREET,408,07201,00008,40.73022,-73.78509,Queens
4154913,75-32 185 STREET,408,07201,00021,40.72955,-73.7848,Queens
4154949,75-22 186 STREET,408,07202,00013,40.73004,-73.78394,Queens
4154960,185-23 UNION TURNPIKE,408,07202,00036,40.7289,-73.78349,Queens
4154971,75-35 185 STREET,408,07202,00065,40.72964,-73.7842,QUEENS
4155000,75-65 186 STREET,408,07203,00048,40.72916,-73.78287,QUEENS
4155015,187-06 75 AVENUE,408,07204,00001,40.73092,-73.78271,QUEENS
4155066,75-51 188 STREET,408,07205,00048,40.72991,-73.78115,QUEENS
4155072,75-27 188 STREET,408,07205,00060,40.73055,-73.78146,Queens
4155130,75-45 190 STREET,408,07207,00052,40.7305,-73.77944,Queens
4155270,75-15 195 STREET,408,07211,00069,40.73229,-73.77626,Queens
4155297,75-23 196 STREET,408,07212,00068,40.73235,-73.77529,Queens
4155437,176-25 80 ROAD,408,07227,00068,40.7255,-73.79043,Queens
4155477,178-03 80 DRIVE,408,07228,00072,40.72497,-73.78938,Queens
4155567,80-74 KENT STREET,408,07232,00032,40.72553,-73.78542,Queens
4155569,80-84 KENT STREET,408,07232,00037,40.7252,-73.78532,QUEENS
4155626,80-69 TRYON PLACE,408,07234,00015,40.72415,-73.78886,QUEENS
4155629,80-55 TRYON PLACE,408,07234,00022,40.72451,-73.78916,Queens
4155714,179-31 TUDOR ROAD,408,07238,00037,40.72019,-73.78828,QUEENS
4155720,179-48 TUDOR ROAD,408,07239,00022,40.72112,-73.7877,QUEENS
4155770,181-17 TUDOR ROAD,408,07240,00072,40.7226,-73.78791,QUEENS
4155780,181-28 TUDOR ROAD,408,07241,00025,40.72252,-73.78708,Queens
4155812,81-08 KENT STREET,408,07242,00031,40.72453,-73.78509,Queens
4155832,82-24 KENT STREET,408,07243,00020,40.72308,-73.78385,QUEENS
4156020,184-52 TUDOR ROAD,408,07251,00035,40.72539,-73.78301,Queens
4156068,184-28 MIDLAND PARKWAY,408,07253,00017,40.72324,-73.78221,QUEENS
4156071,184-44 MIDLAND PARKWAY,408,07253,00023,40.72346,-73.78172,Queens
4156086,84-19 KENT STREET,408,07254,00009,40.72192,-73.78165,Queens
4156109,85-15 KENT STREET,408,07255,00072,40.72158,-73.78089,QUEENS
4156189,186-10 80 DRIVE,408,07259,00010,40.72716,-73.78152,QUEENS
4156200,81-17 HADDON STREET,408,07260,00001,40.7262,-73.7812,QUEENS
4156251,186-28 MIDLAND PARKWAY,408,07263,00021,40.7243,-73.77974,Queens
4156257,83-22 188 STREET,408,07263,00042,40.72418,-73.77895,QUEENS
4156322,80-50 189 STREET,408,07266,00029,40.72799,-73.77986,Queens
4156327,80-47 188 STREET,408,07266,00040,40.72794,-73.78023,Queens
4156368,80-10 192 STREET,408,07268,00010,40.72947,-73.77858,QUEENS
4156379,80-54 192 STREET,408,07268,00032,40.72834,-73.77804,Queens
4156508,81-08 193 STREET,408,07274,00008,40.72807,-73.77691,Queens
4156545,82-06 192 STREET,408,07276,00013,40.72621,-73.77702,Queens
4156567,188-81 AVON ROAD,408,07277,00081,40.72509,-73.77592,Queens
4156576,189-15 RADNOR ROAD,408,07278,00025,40.72504,-73.77735,Queens
4156592,82-36 189 STREET,408,07279,00021,40.72511,-73.7784,QUEENS
4156604,82-27 188 STREET,408,07279,00057,40.72517,-73.77884,QUEENS
4156733,206-54 45 DRIVE,411,07307,00026,40.75721,-73.77432,QUEENS
4156901,45-30 BELL BOULEVARD,411,07314,00027,40.75938,-73.76918,QUEENS
4157033,47-27 206 STREET,411,07321,00008,40.75419,-73.77477,QUEENS
4157113,211-06 46 ROAD,411,07325,00004,40.7568,-73.77025,Queens
4157254,211-14 47 AVENUE,411,07328,00023,40.7561,-73.76998,Queens
4157842,47-17 217 STREET,411,07350,00056,40.75721,-73.76341,Queens
4159148,217-16 51 AVENUE,411,07402,00067,40.75385,-73.76237,Queens
4159162,217-51 53 AVENUE,411,07402,00095,40.7539,-73.76112,Queens
4159218,217-54 54 AVENUE,411,07404,00102,40.75272,-73.76077,Queens
4159610,53-08 212 STREET,411,07420,00008,40.75139,-73.76752,Queens
4159779,56-27 199 STREET,411,07428,00054,40.74617,-73.77788,QUEENS
4160884,58-03 218 STREET,411,07469,00001,40.7499,-73.7602,Queens
4160901,58-31 218 STREET,411,07469,00045,40.74914,-73.75985,Queens
4160903,58-23 218 STREET,411,07469,00049,40.74934,-73.75994,Queens
4161072,228-18 49 ROAD,411,07500,00164,40.75757,-73.75353,Queens
4161168,50-12 231 STREET,411,07506,00006,40.75846,-73.75237,Queens
4161240,229-11 56 AVENUE,411,07509,00078,40.75547,-73.75119,QUEENS
4161320,56-09 230 STREET,411,07515,00046,40.75525,-73.7502,Queens
4161332,56-48 EAST HAMPTON BOULEVARD,411,07516,00031,40.75543,-73.74881,Queens
4161381,58-44 229 STREET,411,07520,00072,40.75171,-73.74976,QUEENS
4161735,57-00 223 STREET,411,07529,00001,40.75227,-73.7574,QUEENS
4161909,58-15 230 STREET,411,07566,00004,40.75282,-73.74864,Queens
4161932,230-42 57 ROAD,411,07567,00044,40.75393,-73.748,Queens
4162336,215-04 64 AVENUE,411,07616,00001,40.74556,-73.76131,QUEENS
4162341,64-20 BELL BOULEVARD,411,07616,00016,40.7453,-73.76079,Queens
4162438,64-37 217 STREET,411,07618,00062,40.74523,-73.75901,QUEENS
4163005,67-53 212 STREET,411,07624,00039,40.74152,-73.76237,Queens
4163327,227-15 67 AVENUE,411,07662,00039,40.74709,-73.7489,Queens
4163329,64-65 CLOVERDALE BOULEVARD,411,07662,00054,40.74714,-73.74931,Queens
4163397,64-47 229 STREET,411,07664,00053,40.74802,-73.74774,QUEENS
4163464,64-49 231 STREET,411,07666,00056,40.74851,-73.74596,Queens
4163698,231-02 67 AVENUE,411,07677,00001,40.74746,-73.74541,QUEENS
4163825,69-32 CLOVERDALE BOULEVARD,411,07685,00020,40.74401,-73.74852,QUEENS
4163869,69-15 CLOVERDALE BOULEVARD,411,07686,00070,40.74458,-73.7481,Queens
4163909,69-07 228 STREET,411,07687,00088,40.74501,-73.74731,QUEENS
4163953,61-15 OCEANIA STREET,411,07723,00001,40.74468,-73.76665,QUEENS
4163980,213-03 RICHLAND AVENUE,411,07748,00204,40.73582,-73.75884,Queens
4163988,211-19 RICHLAND AVENUE,411,07748,00221,40.73561,-73.76004,Queens
4164060,220-66 77 AVENUE,411,07761,00138,40.73792,-73.75027,Queens
4164066,222-20 77 AVENUE,411,07761,00156,40.73817,-73.74889,Queens
4164316,215-28 PECK AVENUE,411,07772,00043,40.73532,-73.75613,Queens
4164526,80-23 208 STREET,411,07782,00034,40.73239,-73.76212,Queens
4164539,80-38 209 STREET,411,07782,00063,40.73196,-73.76153,Queens
4164543,80-54 209 STREET,411,07782,00071,40.73155,-73.76134,Queens
4164660,80-47 212 STREET,411,07786,00017,40.73241,-73.75806,Queens
4164790,217-12 PECK AVENUE,411,07791,00006,40.73413,-73.75358,Queens
4164881,217-25 PECK AVENUE,411,07794,00420,40.73425,-73.75276,QUEENS
4164936,221-29 HARTLAND AVENUE,411,07797,00062,40.73327,-73.74779,QUEENS
4165086,82-17 212 STREET,411,07804,00026,40.73115,-73.75746,QUEENS
4165116,82-22 214 STREET,411,07805,00047,40.73136,-73.75618,QUEENS
4165186,82-47 217 STREET,411,07809,00007,40.73157,-73.75253,Queens
4165237,219-32 PECK AVENUE,411,07812,00031,40.73236,-73.75004,QUEENS
4165257,209-04 85 AVENUE,411,07813,00001,40.72904,-73.75946,QUEENS
4165277,85-67 HOLLIS HILLS TERRACE,411,07814,00033,40.72814,-73.75777,QUEENS
4165279,85-37 210 STREET,411,07814,00041,40.72837,-73.75814,QUEENS
4165301,85-51 211 STREET,411,07815,00047,40.7283,-73.75711,QUEENS
4165311,85-06 213 STREET,411,07816,00007,40.72981,-73.75641,Queens
4165382,85-11 214 STREET,411,07818,00063,40.72998,-73.75492,Queens
4165421,85-33 217 STREET,411,07821,00006,40.73024,-73.75189,Queens
4165521,224-55 77 AVENUE,411,07833,00054,40.73906,-73.74686,QUEENS
4166004,234-19 SEWARD AVENUE,413,07920,00036,40.736,-73.73629,Queens
4166551,234-23 88 AVENUE,413,07954,00052,40.73052,-73.73166,Queens
4166620,85-31 239 STREET,413,07958,00014,40.73259,-73.7261,QUEENS
4166708,241-38 85 AVENUE,413,07962,00055,40.73297,-73.72375,Queens
4166894,222-57 BRADDOCK AVE.,413,07968,00023,40.72875,-73.73597,QUEENS
4167054,88-04 GETTYSBURG STREET,413,07972,00070,40.73008,-73.73113,QUEENS
4167815,93-06 239 STREET,413,07998,00049,40.72408,-73.72872,Queens
4168057,113 WARWICK AVENUE,411,08021,00064,40.77873,-73.75195,QUEENS
4168134,304 SHORE ROAD,411,08030,00081,40.77608,-73.75422,Queens
4168244,108 SHORE ROAD,411,08040,00001,40.77503,-73.7536,Queens
4168299,237 HOLLYWOOD AVENUE,411,08046,00045,40.77611,-73.74969,QUEENS
4168300,221 HOLLYWOOD AVENUE,411,08046,00053,40.77601,-73.75025,QUEENS
4168345,320 HOLLYWOOD AVENUE,411,08049,00011,40.77599,-73.74784,QUEENS
4168373,233 PARK LANE,411,08050,00053,40.77475,-73.74937,Queens
4168679,336 38 ROAD,411,08096,00017,40.77251,-73.74571,QUEENS
4168712,14 CHERRY STREET,411,08098,00033,40.77064,-73.74921,QUEENS
4168918,42-25 243 STREET,411,08114,00150,40.76816,-73.74355,Queens
4168960,42-20 247 STREET,411,08116,00092,40.76979,-73.74229,Queens
4169322,41-25 249 STREET,411,08128,00023,40.77168,-73.74091,Queens
4169588,255-16 41ST DRIVE,411,08139,00096,40.77375,-73.73711,QUEENS
4169710,254-07 38 AVENUE,411,08149,00075,40.77602,-73.74198,QUEENS
4169936,51-04 DOUGLASTON PARKWAY,411,08167,00125,40.76012,-73.74185,Queens
4170047,53-21 240 STREET,411,08176,00032,40.75683,-73.74098,Queens
4170062,240-25 ALAMEDA AVENUE,411,08178,00057,40.76464,-73.74456,Queens
4170816,248-31 THORNHILL AVENUE,411,08221,00161,40.76157,-73.73447,QUEENS
4170857,45-33 MARATHON PARKWAY,411,08226,00001,40.76765,-73.73666,Queens
4170922,45-32 LITTLE NECK PARKWAY,411,08229,00030,40.77015,-73.73451,Queens
4171076,251-06 THEBES AVENUE,411,08234,00113,40.76629,-73.73332,QUEENS
4171180,53-25 MARATHON PARKWAY,411,08240,00010,40.76121,-73.73203,QUEENS
4171187,53-14 250 STREET,411,08240,00028,40.76155,-73.7319,Queens
4171273,53-12 251 PLACE,411,08245,00123,40.76279,-73.7306,Queens
4171332,51-05 BROWVALE LANE,411,08249,00010,40.76709,-73.73185,QUEENS
4171363,252-31 LEITH ROAD,411,08249,00112,40.76696,-73.73133,QUEENS
4171632,49-45 LITTLE NECK PARKWAY,411,08263,00105,40.76888,-73.72993,QUEENS
4172618,71-63 244 STREET,411,08300,00425,40.74788,-73.73472,Queens
4172629,60-20 246 PLACE,411,08304,00025,40.75717,-73.73116,QUEENS
4172644,60-15 246 PLACE,411,08304,00062,40.7576,-73.73085,Queens
4173106,64-19 MARATHON PARKWAY,411,08372,00044,40.75433,-73.72719,QUEENS
4173119,64-03 251 STREET,411,08373,00056,40.75504,-73.72636,QUEENS
4173126,63-53 252 STREET,411,08374,00045,40.75488,-73.7252,QUEENS
4173181,66-15 MARATHON PARKWAY,411,08380,00240,40.75325,-73.72635,Queens
4173270,58-25 260 STREET,411,08394,00058,40.76131,-73.72165,QUEENS
4173283,58-28 263 STREET,411,08395,00022,40.76139,-73.72015,QUEENS
4173312,58-32 264 STREET,411,08395,00152,40.76142,-73.71903,QUEENS
4173314,262-51 60 AVENUE,411,08395,00160,40.7612,-73.71874,Queens
4173447,57-32 260 STREET,411,08399,00041,40.76263,-73.72273,Queens
4173763,266-05 72 ROAD,413,08448,00100,40.75467,-73.71697,QUEENS
4173963,77-50 LITTLE NECK PARKWAY,413,08507,00029,40.74454,-73.71825,QUEENS
4174079,76-04 267 STREET,413,08542,00008,40.75133,-73.70879,Queens
4174327,271-27 UNION TURNPIKE,413,08555,00066,40.75244,-73.70245,QUEENS
4174551,80-15 251 STREET,413,08564,00062,40.74268,-73.71888,Queens
4174615,81-33 COMMONWEALTH BOULEVARD,413,08568,00052,40.73915,-73.72341,QUEENS
4174911,82-16 248 STREET,413,08579,00046,40.7383,-73.72078,QUEENS
4175188,83-17 247 STREET,413,08590,00029,40.73614,-73.72035,Queens
4175218,83-50 249 STREET,413,08591,00029,40.73557,-73.71879,QUEENS
4175263,83-04 251 STREET,413,08593,00006,40.73715,-73.71743,QUEENS
4175359,83-37 253 STREET,413,08596,00051,40.73674,-73.71478,Queens
4175641,253-11 85 AVENUE,413,08608,00123,40.73421,-73.71352,QUEENS
4175686,85-29 COMMONWEALTH BOULEVARD,413,08613,00009,40.73206,-73.72044,Queens
4175739,248-05 86 AVENUE,413,08616,00001,40.73246,-73.71782,Queens
4177301,78-31 264 STREET,413,08681,00066,40.74791,-73.70798,QUEENS
4177333,265-10 UNION TURNPIKE,413,08682,00028,40.74911,-73.70737,QUEENS
4177520,79-20 256 STREET,413,08692,00025,40.74456,-73.71521,QUEENS
4177562,257-19 80 AVENUE,413,08694,00046,40.74467,-73.71319,Queens
4177679,79-15 263 STREET,413,08700,00024,40.74686,-73.70856,Queens
4177877,79-27 270 STREET,413,08707,00044,40.74783,-73.70211,Queens
4178232,265-06 80 AVENUE,413,08721,00036,40.74573,-73.7062,QUEENS
4178351,80-28 LANGDALE STREET,413,08725,00019,40.74605,-73.70186,QUEENS
4178634,81-41 263 STREET,413,08738,00015,40.74245,-73.70692,Queens
4178646,81-12 264 STREET,413,08738,00040,40.74334,-73.70688,Queens
4178660,264-01 82 AVENUE,413,08739,00006,40.74228,-73.70588,QUEENS
4178956,82-64 260 STREET,413,08753,00005,40.73935,-73.70939,Queens
4178966,82-33 259 STREET,413,08753,00024,40.7401,-73.71002,QUEENS
4179075,82-22 263 STREET,413,08756,00050,40.74105,-73.70708,Queens
4179141,82-22 265 STREET,413,08758,00051,40.74148,-73.70522,QUEENS
4179162,82-27 265 STREET,413,08759,00126,40.74141,-73.70459,Queens
4179258,83-41 LITTLE NECK PARKWAY,413,08766,00010,40.73692,-73.71368,QUEENS
4179553,83 23 265 STREET,413,08777,00048,40.73948,-73.70387,Queens
4179631,83-32 LANGDALE STREET,413,08780,00013,40.73984,-73.70104,QUEENS
4180091,85-45 259 STREET,413,08802,00015,40.73391,-73.70773,QUEENS
4180234,85-33 263 STREET,413,08806,00035,40.73582,-73.70446,Queens
4180412,86-40 257 STREET,413,08815,00055,40.7317,-73.70946,QUEENS
4180431,86-15 257 STREET,413,08816,00028,40.73244,-73.70913,QUEENS
4180435,257-12 86 AVENUE,413,08816,00036,40.73278,-73.70907,QUEENS
4180625,257-20 87 AVENUE,413,08825,00040,40.73105,-73.70812,QUEENS
4181874,86-40 89 STREET,409,08863,00085,40.69323,-73.85599,Queens
4182673,86-09 96 STREET,409,08892,00088,40.69562,-73.84904,QUEENS
4185399,80-11 90 AVENUE,409,08965,00051,40.68829,-73.86072,Queens
4186908,94-23 76TH STREET,409,09001,00035,40.68333,-73.86281,QUEENS
4187035,78-12 ATLANTIC AVENUE,409,09005,00006,40.68449,-73.86098,Queens
4187433,87-09 97 AVE,409,09025,00026,40.68444,-73.85342,QUEENS
4187648,95-21 93 STREET,409,09036,00035,40.6861,-73.8485,Queens
4190081,107-31 80 STREET,410,09139,00406,40.67559,-73.85639,QUEENS
4190727,90-15 SUTTER AVENUE,410,09155,00025,40.67696,-73.8468,QUEENS
4190995,93-10 LIBERTY AVENUE,410,09162,00005,40.68,-73.84534,QUEENS
4191023,105-23 93 STREET,410,09162,00044,40.67963,-73.84531,QUEENS
4191067,106-62 96 STREET,410,09164,00156,40.67884,-73.84263,Queens
4191159,106-46 97 STREET,410,09167,00031,40.67912,-73.84175,Queens
4191263,109-17 96 STREET,410,09174,00085,40.67752,-73.84135,QUEENS
4192169,86-66 109 STREET,409,09204,00039,40.69635,-73.83916,QUEENS
4192306,83-66 116 STREET,409,09209,00043,40.70456,-73.83622,Queens
4192598,85-35 115 STREET,409,09223,00042,40.701,-73.83488,Queens
4192745,84-50 ABINGDON ROAD,409,09230,00048,40.70631,-73.83006,QUEENS
4192762,119-30 METROPOLITAN AVENUE,409,09231,00012,40.70566,-73.83092,Queens
4193302,129-01 METROPOLITAN AVENUE,409,09250,00058,40.70401,-73.82326,QUEENS
4193865,86-11 124 STREET,409,09278,00098,40.70216,-73.82662,QUEENS
4195703,91-25 113 STREET,409,09321,00064,40.69423,-73.83353,Queens
4195711,89-14 115 STREET,409,09322,00013,40.69589,-73.83298,Queens
4196879,89-48 134 STREET,409,09362,00050,40.69947,-73.81743,QUEENS
4197318,94-30 110 STREET,409,09393,00019,40.69086,-73.83559,QUEENS
4197909,97-25 108 STREET,409,09410,00001,40.68836,-73.83556,QUEENS
4198793,111-14 101 AVENUE,409,09429,00006,40.68797,-73.83206,Queens
4198894,101-09 113 STREET,409,09431,00001,40.68836,-73.83068,QUEENS
4198943,114-02 101 AVENUE,409,09432,00001,40.6886,-73.82993,QUEENS
4199172,94-28 121 STREET,409,09438,00016,40.69369,-73.82583,QUEENS
4199397,94-11 130 STREET,409,09446,00057,40.69564,-73.81841,Queens
4199855,97-25 123 STREET,409,09464,00034,40.6913,-73.82273,Queens
4200003,97-21 126 STREET,409,09469,00037,40.69233,-73.82008,QUEENS
4200815,101-29 125 STREET,409,09492,00064,40.69065,-73.82024,Queens
4201886,113-11 LIBERTY AVENUE,410,09518,00025,40.68577,-73.82915,Queens
4202285,104-32 109 STREET,410,09531,00019,40.68314,-73.83282,Queens
4202423,104-44 111 STREET,410,09533,00025,40.68352,-73.83091,Queens
4202508,104-63 111 STREET,410,09534,00063,40.68319,-73.83004,QUEENS
4203354,107-73 111 STREET,410,09549,00045,40.68055,-73.82875,QUEENS
4203587,107-47 115 STREET,410,09553,00056,40.68223,-73.82574,QUEENS
4203640,103-06 118 STREET,410,09555,00009,40.68737,-73.82601,Queens
4203647,103-26 118 STREET,410,09555,00017,40.68693,-73.82578,Queens
4204521,104-18 125 STREET,410,09578,00016,40.68743,-73.81929,Queens
4204609,104-72 126 STREET,410,09579,00043,40.68642,-73.81785,QUEENS
4205963,107-51 127 STREET,410,09607,00059,40.68489,-73.81572,QUEENS
4206318,88-29 138 STREET,412,09619,00053,40.70337,-73.81561,Queens
4206373,135-11 HILLSIDE AVENUE,409,09622,00026,40.70418,-73.81882,Queens
4206648,139-34 COOLIDGE AVENUE,408,09671,00263,40.71486,-73.81855,QUEENS
4206855,89-10 150 STREET,412,09681,00071,40.70425,-73.80581,QUEENS
4207134,150-28 HILLSIDE AVENUE,412,09697,00021,40.7066,-73.80542,Queens
4207242,139-49 87 ROAD,408,09700,00037,40.70644,-73.81376,Queens
4207582,86-17 139 STREET,408,09709,00001,40.70745,-73.81618,Queens
4208135,148-42 86 AVENUE,408,09725,00021,40.70829,-73.80839,Queens
4208440,143-18 84 ROAD,408,09736,00127,40.71254,-73.81346,Queens
4208441,143-20 84 ROAD,408,09736,00128,40.71264,-73.8134,Queens
4208633,147-10 COOLIDGE AVENUE,408,09743,00110,40.71475,-73.81247,QUEENS
4208879,89-61 162 STREET,412,09761,00014,40.70527,-73.7979,Queens
4208889,162-21 JAMAICA AVENUE,412,09761,00083,40.70494,-73.79726,QUEENS
4208976,159-02 HILLSIDE AVENUE,412,09765,00043,40.70752,-73.80231,Queens
4209810,90-05 171 STREET,412,09806,00034,40.70898,-73.78923,QUEENS
4210033,88-49 163 STREET,412,09813,00005,40.70745,-73.79825,QUEENS
4210124,87-83 168TH STREET,412,09821,00001,40.7096,-73.79422,QUEENS
4210134,168-42 HILLSIDE AVENUE,412,09822,00032,40.71029,-73.79334,QUEENS
4210483,87-33 167 STREET,408,09839,00018,40.71063,-73.79575,QUEENS
4210526,87-37 168 PLACE,408,09841,00009,40.71112,-73.79398,QUEENS
4210587,170-13 HILLSIDE AVENUE,408,09844,00061,40.71151,-73.79163,QUEENS
4210720,85-37 168 STREET,408,09851,00017,40.71265,-73.79574,Queens
4210953,84-30 170 STREET,408,09861,00049,40.71559,-73.7948,QUEENS
4211112,170-45 84 AVENUE,408,09875,00001,40.71714,-73.79408,QUEENS
4211221,85-24 KINGSTON PLACE,408,09881,00033,40.71431,-73.79266,Queens
4211222,85-30 KINGSTON PLACE,408,09881,00035,40.71422,-73.79256,Queens
4211335,85-04 ASPEN PLACE,408,09887,00024,40.71544,-73.79259,Queens
4211466,83-66 CHARLECOTE RIDGE,408,09892,00098,40.71761,-73.78927,QUEENS
4211778,90-23 181 STREET,412,09899,00033,40.71066,-73.78033,Queens
4211795,90-24 182 STREET,412,09899,00088,40.71044,-73.77988,Queens
4212770,184-37 89 AVENUE,412,09932,00001,40.71296,-73.77644,Queens
4213037,178-15 CROYDON ROAD,408,09943,00102,40.71851,-73.78753,Queens
4213064,86-51 MIDLAND PARKWAY,408,09945,00078,40.7151,-73.78267,Queens
4213202,183-06 DALNY ROAD,408,09951,00043,40.7157,-73.78002,QUEENS
4213331,186-05 WEXFORD TERRACE,408,09956,00076,40.71556,-73.77704,QUEENS
4213386,184-26 HENLEY ROAD,408,09958,00041,40.71799,-73.77929,Queens
4213552,86-78 CHEVY CHASE STREET,408,09966,00036,40.7191,-73.77696,QUEENS
4213567,85-33 SOMERSET STREET,408,09966,00090,40.71911,-73.78024,QUEENS
4213583,184-51 HOVENDEN ROAD,408,09967,00046,40.72009,-73.77894,Queens
4213602,86-04 188 STREET,408,09968,00033,40.7203,-73.77646,Queens
4213936,143-24 94 AVENUE,412,09992,00038,40.69813,-73.80879,Queens
4213981,147-27 ARCHER AVENUE,412,09995,00014,40.70107,-73.80657,Queens
4214359,138-61 102 AVENUE,412,10018,00037,40.69437,-73.80847,Queens
4214506,95-24 147 PLACE,412,10027,00016,40.69793,-73.80552,QUEENS
4214774,105-31 REMINGTON STREET,412,10042,00044,40.69097,-73.80755,Queens
4215425,106-44 LIVERPOOL STREET,412,10082,00020,40.69263,-73.8036,QUEENS
4215765,107-17 157 STREET,412,10125,00128,40.696,-73.79607,Queens
4216578,108-33 164 STREET,412,10172,00008,40.69613,-73.78955,Queens
4216711,164-06 109 AVENUE,412,10182,00003,40.69523,-73.78889,Queens
4216909,110-03 164 STREET,412,10191,00002,40.6937,-73.78773,QUEENS
4216969,110-03 164 PLACE,412,10193,00084,40.69402,-73.78702,Queens
4217238,111-27 166 STREET,412,10204,00055,40.69226,-73.78452,QUEENS
4217787,169-05 104 AVENUE,412,10223,00036,40.70236,-73.78848,QUEENS
4218107,173-42 105 AVENUE,412,10235,00325,40.70289,-73.78233,QUEENS
4218686,108-21 174 STREET,412,10258,00134,40.69966,-73.78136,QUEENS
4219423,112-15 175 STREET,412,10291,00061,40.69454,-73.7766,QUEENS
4219477,111-53 176 STREET,412,10293,00025,40.69568,-73.77531,Queens
4220099,177-01 LIBERTY AVENUE,412,10329,00007,40.70572,-73.78223,QUEENS
4221489,185-36 JORDAN AVENUE,412,10408,00009,40.69789,-73.76871,QUEENS
4221730,185-06 FONDA AVENUE,412,10422,00012,40.70099,-73.77055,QUEENS
4222108,189-15 JAMAICA AVENUE,412,10445,00039,40.71204,-73.76979,Queens
4222243,88-15 191 STREET,412,10456,00012,40.71556,-73.77052,QUEENS
4222292,90-16 195 STREET,412,10458,00014,40.71375,-73.76656,QUEENS
4222316,90-22 196 STREET,412,10460,00042,40.71431,-73.76466,QUEENS
4222340,90-21 195 PLACE,412,10460,00070,40.71409,-73.76497,Queens
4222361,90-01 193 STREET,412,10461,00052,40.71427,-73.7673,QUEENS
4223372,89-06 205 STREET,412,10491,00024,40.7189,-73.75933,Queens
4223640,88-11 205 STREET,412,10498,00042,40.72039,-73.75977,Queens
4223709,188-17 PALO ALTO AVENUE,408,10501,00051,40.71698,-73.7737,QUEENS
4223947,86-63 CLIO STREET,408,10514,00013,40.72041,-73.76845,QUEENS
4223974,86-87 PALERMO STREET,408,10515,00006,40.71965,-73.77093,Queens
4224004,86-30 PALERMO STREET,408,10516,00017,40.72069,-73.77261,QUEENS
4224122,195-05 KENO AVENUE,408,10520,00070,40.72143,-73.77068,Queens
4224175,193-41 MCLAUGHLIN AVENUE,408,10522,00040,40.72317,-73.77232,Queens
4224180,193-11 MC LAUGHLIN AVENUE,408,10522,00054,40.72293,-73.77328,Queens
4224236,199-60 KENO AVENUE,408,10525,00027,40.72203,-73.76566,QUEENS
4224297,86-41 MARENGO STREET,408,10526,00111,40.72332,-73.76778,Queens
4224304,199-02 EPSOM COURSE,408,10527,00001,40.72354,-73.76618,QUEENS
4224305,199-06 EPSOM COURSE,408,10527,00005,40.72365,-73.76599,Queens
4224327,198-25 EPSOM COURSE,408,10528,00035,40.72426,-73.7669,Queens
4224371,197-27 FOOTHILL AVENUE,408,10532,00010,40.71935,-73.76562,Queens
4224387,202-05 HILLSIDE AVENUE,408,10532,00120,40.72017,-73.76232,QUEENS
4224415,86-41 DUNTON STREET,408,10538,00091,40.72411,-73.76496,Queens
4224424,200-17 KENO AVENUE,408,10538,00119,40.72277,-73.76446,Queens
4225067,90-18 208 STREET,413,10557,00056,40.71824,-73.75543,Queens
4225714,89-66 212 STREET,413,10578,00028,40.72197,-73.75117,QUEENS
4226035,209-22 WHITE HALL TERRACE,408,10591,00017,40.72347,-73.75719,QUEENS
4226079,201-22 EPSOM COURSE,408,10599,00070,40.72498,-73.76379,QUEENS
4226822,92-41 212 PLACE,413,10625,00028,40.71935,-73.74717,Queens
4227282,91-25 216 STREET,413,10642,00026,40.72262,-73.74281,QUEENS
4227477,90-01 215 STREET,413,10649,00025,40.72367,-73.74631,Queens
4227515,90-18 216 STREET,413,10650,00039,40.7238,-73.74481,Queens
4227995,89-92 216 STREET,413,10659,00043,40.72466,-73.7457,Queens
4229390,220-12 92 AVENUE,413,10707,00006,40.72521,-73.73771,Queens
4230388,222-21 FAIRBURY AVENUE,413,10748,00041,40.72429,-73.73303,Queens
4230671,217-20 100 AVENUE,413,10761,00013,40.71524,-73.74075,Queens
4231891,199-07 100 AVENUE,412,10846,00024,40.71062,-73.76012,Queens
4231922,201-11 100 AVENUE,412,10848,00022,40.71108,-73.75819,Queens
4231967,99-10 205 STREET,412,10851,00010,40.7123,-73.75555,Queens
4232018,99-11 FRANCIS LEWIS BOULEVARD,413,10854,00046,40.71263,-73.75309,QUEENS
4232758,99-09 211 STREET,413,10879,00090,40.71365,-73.74828,QUEENS
4233232,201-01 HOLLIS AVENUE,412,10901,00033,40.70642,-73.75652,Queens
4233414,104-47 205 PLACE,412,10909,00033,40.70882,-73.75252,Queens
4233746,211-24 104 AVENUE,413,10922,00011,40.71144,-73.74677,QUEENS
4234461,110-53 FARMERS BOULEVARD,412,10949,00080,40.70212,-73.76548,QUEENS
4234474,191-20 110 ROAD,412,10949,00117,40.70274,-73.76366,QUEENS
4234493,190-56 111 AVENUE,412,10950,00106,40.70204,-73.76335,Queens
4236757,20115 115 AVENUE,412,11018,00021,40.69894,-73.75269,QUEENS
4237084,114-02 208 STREET,413,11026,00368,40.70183,-73.747,Queens
4237727,115-51 201 STREET,412,11042,00016,40.69688,-73.75196,Queens
4239269,105-14 217 LANE,413,11104,00065,40.7117,-73.73959,QUEENS
4239609,109-12 216 STREET,413,11118,00039,40.7098,-73.74229,QUEENS
4241184,221-20 107 AVENUE,413,11187,00040,40.70893,-73.73374,Queens
4241504,22115 111 AVENUE,413,11203,00056,40.70634,-73.73515,QUEENS
4241524,221-34 111 AVENUE,413,11204,00049,40.70592,-73.7346,QUEENS
4241722,112-45 219 STREET,413,11216,00071,40.70429,-73.73788,Queens
4245664,89-29 DESARC ROAD,410,11370,00029,40.67443,-73.84662,QUEENS
4247523,90-07 156 AVENUE,410,11472,00079,40.66411,-73.84367,Queens
4248190,97-29 134 ROAD,410,11499,00120,40.67538,-73.83844,Queens
4248902,149-46 TAHOE STREET,410,11553,00028,40.66991,-73.83795,QUEENS
4249161,109-23 111 STREET,410,11592,00057,40.67973,-73.82834,QUEENS
4249522,109-44 121 STREET,410,11601,00027,40.6815,-73.82011,Queens
4249686,109-32 125 STREET,410,11605,00023,40.68272,-73.81671,QUEENS
4250618,111-12 124 STREET,410,11628,00012,40.68129,-73.81702,QUEENS
4250885,130-06 111 AVENUE,410,11634,00002,40.68288,-73.81207,QUEENS
4251048,111-47 133 STREET,410,11637,00041,40.6825,-73.80883,QUEENS
4252019,115-25 120 STREET,410,11664,00046,40.67659,-73.8181,QUEENS
4252231,115-43 125 STREET,410,11669,00043,40.67734,-73.81346,Queens
4252329,115-28 130 STREET,410,11672,00018,40.67866,-73.81069,QUEENS
4252403,115-50 132 STREET,410,11674,00028,40.67859,-73.80853,Queens
4252956,116-50 135 STREET,410,11690,00031,40.67761,-73.80502,QUEENS
4253051,117-17 LINCOLN STREET,410,11695,00036,40.6759,-73.80722,QUEENS
4253396,116-19 SUTTER AVENUE,410,11709,00001,40.67478,-73.82171,Queens
4253713,114-02 SUTTER AVENUE,410,11720,00031,40.6749,-73.82516,QUEENS
4254102,122-05 133 AVENUE,410,11729,00009,40.67204,-73.81718,Queens
4254279,133-37 115 STREET,410,11736,00020,40.67186,-73.82406,QUEENS
4254491,133-25 120 STREET,410,11741,00024,40.67139,-73.81933,QUEENS
4254797,117-45 127 STREET,410,11749,00032,40.67413,-73.81076,Queens
4254932,130-08 ROCKAWAY BLVD,410,11754,00052,40.67465,-73.8081,QUEENS
4255472,129-20 131 STREET,410,11768,00099,40.67157,-73.80789,Queens
4255525,131-15 131 AVENUE,410,11770,00062,40.67102,-73.80698,Queens
4255585,129-40 134 STREET,410,11772,00060,40.67116,-73.80466,QUEENS
4256117,133-37 128 STREET,410,11787,00017,40.66959,-73.8112,Queens
4256281,133-11 133 STREET,410,11793,00027,40.66869,-73.80566,QUEENS
4256373,133-17 135 PLACE,410,11796,00043,40.66847,-73.80235,Queens
4256630,135-54 120 STREET,410,11806,00058,40.66891,-73.82068,Queens
4256770,149-14 114 PLACE,410,11814,00044,40.66918,-73.82645,Queens
4256882,149-15 117 STREET,410,11818,00028,40.66848,-73.82319,Queens
4257165,150-06 118 STREET,410,11840,00040,40.66689,-73.82324,Queens
4257202,121-12 150 AVENUE,410,11849,00037,40.66626,-73.81978,Queens
4257283,135-49 125 STREET,410,11859,00011,40.66794,-73.81461,QUEENS
4257354,135-40 128 STREET,410,11861,00056,40.66777,-73.81239,QUEENS
4257391,135-23 129 STREET,410,11863,00024,40.66792,-73.81077,QUEENS
4257460,149-05 124 STREET,410,11867,00028,40.66746,-73.81584,Queens
4257497,135-16 134 PLACE,410,11876,00044,40.66706,-73.80473,Queens
4257760,109-44 142 STREET,412,11927,00046,40.68707,-73.80392,QUEENS
4257889,109-19 PINEGROVE STREET,412,11934,00043,40.68849,-73.80199,QUEENS
4257895,109-07 PINEGROVE STREET,412,11934,00049,40.68877,-73.8024,Queens
4257905,143-06 FERNDALE AVENUE,412,11935,00003,40.68754,-73.80236,Queens
4258138,145-21 GLASSBORO AVENUE,412,11941,00274,40.6888,-73.80018,QUEENS
4258462,111-29 VAN WYCK EXPRESSWAY,412,11954,00053,40.68408,-73.80537,QUEENS
4258485,139-12 111 AVENUE,412,11955,00027,40.68495,-73.80476,Queens
4259211,114-23 143 STREET,412,11973,00034,40.68372,-73.80013,Queens
4259630,115-38 141 STREET,412,11984,00054,40.68101,-73.80148,QUEENS
4259777,115-33 145 STREET,412,11989,00032,40.6821,-73.79733,Queens
4260242,116-20 145 STREET,412,12003,00017,40.68056,-73.79719,Queens
4260314,116-50 146 STREET,412,12005,00030,40.68044,-73.79515,QUEENS
4260489,117-42 140 STREET,412,12011,00030,40.67696,-73.80147,QUEENS
4260519,117-55 140 STREET,412,12012,00010,40.67664,-73.80087,Queens
4260806,117-26 145 STREET,412,12018,00018,40.67876,-73.79631,Queens
4260828,145-01 119 AVENUE,412,12019,00010,40.67891,-73.79557,Queens
4261459,145-45 123 AVENUE,412,12043,00080,40.67567,-73.79272,Queens
4262117,144-10 SUTTER AVENUE,412,12068,00108,40.67208,-73.79436,Queens
4262476,133-17 VAN WYCK EXPRESSWAY,412,12084,00175,40.66858,-73.80034,Queens
4262872,146-05 133 AVENUE,412,12109,00006,40.6689,-73.79235,Queens
4262873,14603 133 AVENUE,412,12109,00009,40.66891,-73.79249,QUEENS
4262878,130-29 146 STREET,412,12109,00022,40.66946,-73.79234,Queens
4262909,130-21 147 STREET,412,12110,00025,40.66952,-73.79146,Queens
4263171,151-37 136 AVENUE,412,12133,00045,40.6681,-73.78389,Queens
4263404,153-23 110 ROAD,412,12156,00044,40.69009,-73.79472,Queens
4263473,110-25 156 STREET,412,12160,00011,40.69071,-73.79329,QUEENS
4264494,114-46 158 STREET,412,12194,00046,40.68691,-73.78844,QUEENS
4264849,117-11 SUTPHIN BOULEVARD,412,12204,00099,40.68034,-73.7917,Queens
4265189,150-50 119 ROAD,412,12211,00029,40.67874,-73.78957,Queens
4265214,150-41 121 AVENUE,412,12212,00046,40.67778,-73.78944,Queens
4265285,153-20 120 AVENUE,412,12215,00015,40.67828,-73.78804,QUEENS
4265370,123-18 153 STREET,412,12219,00014,40.67576,-73.78848,QUEENS
4265594,160-15 118 ROAD,412,12239,00020,40.68251,-73.78454,Queens
4265772,161-32 119 DRIVE,412,12249,00022,40.68079,-73.78159,Queens
4265824,121-20 LONG STREET,412,12251,00045,40.67873,-73.78207,Queens
4265847,161-34 120 AVENUE,412,12252,00024,40.68016,-73.78122,Queens
4265856,121-15 LONG STREET,412,12253,00003,40.67899,-73.78159,QUEENS
4265907,161-18 122 AVENUE,412,12255,00027,40.67875,-73.78094,Queens
4266392,133-23 161 STREET,412,12287,00075,40.67361,-73.77668,Queens
4266639,137-16 156 STREET,412,12303,00014,40.66909,-73.77931,QUEENS
4266806,158-15 NORTH CONDUIT AVENUE,412,12314,00097,40.6681,-73.77647,Queens
4267077,114-34 167 STREET,412,12330,00049,40.68929,-73.78215,Queens
4267285,167-01 116 AVENUE,412,12342,00147,40.68729,-73.78049,Queens
4267815,118-18 MARSDEN STREET,412,12363,00032,40.68323,-73.77774,QUEENS
4268406,120-37 170 STREET,412,12387,00100,40.68203,-73.7742,Queens
4268457,121-28 172 STREET,412,12388,00215,40.68208,-73.7728,Queens
4268577,172-20 LINDEN BOULEVARD,412,12394,00098,40.69184,-73.77737,Queens
4269331,177-31 120 AVENUE,412,12468,00093,40.6853,-73.76678,QUEENS
4270034,130-39 MERRICK BOULEVARD,412,12494,00001,40.68015,-73.76183,Queens
4270036,130-29 MERRICK BOULEVARD,412,12494,00009,40.68052,-73.76228,QUEENS
4270093,172-40 125 AVENUE,412,12517,00034,40.68155,-73.77068,Queens
4270117,172-45 127 AVENUE,412,12518,00045,40.68087,-73.76989,QUEENS
4270197,174-25 127 AVENUE,412,12522,00061,40.68107,-73.76876,Queens
4270976,167-24 140 AVENUE,412,12586,00063,40.67061,-73.77187,Queens
4271186,171-09 144 AVENUE,412,12594,00012,40.66899,-73.76859,Queens
4271438,118-49 FARMERS BOULEVARD,412,12603,00054,40.68894,-73.76165,Queens
4271776,198-15 118 AVENUE,412,12619,00022,40.69324,-73.75329,QUEENS
4272045,200-16 118 AVENUE,412,12629,00007,40.69332,-73.75141,QUEENS
4272646,119-44 195 STREET,412,12650,00028,40.68913,-73.75512,Queens
4273017,121-40 MILBURN STREET,412,12666,00046,40.68418,-73.75966,Queens
4273320,120-43 195 STREET,412,12679,00057,40.68782,-73.75347,Queens
4273848,122-20 193 STREET,412,12708,00027,40.68522,-73.75397,QUEENS
4274720,233-10 LINDEN BOULEVARD,413,12750,00005,40.69073,-73.72865,Queens
4275044,118-08 227 STREET,413,12763,00005,40.69155,-73.73522,QUEENS
4276091,120-04 225 STREET,413,12809,00030,40.68881,-73.73867,Queens
4276382,120-45 235TH STREET,413,12820,00001,40.68501,-73.72923,QUEENS
4276940,240-31 128 ROAD,413,12867,00003,40.68118,-73.72627,Queens
4277108,128-10 236 STREET,413,12876,00055,40.68206,-73.73087,Queens
4277226,128-36 HOOK CREEK BOULEVARD,413,12886,00117,40.68063,-73.72608,Queens
4277436,219-32 130 AVENUE,413,12897,00042,40.68431,-73.74633,QUEENS
4278426,219-17 133 AVENUE,413,12929,00229,40.68072,-73.7491,QUEENS
4278497,131-56 222 STREET,413,12931,00113,40.6805,-73.74651,QUEENS
4279438,230-05 MERRICK BOULEVARD,413,12969,00016,40.67624,-73.73992,QUEENS
4279498,232-02 133 AVENUE,413,12972,00075,40.67626,-73.73705,Queens
4279861,135-20 DENIS STREET,412,12993,00036,40.67639,-73.76017,Queens
4279963,217-19 135 AVENUE,413,13013,00016,40.67847,-73.75243,Queens
4280023,135-15 218 STREET,413,13016,00016,40.67764,-73.75235,QUEENS
4280262,185-11 140 AVENUE,412,13024,00095,40.67272,-73.75919,QUEENS
4280428,218-23 138 AVENUE,413,13033,00001,40.6745,-73.75321,Queens
4280481,218-27 139 AVENUE,413,13036,00064,40.67329,-73.755,QUEENS
4280487,139-11 SPRINGFIELD BOULEVARD,413,13037,00006,40.67278,-73.75589,Queens
4280795,142-05 184 STREET,412,13055,00013,40.66912,-73.7593,Queens
4280804,141-31 184 STREET,412,13055,00029,40.67002,-73.75951,Queens
4281075,143-20 182 PLACE,412,13077,00039,40.66841,-73.762,Queens
4281297,184-06 144 AVENUE,412,13094,00042,40.66725,-73.75983,Queens
4281435,223-02 134 ROAD,413,13104,00037,40.67692,-73.74683,QUEENS
4281446,134-42 225 STREET,413,13105,00016,40.67651,-73.74582,QUEENS
4281508,134-38 227 STREET,413,13107,00041,40.67601,-73.744,QUEENS
4281598,135-21 220 PLACE,413,13113,00012,40.67661,-73.74979,Queens
4281621,136-11 220 PLACE,413,13114,00024,40.67601,-73.75008,Queens
4281820,135-28 226 STREET,413,13120,00050,40.67508,-73.74561,Queens
4282118,220-05 138 ROAD,413,13134,00136,40.67335,-73.75217,QUEENS
4282337,219-16 141 AVENUE,413,13145,00019,40.67065,-73.75431,Queens
4283095,137-09 231 STREET,413,13173,00031,40.67175,-73.74062,Queens
4283366,138-02 233 STREET,413,13181,00038,40.66983,-73.74039,Queens
4283552,139-50 231 STREET,413,13186,00062,40.66758,-73.74387,QUEENS
4283678,228-15 MENTONE AVENUE,413,13192,00161,40.66761,-73.74711,QUEENS
4283955,240-10 MERRICK BOULEVARD,413,13204,00104,40.67325,-73.73345,Queens
4284236,135-21 241 STREET,413,13222,00001,40.67115,-73.73378,QUEENS
4284890,165-17 144 DRIVE,413,13271,00004,40.66465,-73.77704,Queens
4284897,159-25 ROCKAWAY BOULEVARD,413,13271,00013,40.66464,-73.77805,Queens
4285217,145-24 176 STREET,413,13289,00036,40.66415,-73.77209,QUEENS
4285256,144-47 177 STREET,413,13291,00052,40.66647,-73.77225,QUEENS
4285315,167-36 145 DRIVE,413,13299,00024,40.66298,-73.77273,Queens
4285491,145-36 FARMERS BOULEVARD,413,13313,00028,40.66506,-73.76827,Queens
4285920,145-79 183 STREET,413,13348,00063,40.66286,-73.76282,QUEENS
4285947,179-06 146 ROAD,413,13351,00049,40.66254,-73.76672,QUEENS
4285979,147-07 GUY R BREWER BOULEVARD,413,13354,00019,40.66072,-73.76772,QUEENS
4286040,146-45 183 STREET,413,13357,00055,40.66114,-73.76357,QUEENS
4286309,222-12 146 AVENUE,413,13456,00038,40.66072,-73.75793,QUEENS
4286447,146-25 229 STREET,413,13463,00032,40.65928,-73.75191,QUEENS
4286449,146-17 229 STREET,413,13463,00036,40.65947,-73.75178,QUEENS
4286584,145-95 221 STREET,413,13469,00011,40.66154,-73.75865,Queens
4287159,144-47 225 STREET,413,13495,00016,40.66326,-73.75345,QUEENS
4287214,144-15 226 STREET,413,13496,00127,40.66375,-73.75215,QUEENS
4287246,228-11 145 AVENUE,413,13498,00005,40.6621,-73.75093,Queens
4287376,231-09 145 AVENUE,413,13502,00055,40.66083,-73.74751,QUEENS
4287408,226-27 144 AVENUE,413,13506,00054,40.66426,-73.75129,Queens
4288099,241-06 WELLER AVENUE,413,13553,00035,40.66189,-73.73972,QUEENS
4288180,241-33 143 AVENUE,413,13557,00084,40.6625,-73.73816,QUEENS
4288433,144-11 243 STREET,413,13569,00031,40.65985,-73.73936,QUEENS
4288627,142-17 250 STREET,413,13577,00025,40.66074,-73.7346,Queens
4288660,249-20 CANEY ROAD,413,13580,00016,40.6595,-73.73616,Queens
4288878,257-70 145 AVENUE,413,13588,00044,40.65792,-73.72923,QUEENS
4289203,140-35 255 STREET,413,13605,00021,40.66012,-73.72939,Queens
4289309,139-18 250 STREET,413,13610,00035,40.66278,-73.73164,Queens
4289400,138-23 250 STREET,413,13618,00012,40.6631,-73.73008,Queens
4290116,253-50 149 AVENUE,413,13655,00001,40.65264,-73.73561,QUEENS
4290937,259-31 148 AVENUE,413,13684,00026,40.6552,-73.72843,Queens
4291281,147-08 228 STREET,413,13707,00010,40.65802,-73.75439,Queens
4291453,148-15 230 STREET,413,13718,00001,40.65569,-73.75296,QUEENS
4291566,148-14 BROOKVILLE BOULEVARD,413,13732,00006,40.65478,-73.74583,QUEENS
4291569,235-33 148 ROAD,413,13732,00013,40.65485,-73.74624,QUEENS
4291651,239-26 147 ROAD,413,13739,00061,40.65592,-73.74377,Queens
4291684,241-08 147 ROAD,413,13741,00050,40.65591,-73.74297,QUEENS
4292382,156-23 88 STREET,410,13953,00047,40.66282,-73.84533,QUEENS
4292503,157-30 83 STREET,410,13962,00080,40.66021,-73.85011,QUEENS
4292555,157-19 84 STREET,410,13964,00110,40.6608,-73.84864,Queens
4292711,157-41 92 STREET,410,13972,00096,40.6612,-73.84115,QUEENS
4292832,82-19 159 AVENUE,410,13981,00028,40.65805,-73.84949,Queens
4292945,87-09 159 AVENUE,410,13986,00033,40.65867,-73.84516,QUEENS
4292949,158-35 87 STREET,410,13986,00045,40.6591,-73.84536,Queens
4293191,159-25 82 STREET,410,14003,00105,40.657,-73.84969,QUEENS
4293337,90-04 159 AVENUE,410,14011,00060,40.65855,-73.84245,Queens
4295165,158-11 98 STREET,410,14168,00057,40.66117,-73.83524,Queens
4295823,162-17 96 STREET,410,14198,00051,40.654,-73.83537,Queens
4295897,163-32 95 STREET,410,14201,00100,40.65175,-73.83637,QUEENS
4296365,163-29 99 STREET,410,14242,00030,40.65241,-73.83215,Queens
4296466,102-36 163 ROAD,410,14247,01292,40.65313,-73.82803,QUEENS
4297206,80 WEST   18 ROAD,414,15323,00002,40.6004,-73.82421,QUEENS
4297795,1153 BEACH    9 STREET,414,15516,00052,40.60618,-73.74656,Queens
4298300,19-19 CORNAGA AVENUE,414,15564,00040,40.60203,-73.75224,QUEENS
4298549,739 CAFFREY AVENUE,414,15577,00010,40.6032,-73.74147,Queens
4298588,786 ELVIRA AVENUE,414,15579,00066,40.60126,-73.74284,QUEENS
4298622,6-15 READS LANE,414,15580,00044,40.60163,-73.74152,QUEENS
4298633,7-19 FRISCO AVENUE,414,15581,00012,40.60046,-73.74267,QUEENS
4298647,806 FRISCO AVENUE,414,15582,00066,40.60091,-73.74399,QUEENS
4298664,12-05 CAFFREY AVENUE,414,15584,00060,40.60163,-73.74641,Queens
4298677,555 OAK DRIVE,414,15586,00010,40.60202,-73.74015,QUEENS
4300014,14-24 HARBOUR COURT,414,15695,00104,40.60919,-73.76683,QUEENS
4300153,21-12 CORNAGA AVENUE,414,15705,00006,40.60252,-73.7546,QUEENS
4300869,701 BAY   32 STREET,414,15745,00001,40.59917,-73.76892,Queens
4301403,29-38 FAR ROCKAWAY BOULEVARD,414,15787,00054,40.59866,-73.76475,QUEENS
4301609,2-11 BEACH   30 STREET,414,15806,00017,40.59513,-73.76311,QUEENS
4301620,1925 SEAGIRT BOULEVARD,414,15810,00025,40.59425,-73.7543,QUEENS
4301622,135 BEACH   19 STREET,414,15810,00055,40.59324,-73.75397,Queens
4303111,69-26 HESSLER AVENUE,414,16051,00042,40.59428,-73.79935,Queens
4303268,3-28 BEACH   74 STREET,414,16078,00053,40.59166,-73.80209,Queens
4303354,2-45 BEACH 79TH STREET,414,16112,00001,40.58921,-73.80589,QUEENS
4303434,3-32 BEACH   89 STREET,414,16122,00017,40.58913,-73.81409,QUEENS
4303483,345 BEACH   89 STREET,414,16123,00050,40.58917,-73.81471,QUEENS
4303853,1-90 BEACH  110 STREET,414,16181,00001,40.58091,-73.83111,Queens
4304087,116-02 NEWPORT AVENUE,414,16198,00001,40.58151,-73.83881,Queens
4304771,129-03 NEWPORT AVENUE,414,16225,00008,40.57754,-73.84912,Queens
4304878,130 BEACH 120 STREET,414,16229,00048,40.5769,-73.8393,Queens
4305268,130-07 BEACH CHANNEL DRIVE,414,16242,00006,40.58114,-73.8524,QUEENS
4305287,504 BEACH  131 STREET,414,16242,00048,40.57939,-73.85176,QUEENS
4305791,416 BEACH  141 STREET,414,16263,00049,40.57505,-73.85899,QUEENS
4305884,133-05 NEWPORT AVENUE,414,16267,00006,40.57646,-73.85253,QUEENS
4306039,274 BEACH  138 STREET,414,16271,00088,40.57508,-73.85606,Queens
4306112,251 BEACH  140 STREET,414,16274,00024,40.57372,-73.85783,QUEENS
4306347,187 BEACH  137 STREET,414,16282,00016,40.5728,-73.85435,QUEENS
4306348,181 BEACH  137 STREET,414,16282,00016,40.5728,-73.85435,QUEENS
4306664,142-11 NEWPORT AVENUE,414,16299,00005,40.57384,-73.86015,QUEENS
4307038,146-15 ROCKAWAY BEACH BOULEVARD,414,16320,00001,40.56998,-73.86188,Queens
4311869,46-34 11 STREET,402,00047,00025,40.74557,-73.95103,Queens
4311982,130-31 NORTHERN BOULEVARD,407,01791,00052,40.76391,-73.83862,Queens
4312168,134-19 NORTHERN BOULEVARD,407,04946,00072,40.76317,-73.8339,QUEENS
4312192,41-28 MAIN STREET,407,05042,00035,40.75721,-73.82939,QUEENS
4430171,50-25 BARNETT AVENUE,402,00119,00143,40.75032,-73.91241,QUEENS
4430537,327 BEACH   19 STREET,414,15636,00001,40.59866,-73.75349,QUEENS
4430756,27-20 39 AVENUE,401,00397,00020,40.75382,-73.93552,QUEENS
4431962,61-35 98 STREET,406,02093,00001,40.73451,-73.8595,QUEENS
4431965,61-55 98 STREET,406,02093,00245,40.73364,-73.85927,Queens
4431966,61-45 98 STREET,406,02093,00245,40.73364,-73.85927,Queens
4432407,61-11 REAR MASPETH AVENUE,405,02711,00029,40.72319,-73.90397,QUEENS
4432408,61-13 REAR MASPETH AVENUE,405,02711,00029,40.72319,-73.90397,Queens
4433284,126-13 22 AVENUE,407,04171,00039,40.78029,-73.84175,QUEENS
4436669,40-40 NORTHERN BOULEVARD,401,00183,00009,40.7521,-73.92342,QUEENS
4436685,45-30 36 STREET,402,00226,00001,40.74331,-73.92958,QUEENS
4436736,35-39REAR VERNON BOULEVARD,401,00328,00010,40.76257,-73.94177,Queens
4436809,23-10 43 AVENUE,402,00436,00021,40.74926,-73.94348,Queens
4436896,35-43 37 STREET,401,00641,00001,40.75448,-73.92455,QUEENS
4437231,126-07 34 AVENUE,407,01820,00108,40.76025,-73.84507,QUEENS
4437232,126-16 REA NORTHERN BOULEVARD,407,01820,00108,40.76025,-73.84507,QUEENS
4437233,126-16 NORTHERN BOULEVARD,407,01820,00108,40.76025,-73.84507,QUEENS
4437698,614 WOODWARD AVENUE,405,03408,00048,40.70565,-73.90741,QUEENS
4438099,134-38 35 AVENUE,407,04958,07501,40.7642,-73.83188,Queens
4438312,61-00 FRANCIS LEWIS BLVD,408,07128,00002,40.74229,-73.77642,QUEENS
4438781,177-11 109 AVENUE,412,10261,00001,40.70063,-73.77859,Queens
4439038,45-40 VERNON BOULEVARD,402,00026,00004,40.7474,-73.95308,Queens
4439350,135-04 LIBERTY AVENUE,410,09589,00001,40.69142,-73.8115,Queens
4439351,135-06 LIBERTY AVENUE,410,09589,00001,40.69142,-73.8115,Queens
4439352,135-08 LIBERTY AVENUE,410,09589,00001,40.69142,-73.8115,Queens
4439434,222-15 56 AVENUE,411,07490,00002,40.75563,-73.75738,QUEENS
4439682,43-50 MAIN STREET,407,05107,00200,40.75025,-73.82973,QUEENS
4439691,190-17 STATION ROAD,411,05324,00003,40.76112,-73.79083,QUEENS
4439915,64-56 KISSENA BLVD,408,06517,00001,40.73631,-73.81773,QUEENS
4440084,14-78 157 STREET,407,04566,00084,40.78707,-73.80537,QUEENS
4440109,89-26 162 STREET,412,09760,00050,40.70604,-73.79906,Queens
4440330,203-02 109 AVENUE,412,10906,00001,40.70753,-73.75475,QUEENS
4440535,89-08 VAN WYCK EXPRESSWAY,409,09364,00010,40.7005,-73.81633,QUEENS
4440874,8226 NORTHERN BOULEVARD,403,01430,00006,40.75535,-73.88478,QUEENS
4441463,121-20GAR LONG STREET,412,12251,00045,40.67873,-73.78207,Queens
4441464,121-15 GAR LONG STREET,412,12253,00003,40.67899,-73.78159,Queens
4441727,28-90 REVIEW AVENUE,402,00294,00106,40.73808,-73.94244,Queens
4442634,30-86 14 STREET,401,00517,00005,40.76889,-73.93187,QUEENS
4443103,66-26 METROPOLITAN AVENUE,405,03605,00001,40.7109,-73.89158,Queens
4443554,43-51 GAR 166 STREET,407,05424,00014,40.75698,-73.80038,QUEENS
4443555,43-51 166 STREET,407,05424,00014,40.75698,-73.80038,QUEENS
4445558,45-43 204 STREET,411,07302,00001,40.75649,-73.77844,QUEENS
4446392,98-11 211 STREET,413,10836,00041,40.71482,-73.74877,QUEENS
4447438,211-35 REA 34 ROAD,411,06110,00022,40.76963,-73.77528,Queens
4447874,22-23GAR 147 STREET,407,04657,00011,40.77849,-73.81924,QUEENS
4448767,160-05 HIGHLAND AVENUE,408,09774,00001,40.70947,-73.803,Queens
4448803,175-31 JAMAICA AVENUE,412,09811,00001,40.70823,-73.78462,QUEENS
4448806,167-01 GOTHIC DRIVE,408,09858,00100,40.7145,-73.79833,QUEENS
4448968,9 POWER ROAD,414,15313,00485,40.60648,-73.82096,QUEENS
4448974,13-42 AUGUSTINA AVENUE,414,15534,00070,40.60726,-73.75083,QUEENS
4449614,61-25 97 STREET,406,02082,00107,40.73384,-73.86188,QUEENS
4450474,34-15 FRANCIS LEWIS BOULEVARD,411,06077,00070,40.7658,-73.78899,Queens
4451648,61-13 166 STREET,408,06894,00027,40.73787,-73.80247,Queens
4453447,245-35 76 AVENUE,413,08401,00096,40.7446,-73.72425,QUEENS
4454110,331 BEACH   31 STREET,414,15945,00001,40.59678,-73.76481,Queens
4455689,54-47 LITTLE NECK PARKWAY,411,08274,00144,40.76653,-73.72478,Queens
4456902,199-15 GAR 35 AVENUE,411,06078,00038,40.76487,-73.78711,QUEENS
4457138,86-51 259 STREET,413,08818,00006,40.7318,-73.70702,QUEENS
4457773,155 BEACH   19 STREET,414,15810,00040,40.59418,-73.75364,QUEENS
4458233,108-11 HORACE HARDING EXPRESSWAY,404,01964,00065,40.73802,-73.85184,QUEENS
4462897,30-02 WHITESTONE EXPRESSWAY,407,04331,00001,40.77189,-73.83525,Queens
4463016,610 LANETT AVENUE,414,15596,00007,40.59967,-73.7421,Queens
4464397,152 ROXBURY AVENUE,414,16340,00050,40.56648,-73.89113,QUEENS
4464836,216-20 12 AVENUE,414,16350,00300,40.56165,-73.91818,QUEENS
4464947,17 BAYWAY WALK,414,16350,00300,40.56165,-73.91818,Queens
4465072,108 WEST MARKET STREET,414,16350,00300,40.56165,-73.91818,QUEENS
4465226,216-03 12 AVENUE,414,16350,00300,40.56165,-73.91818,QUEENS
4465269,80 REID AVENUE,414,16350,00300,40.56165,-73.91818,QUEENS
4465380,2 WEST MARKET STREET,414,16350,00300,40.56165,-73.91818,QUEENS
4465488,216-01 PALMER DRIVE,414,16350,00300,40.56165,-73.91818,Queens
4465547,9 QUEENS WALK,414,16350,00400,40.55688,-73.92073,Queens
4465663,1 UTICA WALK,414,16350,00400,40.55688,-73.92073,Queens
4466789,479 HILLCREST WALK,414,16350,00400,40.55688,-73.92073,QUEENS
4467220,18 BEACH  221 STREET,414,16350,00400,40.55688,-73.92073,QUEENS
4467569,66-40 KISSENA BOULEVARD,408,06517,00250,40.73454,-73.81799,Queens
4467715,122-02 ROOSEVELT AVENUE,481,02018,00001,40.74726,-73.84333,Queens
4472493,39-21GAR 108 STREET,403,01780,00086,40.75099,-73.85857,QUEENS
4472954,55-25GAR VAN CLEEF STREET,404,01962,00028,40.74097,-73.85275,QUEENS
4473920,52-39 GAR 70 STREET,405,02481,00020,40.73244,-73.89371,Queens
4474184,58-85 GAR MASPETH AVENUE,405,02669,00079,40.72331,-73.9091,Queens
4474626,69-23 GAR CALDWELL AVENUE,405,02794,00053,40.7238,-73.89338,Queens
4480792,121-10 GAR 23 AVENUE,407,04225,00022,40.77839,-73.84669,QUEENS
4480823,23-59 GAR 126 STREET,407,04230,00004,40.7769,-73.84231,Queens
4480858,23-33 GAR 128 STREET,407,04232,00020,40.7776,-73.84048,QUEENS
4480863,23-42 GAR 129 STREET,407,04232,00053,40.77744,-73.84011,QUEENS
4481283,1228 GAR 150 STREET,407,04504,00037,40.78987,-73.81447,Queens
4481294,150-02 GAR 6 AVENUE,407,04510,00001,40.79569,-73.81656,QUEENS
4481731,146-11GAR 21 AVENUE,407,04633,00048,40.78059,-73.82068,QUEENS
4481884,17-08 GAR 149 STREET,407,04650,00025,40.78405,-73.81691,QUEENS
4481894,147-21GAR 18 AVENUE,407,04651,00013,40.78324,-73.81793,QUEENS
4482264,151-77 GAR 20 AVENUE,407,04706,00035,40.78112,-73.80917,Queens
4482274,151-80 GAR 20 AVENUE,407,04707,00038,40.78069,-73.80914,Queens
4482949,26-11 GAR 157 STREET,407,04867,00004,40.77325,-73.80664,QUEENS
4483779,56-16 GAR 142 STREET,407,05168,00040,40.74715,-73.82359,QUEENS
4483874,43-20 GAR BURLING STREET,407,05196,00062,40.75574,-73.81854,QUEENS
4483891,45-32 GAR ROBINSON STREET,407,05201,00016,40.75256,-73.81853,Queens
4483947,144-04 GAR HOLLY AVENUE,407,05212,00001,40.75275,-73.81583,QUEENS
4483977,142-10 GAR LABURNUM AVENUE,407,05218,00003,40.75046,-73.81533,QUEENS
4484225,33-66 GAR 161 STREET,407,05245,00074,40.76625,-73.80442,QUEENS
4484485,35-43 GAR 161 STREET,407,05281,00033,40.7642,-73.80412,Queens
4484873,42-35 GAR 190 STREET,411,05366,00039,40.75828,-73.79102,Queens
4485087,149-15 GAR DELAWARE AVENUE,407,05408,00061,40.75776,-73.81319,Queens
4485657,46-50 GAR 162 STREET,407,05460,00058,40.75233,-73.80537,Queens
4485659,46-51 GAR 162 STREET,407,05461,00010,40.75223,-73.80479,QUEENS
4486099,46-03 GAR 192 STREET,411,05548,00025,40.75346,-73.78898,QUEENS
4486528,47-69 GAR 195 STREET,411,05614,00004,40.75068,-73.78509,Queens
4487009,163-28 GAR 20 ROAD,407,05749,00019,40.77917,-73.79935,QUEENS
4487421,23-15 GAR 207 STREET,407,05807,00005,40.77783,-73.7863,QUEENS
4487997,33-23 GAR 205 STREET,411,06087,00042,40.76869,-73.78345,QUEENS
4488080,33-53 GAR 210 STREET,411,06107,00047,40.76993,-73.77745,QUEENS
4488096,33-15 GAR BELL BOULEVARD,411,06114,00035,40.77172,-73.77406,Queens
4488115,200-08 GAR 36 AVENUE,411,06145,00004,40.7639,-73.78587,Queens
4488133,35-16 GAR 203 STREET,411,06147,00013,40.76549,-73.78442,QUEENS
4488230,214-37 GAR 36 AVENUE,411,06175,00023,40.7685,-73.77051,QUEENS
4488255,215-19 GAR 38 AVENUE,411,06182,00029,40.76743,-73.76875,QUEENS
4488550,132-30 GAR BOOTH MEMORIAL AVENUE,407,06357,00014,40.74777,-73.83189,QUEENS
4488569,134-36 GAR 57 AVENUE,407,06361,00018,40.7469,-73.82978,QUEENS
4489346,160-24 GAR 77 ROAD,408,06839,00017,40.72315,-73.80703,QUEENS
4489499,166-01 GAR 65 AVENUE,408,06894,00009,40.73691,-73.80265,QUEENS
4489579,168-07 GAR 67 AVENUE,408,06909,00006,40.73503,-73.80075,QUEENS
4489706,67-40 GAR 173 STREET,408,06926,00056,40.73349,-73.797,QUEENS
4490195,61-28 GAR 184 STREET,408,07072,00020,40.73875,-73.79003,QUEENS
4490645,80-69 GAR TRYON PLACE,408,07234,00015,40.72415,-73.78886,QUEENS
4490777,186-28 GAR MIDLAND PARKWAY,408,07263,00021,40.7243,-73.77974,QUEENS
4491593,69-32 GAR CLOVERDALE BOULEVARD,411,07685,00020,40.74401,-73.74852,Queens
4491667,85-51 GAR 211 STREET,411,07815,00047,40.7283,-73.75711,Queens
4492376,57-11 GAR 255 STREET,411,08345,00027,40.76283,-73.72531,QUEENS
4493365,264-01GAR 82 AVENUE,413,08739,00006,40.74228,-73.70588,QUEENS
4496034,85-35 GAR 115 STREET,409,09223,00042,40.701,-73.83488,Queens
4498982,143-22 GAR 84 ROAD,408,09736,00130,40.71252,-73.81328,QUEENS
4499376,87-37 GAR 168 PLACE,408,09841,00009,40.71116,-73.7943,QUEENS
4499563,85-11 GAR HOMELAWN STREET,408,09881,00013,40.714,-73.79311,Queens
4500824,111-53GAR 176 STREET,412,10293,00025,40.69568,-73.77531,Queens
4503069,91-04GAR 215 STREET,413,10639,00023,40.72221,-73.74549,QUEENS
4505324,112-22 GAR 203 STREET,412,10978,00034,40.70266,-73.75318,QUEENS
4508690,129-20 GAR 131 STREET,410,11768,00099,40.67157,-73.80789,QUEENS
4509927,144-10 GAR SUTTER AVENUE,412,12068,00108,40.67208,-73.79436,Queens
4516388,155-29 GAR BROAD STREET,413,13911,00133,40.6378,-73.74603,QUEENS
4518725,51-09 2 STREET,402,00015,00044,40.74261,-73.9585,Queens
4522268,117-18 GAR 14 AVENUE,407,04052,00016,40.78584,-73.85017,Queens
4522332,18-11 GAR 126 STREET,407,04132,00015,40.78275,-73.84198,QUEENS
4522446,2-14 GAR PARSONS BOULEVARD,407,04438,00001,40.79581,-73.8271,QUEENS
4522753,154-36 GAR 20 AVENUE,407,04735,00023,40.78051,-73.8072,QUEENS
4522963,144-32 GAR NORTHERN BOULEVARD,407,05014,00018,40.76447,-73.82214,Queens
4523216,42-02 GAR 189 STREET,411,05364,00019,40.75901,-73.79248,QUEENS
4523252,42-21 REAR 159 STREET,407,05390,00018,40.76006,-73.80657,QUEENS
4523285,149-52 GAR BEECH AVENUE,407,05407,00028,40.75904,-73.81236,QUEENS
4523367,45-39 GAR 171 PLACE,407,05451,00014,40.75447,-73.79512,QUEENS
4528214,135-15REAR 218 STREET,413,13016,00016,40.67764,-73.75235,Queens
4528442,228-15 GAR MENTONE AVENUE,413,13192,00161,40.66761,-73.74711,QUEENS
4529175,12-13 BAY   25 STREET,414,15720,00067,40.60601,-73.76469,Queens
4531560,71-61 159 STREET,408,06797,00079,40.72865,-73.80991,Queens
4535697,3-06 BEACH   68 STREET,414,15915,00024,40.59138,-73.79671,Queens
4536320,11-08 154 STREET,407,04538,00070,40.79218,-73.80763,Queens
4536739,31-09 NEWTOWN AVENUE,401,00619,00019,40.76745,-73.92036,Queens
4536844,41 SEAVER WAY,481,01787,00020,40.75677,-73.84618,Queens
4537921,27-40 HOYT AVENUE,401,00839,00001,40.77098,-73.91941,QUEENS
4538071,34-42 LEAVITT STREET,407,04953,00001,40.7674,-73.82954,QUEENS
4538119,58-07 58 AVENUE,405,02676,00026,40.72106,-73.91165,QUEENS
4539105,137-21 CENTREVILLE STREET,410,11535,00129,40.67206,-73.83743,QUEENS
4539124,24-25 42 STREET,401,00688,00107,40.76782,-73.90926,Queens
4539741,199-02 UNION TURNPIKE,408,07290,00001,40.72819,-73.77251,QUEENS
4539937,44-71 23 STREET,402,00079,00030,40.74706,-73.94406,Queens
4539949,43-10 CRESCENT STREET,402,00435,00013,40.74868,-73.94286,Queens
4541667,24-14 37 AVENUE,401,00367,00023,40.75696,-73.93505,QUEENS
4541713,45-45 CENTER BOULEVARD,402,00021,00020,40.7479,-73.95586,QUEENS
4543367,68-29 GAR JAY AVENUE,405,02399,00026,40.72893,-73.89645,QUEENS
4543368,68-29 REAR JAY AVENUE,405,02399,00026,40.72893,-73.89645,QUEENS
4544162,73-18 GAR 137 STREET,408,06584,00017,40.7229,-73.82496,Queens
4544685,40-19 GAR 59 STREET,402,01331,00037,40.74474,-73.90556,Queens
4544848,56-61 REAR 59 STREET,405,02691,00001,40.72362,-73.90828,Queens
4545189,56-11 REAR REMSEN PLACE,405,02717,00003,40.7252,-73.90063,Queens
4545475,77-11 MAIN STREET,408,06668,00053,40.72114,-73.81854,QUEENS
4546156,158-33 GAR 75 AVENUE,408,06822,00009,40.72684,-73.80939,Queens
4546438,31-01 20 AVENUE,401,00850,00001,40.7849,-73.90514,Queens
4546655,15-40 23 STREET,401,00850,00001,40.7849,-73.90514,QUEENS
4546671,20-10 13 AVENUE,401,00850,00001,40.7849,-73.90514,Queens
4546739,15-31 28 STREET,401,00850,00001,40.7849,-73.90514,Queens
4547808,26-24 GAR 3 STREET,401,00914,00028,40.77583,-73.93418,QUEENS
4548387,80-01 METROPOLITAN AVENUE,405,03071,00001,40.71574,-73.8663,QUEENS
4548446,71-31 GAR 169 STREET,408,06957,00025,40.72961,-73.80031,QUEENS
4549373,77-32 GAR 168 STREET,408,07003,00019,40.72353,-73.80069,QUEENS
4549868,107-53 GAR 89 STREET,410,09152,00048,40.67671,-73.84785,Queens
4550725,189-14 GAR 44 AVENUE,411,05515,00011,40.7561,-73.79122,QUEENS
4551611,61-12GAR 184 STREET,408,07072,00012,40.73917,-73.79023,QUEENS
4552543,79-27 GAR 270 STREET,413,08707,00044,40.74783,-73.70211,Queens
4553038,175-32 GAR UNDERHILL AVENUE,411,05590,00032,40.74678,-73.79366,QUEENS
4554687,58-31 GAR 218 STREET,411,07469,00045,40.74914,-73.75985,QUEENS
4554730,85-35 GAR 252 STREET,413,08620,00012,40.73276,-73.71422,QUEENS
4555330,48-67 GAR 187 STREET,411,05623,00089,40.74699,-73.79032,Queens
4555817,50-15 GAR 188 STREET,411,05643,00001,40.74604,-73.7888,Queens
4556566,64-65 GAR CLOVERDALE BOULEVARD,411,07662,00054,40.74714,-73.74931,Queens
4557260,80-27 GAR 213 STREET,411,07787,00026,40.7331,-73.75739,QUEENS
4558373,41-25 GAR 249 STREET,411,08128,00023,40.77168,-73.74091,Queens
4560283,248-31 GAR THORNHILL AVENUE,411,08221,00161,40.76157,-73.73447,QUEENS
4560504,73-41 GAR 188 STREET,408,07176,00049,40.73204,-73.78217,QUEENS
4561727,32-12 GAR 155 STREET,407,04855,00026,40.76943,-73.80965,QUEENS
4562901,15-71 GAR 150 STREET,407,04682,00001,40.78495,-73.8134,Queens
4566457,70-28 GRAND CENTRAL PARKWAY,406,02248,00230,40.72377,-73.83781,Queens
4572092,145-79 GAR 183 STREET,413,13348,00063,40.66286,-73.76282,QUEENS
4572123,95-24GAR 147 PLACE,412,10027,00016,40.69793,-73.80552,QUEENS
4572489,95-25 GAR LEFFERTS BOULEVARD,409,09455,00037,40.69172,-73.82649,QUEENS
4573196,50-11 GAR KISSENA BOULEVARD,407,05223,00043,40.74763,-73.81538,Queens
4573479,143-18 GAR 84 ROAD,408,09736,00127,40.71254,-73.81346,QUEENS
4574819,130-15GAR 116 AVENUE,410,11673,00035,40.6782,-73.80932,Queens
4575553,115-45 GAR 124 STREET,410,11668,00044,40.67709,-73.81434,Queens
4576595,92-10 GAR 104 STREET,409,09309,00015,40.69128,-73.84184,Queens
4577862,111-52 GAR 132 STREET,410,11635,00029,40.68212,-73.81026,QUEENS
4581343,143-20 GAR 84 ROAD,408,09736,00128,40.71264,-73.8134,QUEENS
4581964,94-28 GAR 121 STREET,409,09438,00016,40.69369,-73.82583,Queens
4582235,145-02GAR 109 AVENUE,412,11940,00151,40.68911,-73.80163,Queens
4582363,163-29 GAR 23 AVENUE,407,05758,00055,40.77692,-73.79946,QUEENS
4586079,207-04 GAR 104 AVENUE,413,10914,00001,40.71035,-73.7513,QUEENS
4586157,130-21 GAR 147 STREET,412,12110,00025,40.66952,-73.79146,Queens
4586158,130-21 REA 147 STREET,412,12110,00025,40.66952,-73.79146,Queens
4588296,184-51 GAR HOVENDEN ROAD,408,09967,00046,40.72009,-73.77894,Queens
4592137,71-38 GAR HARROW STREET,406,03246,00024,40.71455,-73.84673,QUEENS
4595042,43-09 108 STREET,404,01999,00069,40.74848,-73.85726,Queens
4595997,305 CROSS BAY BLVD.,414,15304,00450,40.61339,-73.82091,QUEENS
4596127,27-21 44 DRIVE,402,00268,07501,40.74663,-73.94153,Queens
4596132,86-12 157 AVENUE,410,13966,00065,40.66142,-73.84661,QUEENS
4597014,102-24 DUNTON COURT,410,14240,01312,40.65438,-73.82935,Queens
4597654,85-31 GAR 239 STREET,413,07958,00014,40.73259,-73.7261,QUEENS
4600468,25-01 GAR 37 STREET,401,00653,00035,40.76851,-73.91311,QUEENS
4601616,56-12 GAR 138 STREET,407,05132,00040,40.74802,-73.82726,Queens
4602743,43-20 GAR 165 STREET,407,05422,00052,40.75792,-73.80177,QUEENS
4604770,126-17 34 AVENUE,407,01820,00034,40.76022,-73.84483,QUEENS
4604771,126-17 GAR 34 AVENUE,407,01820,00034,40.76022,-73.84483,QUEENS
4605052,42-22 GAR 247 STREET,411,08116,00094,40.76969,-73.74223,QUEENS
4607302,110-12 101 AVENUE,409,09428,00005,40.68772,-73.83294,QUEENS
4607475,45-57 UNION STREET,407,05201,00021,40.75197,-73.81811,QUEENS
4607878,141 BEACH   67 STREET,414,15939,00105,40.58842,-73.79625,Queens
4610396,120-15 31 AVENUE,407,04346,00075,40.77048,-73.84824,Queens
4610766,2 BAY CLUB DRIVE,407,05893,07501,40.77841,-73.78105,QUEENS
4614871,145-17 GLASSBORO AVENUE,412,11941,00275,40.68874,-73.80025,Queens
4614903,43-21 64 STREET,402,01341,00077,40.7415,-73.90094,QUEENS
4614966,131-02 40 ROAD,407,05066,00151,40.7555,-73.83694,QUEENS
4615258,210 BEACH   28 STREET,414,15803,00020,40.59564,-73.76091,Queens
4615264,224 BEACH   28 STREET,414,15803,00025,40.59564,-73.76091,Queens
4615829,193-19 CLOVER HILL ROAD,408,10509,00158,40.71883,-73.76936,QUEENS
4615833,191-49 FOOTHILL AVENUE,408,10509,00077,40.71761,-73.77003,Queens
4616337,8-29 ASTORIA BOULEVARD,401,00509,00018,40.77261,-73.93144,QUEENS
4616789,153-33 89 AVENUE,412,09762,00049,40.70579,-73.80247,Queens
4617121,119-05 LINDEN BOULEVARD,410,11624,00033,40.67909,-73.82023,QUEENS
4617193,24-51 49 STREET,401,01016,00009,40.76517,-73.90374,Queens
4617346,87-13 63 AVE,406,03108,00153,40.72487,-73.86888,QUEENS
4617734,25-62 97 STREET,403,01370,00039,40.7628,-73.87268,QUEENS
4617767,8835 163 STREET,412,09813,00011,40.70777,-73.79845,Queens
4617811,174-25 59TH AVE,411,06882,00001,40.74088,-73.79506,QUEENS
4618262,33-73 154TH STREET,407,05239,00009,40.76645,-73.81043,QUEENS
4618293,23-25 ASTORIA BLVD,401,00872,00007,40.77184,-73.92333,QUEENS
4618307,1-55 54 AVENUE,402,00006,00160,40.74093,-73.96001,QUEENS
4618368,63-09 FLUSHING AVENUE,405,02713,00043,40.72253,-73.90198,Queens
4618450,118-08 JAMAICA AVENUE,409,09328,00003,40.69965,-73.83134,Queens
4618795,121-10 ROOSEVELT AVENUE,481,02018,00001,40.74726,-73.84333,Queens
4618849,43-16 24TH STREET,402,00436,00010,40.74897,-73.94347,QUEENS
4618918,94-04 115 ST,409,09400,00003,40.69274,-73.83154,QUEENS
4619371,62-11 FLUSHING AVENUE,405,02713,00027,40.72212,-73.90285,QUEENS
4619496,144-60 37 AVE,407,05015,00027,40.76392,-73.8208,QUEENS
4619739,10-32 47 AVENUE,402,00046,00039,40.74506,-73.9521,Queens
4619790,25-92 41 STREET,401,00684,00001,40.76714,-73.91126,QUEENS
4619943,213-25 26 AVENUE,407,05900,00002,40.77987,-73.77689,Queens
4620245,40-16 76 STREET,404,01486,00036,40.74643,-73.88972,Queens
4620472,142 OCEANSIDE AVENUE,414,16350,00400,40.55688,-73.92073,QUEENS
4620816,22-11 31 STREET,401,00833,00024,40.77541,-73.91094,QUEENS
4620845,170-21 84 AVENUE,408,09875,00001,40.71714,-73.79408,QUEENS
4620988,146-18 LIBERTY AVENUE,412,10052,00005,40.69493,-73.8054,QUEENS
4621105,151-32 19 AVENUE,407,04706,00059,40.78152,-73.81084,Queens
4622952,212-03 23 AVENUE,407,05865,00050,40.78226,-73.77841,QUEENS
4623020,145-35 ARLINGTON TERRACE,412,11938,00046,40.69048,-73.80194,Queens
4623044,18-15 COLLEGE POINT BOULEVARD,407,04128,00014,40.7827,-73.8456,QUEENS
4623194,3131 30 STREET,401,00589,00028,40.76374,-73.92474,QUEENS
4623204,22-44 97 STREET,403,01073,00026,40.76932,-73.87385,Queens
4623212,48-53 38 STREET,402,00231,00010,40.7388,-73.92785,QUEENS
4623237,312A BEACH 54TH STREET,414,15890,00018,40.59309,-73.78407,QUEENS
4623263,23-60 31 AVENUE,401,00569,00053,40.76562,-73.92682,QUEENS
4623319,115-24 117 STREET,410,11709,00047,40.67575,-73.82151,QUEENS
4623369,25-81 31 STREET,401,00620,00003,40.76844,-73.9194,QUEENS
4623375,54-24 METROPOLITAN AVE,405,03362,00021,40.71286,-73.9099,QUEENS
4623555,195-15 73RD AVENUE,408,07117,00421,40.73598,-73.77758,QUEENS
4623577,149-43 GAR HAWTREE STREET,410,11562,00185,40.67027,-73.83539,QUEENS
4623580,149-53 GAR HAWTREE STREET,410,11562,00170,40.66979,-73.83517,QUEENS
4623583,150-15 GAR HAWTREE STREET,410,11562,00157,40.66828,-73.83474,Queens
4623616,143-16 135 AVENUE,412,12099,00034,40.668,-73.79559,QUEENS
4623707,350 BEACH 79 STREET,414,16100,00018,40.59128,-73.80551,QUEENS
4623872,28-45 GAR BELL BOULEVARD,411,06014,00003,40.77624,-73.77537,QUEENS
4623946,145-14 GLASSBORO AVENUE,412,11942,00302,40.68838,-73.79968,QUEENS
4623969,23-14 45 AVENUE,402,00080,00009,40.74662,-73.94492,QUEENS
4624039,205-10 CROSS ISLAND PARKWAY,407,05840,00100,40.78238,-73.7888,Queens
4624057,39-03 COLLEGE POINT BOULEVARD,407,04973,00006,40.75883,-73.83412,Queens
4624093,135-58 CENTREVILLE STREET,410,11518,00026,40.67321,-73.83769,QUEENS
4624112,247-19 40 AVENUE,411,08162,00515,40.77248,-73.74355,QUEENS
4624114,73-24 PARK DRIVE EAST,408,02280,01575,40.72347,-73.82748,QUEENS
4624214,6014 BEACH CHANNEL DRIVE,414,16013,00001,40.59397,-73.79027,QUEENS
4624223,13-03 125 STREET,407,04001,00022,40.78654,-73.84267,Queens
4624256,165-15 88 AVENUE,412,09816,00039,40.70905,-73.79664,Queens
4624274,38-26 28 STREET,401,00386,00023,40.75455,-73.93504,Queens
4624278,130-17 ROCKAWAY BOULEVARD,410,11694,00027,40.67538,-73.80806,QUEENS
4624303,101-24 LEFFERTS BOULEVARD,409,09486,00015,40.68921,-73.82596,QUEENS
4624315,42-78 65 PLACE,402,01342,00036,40.74136,-73.89972,QUEENS
4624330,30-05 QUEENS BOULEVARD,401,00239,00006,40.74877,-73.93666,Queens
4624331,78-29 AUSTIN STREET,406,03345,07501,40.71386,-73.83351,Queens
4624345,12-60 BRUNSWICK AVENUE,414,15529,00134,40.60933,-73.74966,Queens
4624350,24-27 42 STREET,401,00688,00007,40.76777,-73.90931,Queens
4624384,136-15 38 AVENUE,407,04978,00076,40.76116,-73.83027,QUEENS
4624392,133-09 37 AVENUE,407,04970,00001,40.7607,-73.83464,Queens
4624399,72-38 66 DRIVE,405,03057,00072,40.71336,-73.88078,Queens
4624423,42-06 ORCHARD STREET,402,00265,00013,40.74798,-73.9392,Queens
4624437,31-45 20 AVENUE,401,00850,00310,40.78686,-73.90034,Queens
4624455,88-40 179 PLACE,412,09914,00001,40.7112,-73.78331,Queens
4624460,145-56 GAR 19 AVENUE,407,04630,00132,40.78255,-73.82115,Queens
4624461,145-58 19 AVENUE,407,04630,00032,40.7822,-73.81948,QUEENS
4624468,121-16 LONG STREET,412,12251,00044,40.6788,-73.78212,QUEENS
4624485,107-01 WREN PLACE,412,10250,00001,40.70084,-73.78184,QUEENS
4624486,105 DUANE ROAD,407,05917,00001,40.79242,-73.77675,QUEENS
4624490,138-32 NORTHERN BOULEVARD,407,05010,07506,40.76366,-73.82704,QUEENS
4624493,126-55 39 AVENUE,407,01833,00130,40.75673,-73.84135,Queens
4624494,126-43 39 AVENUE,407,01833,00130,40.75661,-73.84139,Queens
4624495,57-62 75 STREET,405,02813,00079,40.72689,-73.88635,Queens
4624501,87-79 MERRICK BOULEVARD,412,09818,00053,40.70913,-73.79578,Queens
4624503,64-34 175 STREET,408,06903,00001,40.73719,-73.7945,Queens
4624511,217 BEACH   17 STREET,414,15634,00094,40.59629,-73.75211,Queens
4624512,215 BEACH   17 STREET,414,15634,00094,40.59629,-73.75211,Queens
4624517,32-22 110 STREET,403,01703,00103,40.75945,-73.86053,QUEENS
4624540,38-02 126 LANE,407,01833,00140,40.75703,-73.84189,Queens
4624541,154-05 POWELLS COVE BOULEVARD,407,04531,00398,40.79489,-73.80668,QUEENS
4624555,23-70 WATERS EDGE DRIVE,407,05958,00030,40.78149,-73.77307,QUEENS
4624563,13-04 NAMEOKE AVENUE,414,15535,00001,40.60684,-73.75048,Queens
4624568,26-50 211 STREET,411,05997,00041,40.77634,-73.77855,QUEENS
4624575,210-27 28 AVENUE,411,05997,00043,40.77634,-73.77855,Queens
4624629,38-16 CRESCENT STREET,401,00388,07501,40.7555,-73.93644,Queens
4624651,66-15 GAR CLINTON AVENUE,405,02396,00028,40.72615,-73.89813,QUEENS
4624663,145-21 GUY R BREWER BOULEVARD,413,13312,00075,40.6656,-73.76923,QUEENS
4624664,54-29 82 STREET,404,02906,00027,40.73069,-73.8821,Queens
4624700,366 BEACH   75 STREET,414,16079,00001,40.59188,-73.80286,Queens
4624701,22-29 90 STREET,403,01068,00003,40.76876,-73.87972,QUEENS
4624707,68-15 MAIN STREET,408,06533,00002,40.73295,-73.82461,Queens
4624720,167 BEACH  114 STREET,414,16187,00024,40.57929,-73.83513,QUEENS
4624729,38-27 126 STREET,407,01833,00117,40.75703,-73.84262,Queens
4624731,33-75 FARRINGTON STREET,407,04950,00001,40.76479,-73.83154,Queens
4624764,39-43 57 STREET,402,01228,00026,40.74683,-73.90653,Queens
4624777,28-03 36 STREET,401,00630,00017,40.76634,-73.91614,Queens
4624801,64-49 GAR 231 STREET,411,07666,00056,40.74944,-73.7467,Queens
4624807,3541 SHORE FRONT PARKWAY,414,15862,00001,40.59431,-73.76842,QUEENS
4624830,146-50 REEVES AVENUE,408,06507,00001,40.7374,-73.82374,Queens
4624845,119-03 LINDEN BOULEVARD,410,11624,00035,40.67904,-73.8204,QUEENS
4624846,130-55 123 STREET,410,11761,00007,40.67179,-73.81541,Queens
4624848,144-75 GAR 175 STREET,413,13287,00046,40.66532,-73.77371,QUEENS
4624851,54-27 GAR 82 STREET,404,02906,00028,40.73092,-73.88274,Queens
4624861,54-29 GAR 82 STREET,404,02906,00027,40.73092,-73.88274,Queens
4624869,120-44 GAR LINDEN AVENUE,412,12040,00123,40.6755,-73.7957,QUEENS
4624882,337 BEACH   52 STREET,414,15843,00025,40.59404,-73.78301,Queens
4624885,254-03 GAR 84 ROAD,413,08782,00051,40.73558,-73.71287,QUEENS
4624892,37-18 138 STREET,407,04978,00015,40.76169,-73.82959,Queens
4624897,61-11 166 STREET,408,06894,00027,40.73793,-73.80247,Queens
4624906,146-15 229 STREET,413,13463,00038,40.65955,-73.75172,Queens
4624909,55-77 43 STREET,402,02527,00002,40.72828,-73.92615,QUEENS
4624911,49-60GAR 175 PLACE,411,05591,00029,40.74504,-73.79356,Queens
4624921,99 OCEAN AVENUE,414,16350,00400,40.55688,-73.92073,Queens
4624922,97 OCEAN AVENUE,414,16350,00400,40.5588,-73.91659,QUEENS
4624923,87 OCEAN AVENUE,414,16350,00400,40.55688,-73.92073,Queens
4624945,3-18 125 STREET,407,03921,00048,40.79335,-73.84286,QUEENS
4624948,3-20 125 STREET,407,03921,00049,40.79328,-73.84289,QUEENS
4624954,114-44 158 STREET,412,12194,00045,40.68696,-73.78853,QUEENS
4624963,184-12 HILLSIDE AVENUE,412,09931,00029,40.71386,-73.77747,Queens
4624964,129-33 155 STREET,412,12261,00001,40.67407,-73.78275,Queens
4624975,80-52 SURREY PLACE,408,07228,00051,40.72537,-73.788,QUEENS
4624982,13-03 GAR 125 STREET,407,04001,00022,40.78651,-73.84294,Queens
4624983,13-07 125 STREET,407,04001,00021,40.78646,-73.84267,Queens
4624984,6-07 PARSONS BOULEVARD,407,04453,00003,40.79314,-73.82481,Queens
4624987,144-06 135 AVENUE,412,12099,00036,40.66754,-73.79577,Queens
4624999,126-87 WILLETS POINT BOULEVARD,407,01823,00012,40.75829,-73.84329,Queens
4625008,220-33 100 AVENUE,413,10785,00052,40.71553,-73.73214,Queens
4625009,140-28 31 DRIVE,407,04414,00027,40.76955,-73.82735,Queens
4625013,42-20 GAR 247 STREET,411,08116,00092,40.76979,-73.74229,QUEENS
4625019,32-03 HARPER STREET,407,01790,00001,40.76453,-73.84127,Queens
4625020,32-17 HARPER STREET,407,01790,00001,40.76453,-73.84127,QUEENS
4625021,32-21 HARPER STREET,407,01790,00001,40.76453,-73.84127,QUEENS
4625033,1020 BEACH   19 STREET,414,15560,00008,40.60279,-73.75158,Queens
4625035,18-20 128 STREET,407,04133,00088,40.78263,-73.84071,Queens
4625036,85-60 WICKLOW PLACE,408,09968,00033,40.72049,-73.77651,Queens
4625037,85-56 WICKLOW PLACE,408,09968,00032,40.72049,-73.77654,Queens
4625046,219-45 EDGEWOOD AVENUE,413,13062,00061,40.66931,-73.75478,QUEENS
4625047,219-47 EDGEWOOD AVENUE,413,13062,00060,40.66931,-73.75478,QUEENS
4625048,108-35GAR 169 PLACE,412,10180,00015,40.69708,-73.78531,Queens
4625056,37-04 34 STREET,401,00375,00020,40.75363,-73.92918,Queens
4625057,78-02 QUEENS BOULEVARD,404,02453,00042,40.7378,-73.88527,Queens
4625058,134-20 241 STREET,413,13204,00112,40.6732,-73.73331,QUEENS
4625059,134-22 241 STREET,413,13204,00114,40.67312,-73.73335,QUEENS
4625061,220-33 GAR 100 AVENUE,413,10785,00052,40.71525,-73.73279,Queens
4625062,150-27 117 STREET,410,11840,00018,40.66633,-73.82384,QUEENS
4625063,114-32 149 AVENUE,410,11815,00035,40.66925,-73.82578,QUEENS
4625065,18-18 128 STREET,407,04133,00087,40.78271,-73.84071,Queens
4625066,114-36 149 AVENUE,410,11815,00036,40.66923,-73.82565,QUEENS
4625068,209-07 38 AVENUE,411,06164,00034,40.76522,-73.77757,QUEENS
4625075,149-14 GAR 114 PLACE,410,11814,00044,40.66911,-73.82619,QUEENS
4625087,88-02 GETTYSBURG STREET,413,07972,00070,40.73015,-73.73109,QUEENS
4625092,219-47 GAR EDGEWOOD AVENUE,413,13062,00060,40.66938,-73.75565,QUEENS
4625093,219-45GAR EDGEWOOD AVENUE,413,13062,00061,40.66939,-73.75567,Queens
4625094,87-06 256 STREET,413,08823,00065,40.73064,-73.70998,Queens
4625104,70-16 110 STREET,406,02222,00034,40.72326,-73.84203,QUEENS
4625118,42-76 HUNTER STREET,402,00431,00006,40.74876,-73.94083,QUEENS
4625121,166-17 METCALF AVENUE,407,05569,00001,40.7475,-73.80133,QUEENS
4625124,58-25 HOFFMAN DRIVE,404,02857,00074,40.73342,-73.87169,Queens
4625131,177-06 WEXFORD TERRACE,408,09835,00023,40.71265,-73.78672,QUEENS
4625138,57-38 GAR MAZEAU STREET,405,02798,00137,40.72728,-73.89047,QUEENS
4625140,8-11 26 AVENUE,401,00906,00001,40.7758,-73.93067,QUEENS
4625147,41-25 68 STREET,402,01308,00012,40.74396,-73.89678,QUEENS
4625148,41-27 68 STREET,402,01308,00011,40.74394,-73.89677,QUEENS
4625159,119-12 GAR 83 AVENUE,409,03326,00037,40.70828,-73.8326,QUEENS
4625170,25-02 9 STREET,401,00906,00005,40.7762,-73.93046,Queens
4625181,24-53 49 STREET,401,01016,00008,40.76517,-73.90374,QUEENS
4625186,42-19 24 STREET,402,00424,00101,40.75045,-73.94153,Queens
4625189,58-18 83 PLACE,405,02911,00013,40.72845,-73.87808,QUEENS
4625190,264-25 76 AVENUE,413,08520,00002,40.75293,-73.70931,Queens
4625192,222-21 GAR FAIRBURY AVENUE,413,10748,00041,40.72396,-73.73355,QUEENS
4625193,121-04 149 AVENUE,410,11822,00033,40.66817,-73.8194,Queens
4625203,148-80 BROOKVILLE BOULEVARD,413,13737,00001,40.65309,-73.7468,QUEENS
4625204,148-84 BROOKVILLE BOULEVARD,413,13737,00064,40.65295,-73.74686,QUEENS
4625205,148-88 BROOKVILLE BOULEVARD,413,13737,00066,40.65285,-73.74688,Queens
4625206,2-29 50 AVENUE,402,00017,00001,40.74369,-73.9571,Queens
4625210,137-23 45 AVENUE,407,05145,00090,40.75161,-73.82289,Queens
4625211,76-16 113 STREET,406,02266,00099,40.71733,-73.83385,QUEENS
4625216,97-36 BRISBIN STREET,412,10012,00018,40.69516,-73.80865,Queens
4625217,163-25 ARCHER AVENUE,412,10151,00065,40.70402,-73.79542,Queens
4625220,162-04 29 AVENUE,407,04893,00031,40.77102,-73.80225,QUEENS
4625221,103-32 52 AVENUE,404,01943,00014,40.74207,-73.85698,QUEENS
4625222,67-12 215 STREET,411,07626,00011,40.74318,-73.76078,Queens
4625223,67-16 215 STREET,411,07626,00012,40.7431,-73.76075,QUEENS
4625225,109-05 PINEGROVE STREET,412,11934,00051,40.68878,-73.80251,Queens
4625229,25-40 30 DRIVE,401,00578,00038,40.766,-73.92467,Queens
4625239,128-36 GAR 148 STREET,412,12106,00051,40.67062,-73.79081,QUEENS
4625245,115-39GAR 158 STREET,412,12198,00051,40.68623,-73.78689,QUEENS
4625246,139-11GAR LINDEN BOULEVARD,412,11955,00088,40.68341,-73.80413,QUEENS
4625248,144-12 105 AVENUE,412,10044,00004,40.69213,-73.8075,QUEENS
4625249,144-14 105 AVENUE,412,10044,00005,40.69216,-73.8074,QUEENS
4625250,144-16 105 AVENUE,412,10044,00006,40.69221,-73.80734,QUEENS
4625254,67-12 GAR 215 STREET,411,07626,00011,40.74337,-73.76058,Queens
4625266,146-15GAR 229 STREET,413,13463,00038,40.65952,-73.75205,QUEENS
4625274,39-20 150 PLACE,407,05032,00033,40.7645,-73.81411,QUEENS
4625277,170-05 120 AVENUE,412,12370,00043,40.68329,-73.77483,Queens
4625284,145-64 230 STREET,413,13486,00075,40.65991,-73.75109,Queens
4625285,25-08 43 AVENUE,402,00434,00008,40.74854,-73.94217,Queens
4625287,145-21 226 STREET,413,13483,00012,40.6621,-73.7533,Queens
4625291,342 BEACH   46 STREET,414,15837,00020,40.59476,-73.77705,Queens
4625292,340 BEACH   46 STREET,414,15837,00019,40.59469,-73.77704,Queens
4625298,88-29GAR 184 STREET,412,09931,00013,40.71312,-73.77743,QUEENS
4625302,38-80 11 STREET,401,00474,00001,40.75687,-73.94376,Queens
4625305,69-12 GAR 53 AVENUE,405,02495,00027,40.73113,-73.89532,Queens
4625306,66-31 53 ROAD,405,02406,00042,40.73092,-73.898,Queens
4625315,58-32GAR 264 STREET,411,08395,00152,40.7621,-73.71917,Queens
4625319,87-87 168 PLACE,412,09822,00026,40.70997,-73.79341,QUEENS
4625320,11-50 45 ROAD,402,00054,00004,40.74638,-73.94825,Queens
4625329,121-09 GAR 195 STREET,412,12679,00050,40.68736,-73.75347,Queens
4625335,21-11 31 STREET,401,00831,00025,40.77752,-73.90854,Queens
4625336,69-12 53 AVENUE,405,02495,00027,40.73093,-73.8952,QUEENS
4625337,215-04 GAR 64 AVENUE,411,07616,00001,40.74576,-73.76152,QUEENS
4625344,108-25 DITMARS BOULEVARD,403,01657,00107,40.76366,-73.86177,QUEENS
4625350,55-19 98 STREET,404,01907,00015,40.73861,-73.86227,Queens
4625356,11-37 44 DRIVE,402,00447,00005,40.74852,-73.94807,Queens
4625358,106-06 DITMARS BOULEVARD,403,01665,00009,40.76538,-73.86416,Queens
4625364,162-09 77 ROAD,408,06849,00019,40.72373,-73.80582,Queens
4625365,162-11 77 ROAD,408,06849,00018,40.72373,-73.80582,Queens
4625370,58-36 76 STREET,405,02822,00131,40.72546,-73.88451,QUEENS
4625371,58-32 76 STREET,405,02822,00130,40.72554,-73.88454,QUEENS
4625382,6-08GAR 127 STREET,407,03953,00049,40.79134,-73.84084,Queens
4625383,46-73 54 ROAD,402,02545,00040,40.7308,-73.91964,Queens
4625387,145-21 GAR GLASSBORO AVENUE,412,11941,00274,40.6888,-73.80018,QUEENS
4625389,726 BAY   32 STREET,414,15744,00017,40.59938,-73.76603,QUEENS
4625402,83-32 GAR 266 STREET,413,08777,00074,40.73964,-73.70326,QUEENS
4625406,187-11 HOLLIS AVENUE,412,10815,00014,40.71035,-73.77055,QUEENS
4625410,210-29 26 AVENUE,407,05900,00020,40.77919,-73.77942,Queens
4625422,41-09 149 PLACE,407,05056,00014,40.76202,-73.81434,Queens
4625435,40-12 GAR 195 STREET,411,05359,00021,40.76084,-73.78738,Queens
4625441,139 BEACH   29 STREET,414,15821,00050,40.59326,-73.76192,Queens
4625442,137 BEACH   30 STREET,414,15822,00048,40.59295,-73.76276,Queens
4625460,147 BEACH   30 STREET,414,15822,00044,40.59334,-73.76283,Queens
4625488,118-11 LAKEVIEW BOULEVARD EAST,412,12239,00026,40.68245,-73.78463,Queens
4625493,97-29 REAR 134 ROAD,410,11499,00120,40.67502,-73.83893,Queens
4625496,94-20 132 STREET,409,09447,00033,40.69578,-73.81703,QUEENS
4625497,94-24 132 STREET,409,09447,00034,40.69578,-73.81703,QUEENS
4625499,86-53 GRAND AVENUE,404,02477,00026,40.73645,-73.87885,Queens
4625502,259-70 148 AVENUE,413,13687,00080,40.65477,-73.72705,QUEENS
4625510,210-33 28 AVENUE,411,05997,00042,40.77634,-73.77855,Queens
4625511,114-02 GAR 159 STREET,412,12195,00012,40.68802,-73.78843,QUEENS
4625516,43-09 52 STREET,402,01321,00019,40.74378,-73.91229,Queens
4625519,122-21 14 AVENUE,407,03997,00001,40.78559,-73.84527,Queens
4625520,131-21 140 STREET,412,12076,00213,40.67008,-73.7986,Queens
4625525,17-06 REDFERN AVENUE,414,15527,00024,40.60677,-73.75332,Queens
4625526,48-57 58 PLACE,402,02327,00071,40.73702,-73.90795,QUEENS
4625527,48-59 58 PLACE,402,02327,00070,40.73697,-73.90795,QUEENS
4625528,48-61 58 PLACE,402,02327,00068,40.73689,-73.90797,QUEENS
4625529,259-66 148 AVENUE,413,13687,00078,40.65477,-73.72718,Queens
4625530,219-03 113 AVENUE,413,11216,00070,40.70429,-73.73788,Queens
4625531,106-42 LIVERPOOL STREET,412,10082,00019,40.69263,-73.8036,Queens
4625535,175-02 UNION TURNPIKE,408,07021,00001,40.72186,-73.79458,Queens
4625536,11-23 MALBA DRIVE,407,04444,00121,40.78844,-73.82449,Queens
4625540,45-07 108 STREET,404,02001,00092,40.74771,-73.85686,Queens
4625541,45-09 108 STREET,404,02001,00091,40.74765,-73.85683,Queens
4625547,12-07 CAFFREY AVENUE,414,15585,00016,40.60083,-73.7457,Queens
4625549,179-25 BRINKERHOFF AVENUE,412,10336,00080,40.69931,-73.77515,QUEENS
4625551,149-13 20 AVENUE,407,04669,00009,40.78167,-73.81631,Queens
4625552,134-18 245 STREET,413,13215,00037,40.67173,-73.73019,Queens
4625555,445 BEACH   45 STREET,414,15968,00089,40.59694,-73.77696,Queens
4625556,508 BEACH   45 STREET,414,15966,00030,40.5983,-73.77661,Queens
4625559,45-11 108 STREET,404,02001,00090,40.74765,-73.85683,Queens
4625574,210-27 26 AVENUE,407,05900,00020,40.77919,-73.77942,Queens
4625577,102-22 DUNTON COURT,410,14240,01311,40.65438,-73.82935,Queens
4625583,91-02 196 STREET,412,10460,00043,40.71431,-73.76466,QUEENS
4625586,13-28 133 PLACE,407,04012,00033,40.78666,-73.83489,QUEENS
4625587,117-77 142 STREET,412,12014,00054,40.67651,-73.79901,Queens
4625590,78-03 160 STREET,408,06840,00009,40.72247,-73.80759,Queens
4625591,78-05 160 STREET,408,06840,00008,40.72239,-73.80758,Queens
4625595,166-12 GAR 27 AVENUE,407,04918,00005,40.7723,-73.79836,QUEENS
4625599,206-15 45 DRIVE,411,07306,00061,40.75728,-73.77579,QUEENS
4625600,206-15 GAR 45 DRIVE,411,07306,00061,40.75728,-73.77579,Queens
4625602,66-15 GAR MARATHON PARKWAY,411,08380,00240,40.75323,-73.72675,Queens
4625603,154-09 ASH AVENUE,407,05384,00072,40.76065,-73.81148,QUEENS
4625604,154-13 ASH AVENUE,407,05384,00070,40.76065,-73.81148,QUEENS
4625606,147-15 22 AVENUE,407,04656,00013,40.7795,-73.81865,Queens
4625609,77-02GAR PITKIN AVENUE,410,09136,00156,40.67673,-73.85968,QUEENS
4625612,151-17 GAR 32 AVENUE,407,04836,00004,40.77014,-73.81287,QUEENS
4625615,53-59 63 STREET,405,02373,00230,40.72984,-73.90183,Queens
4625616,149-39 20 AVENUE,407,04669,00019,40.7816,-73.81541,QUEENS
4625619,153-10 HILLSIDE AVENUE,412,09763,00013,40.70694,-73.80386,Queens
4625623,130-51 123 STREET,410,11761,00008,40.67179,-73.81541,Queens
4625624,39-19 212 STREET,411,06236,00070,40.76429,-73.77303,QUEENS
4625628,43-43 189 STREET,411,05514,00003,40.75652,-73.79155,Queens
4625630,1825 CORNAGA AVENUE,414,15563,00012,40.60215,-73.7505,Queens
4625639,322 BEACH   32 STREET,414,15796,00043,40.59638,-73.7645,Queens
4625641,39-15 212 STREET,411,06236,00071,40.76437,-73.77307,QUEENS
4625651,90-26 182 STREET,412,09899,00089,40.71076,-73.77973,Queens
4625652,399 A BAYSIDE AVENUE,414,16350,00300,40.56165,-73.91818,QUEENS
4625660,103-52 102 STREET,410,09505,00027,40.68231,-73.83937,Queens
4625662,123-26 135 STREET,410,11758,00060,40.67372,-73.80388,QUEENS
4625663,227-15 GAR 67 AVENUE,411,07662,00039,40.74681,-73.74924,QUEENS
4625664,34-16 38 STREET,401,00645,00038,40.75668,-73.92229,Queens
4625670,160-26 77 ROAD,408,06839,00018,40.72329,-73.80775,Queens
4625671,160-28 77 ROAD,408,06839,00019,40.72317,-73.80688,Queens
4625672,110-49 FARMERS BOULEVARD,412,10949,00081,40.70208,-73.76582,QUEENS
4625685,206-17 GAR 45 DRIVE,411,07306,00060,40.75731,-73.7757,Queens
4625695,94-20 GAR 132 STREET,409,09447,00033,40.69605,-73.81689,QUEENS
4625696,94-24 GAR 132 STREET,409,09447,00034,40.69603,-73.81687,QUEENS
4625699,107-35 132 STREET,410,09612,00063,40.68654,-73.81176,QUEENS
4625703,133-20 41 AVENUE,407,05041,00008,40.75724,-73.83111,Queens
4625704,33-74 GAR 169 STREET,407,05253,00084,40.76695,-73.79649,QUEENS
4625708,17-06 149 STREET,407,04650,00026,40.78411,-73.8169,Queens
4625714,46-36 GAR 206 STREET,411,07317,00032,40.75537,-73.77564,QUEENS
4625716,131-15 233 STREET,413,12944,00033,40.67792,-73.73504,QUEENS
4625718,206-17 45 DRIVE,411,07306,00060,40.75731,-73.7757,Queens
4625719,161-13 129 AVENUE,412,12270,00053,40.67642,-73.77968,Queens
4625720,22-46 97 STREET,403,01073,00027,40.76932,-73.87385,Queens
4625721,22-42 97 STREET,403,01073,00025,40.76932,-73.87385,Queens
4625722,23-07 43 AVENUE,402,00428,00001,40.74977,-73.94306,Queens
4625723,153-25 110 ROAD,412,12156,00044,40.69009,-73.79472,Queens
4625733,25105 CULLMAN AVENUE,411,08373,00040,40.75428,-73.72588,Queens
4625735,119-40 195 STREET,412,12650,00026,40.68924,-73.75519,Queens
4625736,40-02 126 STREET,481,02018,01500,40.754,-73.84563,Queens
4625737,144-15 GAR 226 STREET,413,13496,00127,40.66399,-73.7523,QUEENS
4625738,30-17 12 STREET,401,00515,00019,40.771,-73.93131,Queens
4625740,219-03 GAR 113 AVENUE,413,11216,00070,40.70408,-73.73782,Queens
4625746,35-16 126 STREET,481,01787,00020,40.75677,-73.84618,Queens
4625747,332 BEACH   52 STREET,414,15843,00095,40.59415,-73.78224,Queens
4625763,307 BEACH   67 STREET,414,15915,00073,40.59143,-73.79635,Queens
4625764,107-13 155 STREET,412,10134,00018,40.69538,-73.79788,Queens
4625766,35-10 STEINWAY STREET,401,00668,00006,40.75456,-73.92315,Queens
4625771,40-19 219 STREET,411,06313,00031,40.76504,-73.76373,Queens
4625780,144-13 243 STREET,413,13569,00030,40.65985,-73.73936,QUEENS
4625781,34-27 109 STREET,403,01753,00111,40.7561,-73.85955,Queens
4625783,85-91 67 AVENUE,406,03144,00002,40.71832,-73.85921,Queens
4625787,85-93 67 AVENUE,406,03144,00001,40.71832,-73.85921,Queens
4625791,123-24 135 STREET,410,11758,00059,40.67378,-73.80388,QUEENS
4625792,174-28 128 AVENUE,412,12524,00037,40.68016,-73.76829,Queens
4625793,85-89 67 AVENUE,406,03144,00003,40.71832,-73.85921,Queens
4625794,3237 FAR ROCKAWAY BOULEVARD,414,15950,00029,40.59726,-73.76609,Queens
4625795,3217 FAR ROCKAWAY BOULEVARD,414,15950,00031,40.59726,-73.76609,Queens
4625796,3227 FAR ROCKAWAY BOULEVARD,414,15950,00030,40.59726,-73.76609,Queens
4625798,94-11 148 STREET,412,10000,00043,40.69925,-73.80485,Queens
4625799,45-11 23 STREET,402,00080,00004,40.74643,-73.94503,Queens
4625804,22-53 46 STREET,401,00768,00015,40.76907,-73.90362,Queens
4625807,164-31 76 ROAD,408,06968,00007,40.72546,-73.8035,Queens
4625808,164-35 76 ROAD,408,06968,00003,40.72546,-73.8035,Queens
4625809,33-55 210 STREET,411,06107,00047,40.77008,-73.77784,Queens
4625812,33-53 210 STREET,411,06107,00047,40.76993,-73.77745,QUEENS
4625816,24-22 82 STREET,403,01045,00015,40.7642,-73.88723,Queens
4625829,95-20 GAR 80 STREET,409,09007,00014,40.68329,-73.8601,Queens
4625834,220-05 GAR 138 ROAD,413,13134,00136,40.67292,-73.75153,QUEENS
4625835,142-03 109 AVENUE,412,10070,00154,40.68811,-73.80507,QUEENS
4625838,144-13 232 STREET,413,13538,00003,40.6594,-73.74597,Queens
4625839,94-30 ALBERT ROAD,410,11545,00035,40.66993,-73.84056,Queens
4625840,45-42 AUBURNDALE LANE,407,05451,00114,40.75444,-73.79485,QUEENS
4625843,219-16GAR 141 AVENUE,413,13145,00019,40.67096,-73.75446,Queens
4625856,145-16 232 STREET,413,13489,00092,40.66009,-73.74776,Queens
4625857,163-02 BAISLEY BOULEVARD,412,12495,00002,40.67614,-73.77309,Queens
4625862,64-19 GAR MARATHON PARKWAY,411,08372,00044,40.75447,-73.72775,QUEENS
4625863,119-40 GAR 195 STREET,412,12650,00026,40.68924,-73.75519,QUEENS
4625866,166-40 GAR 21 AVENUE,407,05760,00024,40.77851,-73.79726,QUEENS
4625872,172-49 127 AVENUE,412,12518,00045,40.68087,-73.76989,QUEENS
4625888,177-34 145 AVENUE,413,13294,00004,40.6655,-73.77027,QUEENS
4625890,41-41 24 STREET,401,00414,00012,40.75152,-73.94055,QUEENS
4625900,81-12 GAR 264 STREET,413,08738,00040,40.74334,-73.70659,Queens
4625903,94-09 148 STREET,412,10000,00001,40.6995,-73.805,Queens
4625916,69-25 CALDWELL AVENUE,405,02794,00052,40.7238,-73.89338,Queens
4625917,173-03GAR 137 AVENUE,412,12568,00009,40.67302,-73.76768,QUEENS
4625921,211-04 46 ROAD,411,07325,00006,40.7568,-73.77025,Queens
4625926,2-23 GAR 150 STREET,407,04506,00002,40.79887,-73.81878,QUEENS
4625927,145-18 232 STREET,413,13489,00093,40.66009,-73.74776,Queens
4625928,58-33 WALDRON STREET,404,01966,00057,40.7391,-73.85159,Queens
4625944,47-14 SMART STREET,407,05219,00010,40.75074,-73.81411,Queens
4625949,143-32 GAR OAK AVENUE,407,05228,00016,40.74986,-73.81248,QUEENS
4625955,132-09 GAR 114 STREET,410,11720,00031,40.67479,-73.82536,Queens
4625960,80-01 METROPOLITAN AVENUE,405,03071,00001,40.7133,-73.87124,Queens
4625961,197-18 HILLSIDE AVENUE,412,10472,00007,40.71838,-73.7646,Queens
4625969,139-12 GAR 111 AVENUE,412,11955,00027,40.68514,-73.80497,QUEENS
4625990,131-43 233 STREET,413,12944,00018,40.6774,-73.7356,Queens
4625991,49-19 GAR 169 STREET,407,05573,00030,40.74847,-73.79899,Queens
4625993,47-67 195 STREET,411,05614,00005,40.75119,-73.78552,Queens
4625997,20-06 154 STREET,407,04707,00038,40.78064,-73.80884,Queens
4625999,20-04 154 STREET,407,04707,00039,40.78068,-73.80883,Queens
4626000,20-02 154 STREET,407,04707,00040,40.78072,-73.80883,Queens
4626009,145-19 GUY R BREWER BOULEVARD,413,13312,00076,40.66564,-73.76931,QUEENS
4626035,262-14 GAR 59 AVENUE,411,08395,00022,40.76108,-73.72051,Queens
4626036,35-53 41 STREET,401,00670,00004,40.75368,-73.92187,Queens
4626046,30-24 32 STREET,401,00615,00046,40.76571,-73.92126,Queens
4626077,688 WOODWARD AVENUE,405,03468,00049,40.7048,-73.90597,QUEENS
4626110,256-15 87 ROAD,413,08824,00001,40.72964,-73.70838,QUEENS
4626129,161-11 129 AVENUE,412,12270,00153,40.67664,-73.77981,Queens
4626142,87-79 111 STREET,409,09301,00095,40.69488,-73.83583,Queens
4626143,25-08 ERICSSON STREET,403,01653,00029,40.76531,-73.86747,Queens
4626153,338 BEACH 46 STREET,414,15837,00018,40.59462,-73.77703,Queens
4626155,103-50 102 STREET,410,09505,00026,40.68239,-73.83941,Queens
4626158,37-16 UNION STREET,407,04978,00046,40.76178,-73.82756,QUEENS
4626172,147-13 22 AVENUE,407,04656,00113,40.7795,-73.81865,Queens
4626173,149-11 20 AVENUE,407,04669,00008,40.78167,-73.81631,Queens
4801909,4-34 26 AVENUE,401,00909,00035,40.77545,-73.93158,Queens
4802752,126-19 34 AVENUE,407,01820,00034,40.75993,-73.84483,QUEENS
4804845,10-39 49 AVENUE,402,00044,00017,40.74326,-73.953,Queens
4807573,186-01 80 DRIVE,408,07257,00058,40.72749,-73.78198,QUEENS
4809303,23-39 98 STREET,403,01092,00062,40.76736,-73.87198,QUEENS
4811592,131-16 134 STREET,410,11778,00087,40.66998,-73.80487,Queens
4831375,53-06 ROCKAWAY BEACH BOULEVARD,414,15890,00013,40.59285,-73.78374,Queens
4833056,116-13 SUTPHIN BOULEVARD,412,12201,00004,40.68222,-73.79228,QUEENS
4834394,242-22 61 AVENUE,411,08286,00186,40.75558,-73.73812,QUEENS
4846998,37-28 CRESCENT STREET,401,00367,00033,40.75641,-73.93558,Queens
4850998,132-14 LIBERTY AVENUE,410,09592,00112,40.69067,-73.8135,Queens
4853311,49-18 VERNON BOULEVARD,402,00032,00001,40.74294,-73.95437,QUEENS
4855669,133-45 39 AVENUE,407,04972,00059,40.75912,-73.83414,Queens
4858184,39-14 114 STREET,403,01786,00027,40.75283,-73.85302,Queens
4860502,1735 HARMAN STREET,405,03432,00047,40.70564,-73.91348,Queens
4860681,339 BEACH   65 STREET,414,15910,00053,40.59254,-73.79444,Queens
4863615,135-26 223 STREET,413,13117,00061,40.67589,-73.74793,Queens
4863848,71-12 PARK AVENUE,408,06797,00030,40.72928,-73.81035,Queens
4863909,198-20 47 AVENUE,411,05618,00046,40.75292,-73.78153,QUEENS
4864171,92-12 101 AVENUE,409,09099,00005,40.68345,-73.84795,QUEENS
5000016,561 RICHMOND TERRACE,501,00004,00021,40.64587,-74.09307,STATEN ISLAND
5000206,422 ST MARKS PLACE,501,00016,00117,40.63939,-74.07764,Staten Island
5000209,430 ST MARKS PLACE,501,00016,00120,40.63915,-74.07758,Staten Island
5001338,203 FRANKLIN AVENUE,501,00056,00009,40.64043,-74.091,STATEN ISLAND
5001626,63 LAFAYETTE AVENUE,501,00066,00129,40.64323,-74.09531,Staten Island
5001838,177 TYSEN STREET,501,00074,00009,40.64087,-74.099,STATEN ISLAND
5002227,445 CASTLETON AVENUE,501,00100,00100,40.63453,-74.09799,STATEN ISLAND
5004772,412 DELAFIELD AVENUE,501,00166,00017,40.63108,-74.11208,Staten Island
5004854,14 DOE PLACE,501,00175,00045,40.63644,-74.11544,Staten Island
5004877,221 BROADWAY,501,00176,00010,40.6365,-74.11686,Staten Island
5005272,157 TAYLOR STREET,501,00198,00011,40.63497,-74.1228,STATEN ISLAND
5005521,477 CARY AVENUE,501,00207,00008,40.63276,-74.11793,Staten Island
5005524,25 WEST STREET,501,00207,00023,40.63358,-74.11806,Staten Island
5005724,268 CLOVE ROAD,501,00215,00041,40.63352,-74.12618,STATEN ISLAND
5006175,780 POST AVENUE,501,00227,00024,40.63056,-74.12689,Staten Island
5007408,26 BAKER PLACE,501,00275,00171,40.62957,-74.10661,Staten Island
5008929,25 POTTER AVENUE,501,00326,00112,40.61757,-74.11563,Staten Island
5009266,289 POTTER AVENUE,501,00341,00037,40.61694,-74.12292,STATEN ISLAND
5009319,242 SLOSSON AVENUE,501,00344,00025,40.61475,-74.1173,STATEN ISLAND
5009922,131 BENEDICT AVENUE,501,00356,00410,40.62319,-74.12673,Staten Island
5010315,63 GOODWIN AVENUE,501,00368,00012,40.61672,-74.12599,Staten Island
5010425,305 SOUTH GREENLEAF AVENUE,501,00370,00017,40.6163,-74.12479,Staten Island
5010780,166 CONSTANT AVENUE,501,00376,00250,40.6189,-74.12943,Staten Island
5011413,42 SHAW PLACE,501,00391,00510,40.6222,-74.1331,STATEN ISLAND
5011871,832 JEWETT AVENUE,501,00427,00030,40.61624,-74.13148,Staten Island
5011938,221 ST JOHN AVENUE,501,00432,00001,40.61797,-74.13468,Staten Island
5012234,305 LIVERMORE AVENUE,501,00455,00010,40.61659,-74.13866,Staten Island
5012374,15 IOWA PLACE,501,00460,00009,40.61435,-74.13561,Staten Island
5012492,19 O'CONNOR AVENUE,501,00463,00139,40.61333,-74.13775,STATEN ISLAND
5013315,74 SWAN STREET,501,00504,00047,40.63458,-74.07784,STATEN ISLAND
5015844,301 HOWARD AVENUE,501,00615,00021,40.62267,-74.08814,STATEN ISLAND
5015913,34 CEDARCLIFF ROAD,501,00618,00077,40.61693,-74.08884,STATEN ISLAND
5016042,28 PLEASANT VALLEY AVENUE,501,00622,00093,40.61561,-74.08882,STATEN ISLAND
5016105,14 LONGVIEW ROAD,501,00626,00020,40.61164,-74.08888,Staten Island
5016143,28 INWOOD ROAD,501,00629,00125,40.61251,-74.09425,STATEN ISLAND
5016155,26 WETMORE ROAD,501,00630,00050,40.61135,-74.09145,STATEN ISLAND
5016636,81 ONEIDA AVENUE,501,00661,00042,40.61147,-74.09946,Staten Island
5017113,61 COVERLY AVENUE,502,00684,00148,40.60448,-74.1029,Staten Island
5017158,399 OCEAN TERRACE,502,00687,00049,40.60449,-74.10666,Staten Island
5017171,283 OCEAN TERRACE,502,00688,00010,40.60409,-74.11095,Staten Island
5017325,117 MELHORN ROAD,502,00690,00380,40.60931,-74.11404,Staten Island
5017516,111 CROAK AVENUE,502,00696,00246,40.60346,-74.11678,STATEN ISLAND
5017901,62 TODT HILL ROAD,501,00707,00077,40.61163,-74.11921,Staten Island
5017967,1774 VICTORY BOULEVARD,501,00709,00028,40.61284,-74.1228,Staten Island
5018023,105 GOWER STREET,501,00712,00085,40.61029,-74.12376,Staten Island
5018268,54 QUINLAN AVENUE,501,00722,00044,40.611,-74.12932,STATEN ISLAND
5018920,441 PURDY AVENUE,501,00747,00030,40.60994,-74.14278,Staten Island
5019441,187 GANSEVOORT BOULEVARD,502,00760,00080,40.60774,-74.12686,Staten Island
5019516,167 HOLDEN BOULEVARD,502,00763,00103,40.60437,-74.12693,Staten Island
5019563,185 HOLDEN BOULEVARD,502,00763,00250,40.60436,-74.12757,STATEN ISLAND
5019603,191 WHEELER AVENUE,502,00765,00027,40.60726,-74.13052,Staten Island
5020741,107 BRIELLE AVENUE,502,00802,00018,40.59854,-74.12682,STATEN ISLAND
5020950,123 SUFFOLK AVENUE,502,00805,00101,40.60275,-74.12755,Staten Island
5020974,91 LIVINGSTON AVENUE,502,00808,00008,40.60345,-74.12852,Staten Island
5021185,348 BRADLEY AVENUE,502,00821,00026,40.60254,-74.13171,Staten Island
5021626,41 WITTEMAN PLACE,502,00837,00344,40.60947,-74.10201,STATEN ISLAND
5021865,22 MEADOW AVENUE,502,00846,00032,40.60276,-74.09389,STATEN ISLAND
5022113,50 HOLLY STREET,502,00850,00073,40.59997,-74.09506,STATEN ISLAND
5022617,41 DELAWARE STREET,502,00869,00818,40.59479,-74.10087,STATEN ISLAND
5022698,255 BENEDICT ROAD,502,00871,00158,40.59257,-74.10599,Staten Island
5022818,543 TODT HILL ROAD,502,00881,00023,40.59959,-74.11198,Staten Island
5023071,45 WINDY HOLLOW WAY,502,00896,00020,40.58647,-74.10935,STATEN ISLAND
5023212,18 PERU STREET,502,00918,00004,40.60118,-74.11983,STATEN ISLAND
5023393,74 ST STEPHENS PLACE,502,00942,00074,40.57659,-74.11974,Staten Island
5023702,2028 RICHMOND TERRACE,501,01003,00025,40.63997,-74.13088,STATEN ISLAND
5023723,93 PORT RICHMOND AVENUE,501,01005,00010,40.63864,-74.13259,Staten Island
5024003,195 PORT RICHMOND AVENUE,501,01024,00006,40.63634,-74.13417,STATEN ISLAND
5024549,115 DECKER AVENUE,501,01043,00029,40.62952,-74.13513,Staten Island
5024929,267 DECKER AVENUE,501,01053,00028,40.62676,-74.13858,STATEN ISLAND
5026160,11 MORNINGSTAR ROAD,501,01125,00065,40.63778,-74.14442,Staten Island
5026435,590 VILLA AVENUE,501,01141,00136,40.62619,-74.14504,Staten Island
5026675,92 HOUSMAN AVENUE,501,01158,00097,40.63503,-74.14883,Staten Island
5027056,351 LAKE AVENUE,501,01183,00120,40.62735,-74.1516,Staten Island
5027065,400 LAKE AVENUE,501,01183,00033,40.62608,-74.15249,STATEN ISLAND
5027282,194 VAN NAME AVENUE,501,01196,00088,40.63136,-74.15426,STATEN ISLAND
5027506,11 UNION AVENUE,501,01213,00069,40.63641,-74.15769,STATEN ISLAND
5027888,315 NETHERLAND AVENUE,501,01232,00019,40.62898,-74.15918,Staten Island
5028399,36 SOUTH AVENUE,501,01263,00090,40.6393,-74.16644,STATEN ISLAND
5028433,135 ARLINGTON AVENUE,501,01263,00218,40.63697,-74.16708,STATEN ISLAND
5028844,33 COLLFIELD AVENUE,501,01442,00024,40.62127,-74.14235,STATEN ISLAND
5028848,11 COLLFIELD AVENUE,501,01442,00033,40.62182,-74.14227,Staten Island
5028888,480 MAINE AVENUE,501,01450,00012,40.6213,-74.14104,STATEN ISLAND
5029062,249 CRYSTAL AVENUE,501,01464,00055,40.61778,-74.14194,Staten Island
5031345,40 LANDER AVENUE,502,01595,00111,40.61309,-74.16037,STATEN ISLAND
5031518,188 LANDER AVENUE,502,01599,00016,40.61387,-74.16548,STATEN ISLAND
5031641,29 MAY AVENUE,502,01607,00016,40.61462,-74.16174,Staten Island
5032489,274 ADA DRIVE,501,01654,00019,40.62119,-74.16409,Staten Island
5032490,272 ADA DRIVE,501,01654,00021,40.62116,-74.16397,Staten Island
5033745,835 ROCKLAND AVENUE,502,01965,00049,40.58894,-74.14513,STATEN ISLAND
5033748,1239 FOREST HILL RD,502,01965,00049,40.58894,-74.14513,STATEN ISLAND
5033750,1221 FOREST HILL ROAD,502,01965,00059,40.58953,-74.14506,Staten Island
5034063,136 WALCOTT AVENUE,502,01975,00536,40.59721,-74.13829,STATEN ISLAND
5034426,416 HAROLD STREET,502,01986,00007,40.60084,-74.13564,Staten Island
5037037,43 MACE STREET,502,02244,00037,40.57532,-74.13028,Staten Island
5037134,220 LONDON ROAD,502,02268,00031,40.57861,-74.13437,STATEN ISLAND
5037256,389 ST GEORGE ROAD,502,02284,00069,40.57503,-74.14017,STATEN ISLAND
5041891,453 WILD AVENUE,502,02705,00064,40.58606,-74.19607,Staten Island
5042057,3945 VICTORY BOULEVARD,502,02783,00050,40.59446,-74.18643,STATEN ISLAND
5042456,54 TOWNSEND AVENUE,501,02840,00061,40.62016,-74.073,Staten Island
5042887,227 ANDERSON STREET,501,02858,00006,40.61219,-74.06656,STATEN ISLAND
5043519,140 PALMA DRIVE,501,02888,00040,40.61116,-74.08379,STATEN ISLAND
5043675,720 TARGEE STREET,501,02903,00001,40.6099,-74.08758,STATEN ISLAND
5043957,279 CLIFTON AVENUE,501,02973,00011,40.61234,-74.07265,STATEN ISLAND
5045055,10 MANORVILLE COURT,502,03050,00030,40.60376,-74.07809,Staten Island
5045075,101 WINDEMERE ROAD,502,03060,00041,40.60233,-74.07852,STATEN ISLAND
5045156,6 SHORE ACRES ROAD,501,03066,00024,40.60856,-74.06171,STATEN ISLAND
5045196,71 WADSWORTH ROAD,501,03066,00287,40.60951,-74.05974,STATEN ISLAND
5045451,31 CLEVELAND PLACE,502,03085,00040,40.60271,-74.06844,Staten Island
5045531,28 MACFARLAND AVENUE,502,03100,00038,40.59816,-74.06779,Staten Island
5046198,429 ODER AVENUE,502,03154,00031,40.60681,-74.08891,Staten Island
5046282,2028 CLOVE ROAD,502,03159,00041,40.60472,-74.08479,Staten Island
5046870,74 TACOMA STREET,502,03185,00087,40.59845,-74.08907,Staten Island
5047193,14 LESLIE AVENUE,502,03209,00093,40.60051,-74.08183,STATEN ISLAND
5047236,1232 HYLAN BOULEVARD,502,03220,00006,40.59741,-74.08368,STATEN ISLAND
5047735,213 FOCH AVENUE,502,03249,00041,40.5927,-74.07662,STATEN ISLAND
5047767,215 LAMPORT BOULEVARD,502,03250,00051,40.5934,-74.07609,Staten Island
5048045,48 HICKORY AVENUE,502,03269,00083,40.59624,-74.07436,STATEN ISLAND
5048124,306 HUMBERT STREET,502,03274,00003,40.59542,-74.07036,Staten Island
5048359,56 MARK STREET,502,03289,00037,40.59523,-74.09337,Staten Island
5048455,1408 RICHMOND ROAD,502,03293,00005,40.59454,-74.09816,STATEN ISLAND
5048533,100 ATLANTIC AVENUE,502,03296,00020,40.59325,-74.09527,Staten Island
5049221,281 RARITAN AVENUE,502,03333,00048,40.59048,-74.09058,STATEN ISLAND
5049561,104 JEROME ROAD,502,03351,00017,40.59286,-74.0858,STATEN ISLAND
5049649,17 RUTH PLACE,502,03353,00067,40.59277,-74.08346,Staten Island
5050410,53 MCLAUGHLIN STREET,502,03411,00078,40.59022,-74.07283,Staten Island
5050474,38 PEARSALL STREET,502,03417,00120,40.59024,-74.07444,STATEN ISLAND
5050591,697 NORTH RAILROAD AVENUE,502,03530,00107,40.58829,-74.09829,Staten Island
5051001,50 HULL AVENUE,502,03554,00070,40.58415,-74.10448,STATEN ISLAND
5051045,149 HULL AVENUE,502,03557,00003,40.58271,-74.10156,Staten Island
5051073,157 ADAMS AVENUE,502,03558,00001,40.58212,-74.10209,Staten Island
5051250,60 BARTON AVENUE,502,03563,00070,40.58315,-74.10577,Staten Island
5051289,46 HUNTER AVENUE,502,03565,00039,40.58281,-74.10677,STATEN ISLAND
5051361,311 HUSSON STREET,502,03570,00034,40.58129,-74.10268,Staten Island
5051413,132 HAMDEN AVENUE,502,03572,00055,40.58094,-74.10487,Staten Island
5051436,306 HUSSON STREET,502,03573,00033,40.5811,-74.10213,STATEN ISLAND
5051462,197 HAMDEN AVENUE,502,03574,00021,40.58019,-74.10248,Staten Island
5052021,138 PRESCOTT AVENUE,502,03606,00048,40.57721,-74.11001,Staten Island
5052213,287 BANCROFT AVENUE,502,03616,00012,40.57484,-74.1062,Staten Island
5052417,74 STEELE AVENUE,502,03629,00020,40.57536,-74.11658,STATEN ISLAND
5052495,168 OTIS AVENUE,502,03633,00059,40.57549,-74.11173,Staten Island
5052509,155 BURBANK AVENUE,502,03634,00025,40.57517,-74.11333,Staten Island
5052652,233 LOCUST AVENUE,502,03639,00019,40.57452,-74.11054,Staten Island
5052665,224 OTIS AVENUE,502,03639,00048,40.57462,-74.11011,Staten Island
5052854,206 BACHE AVENUE,502,03648,00052,40.57176,-74.10944,STATEN ISLAND
5052855,210 BACHE AVENUE,502,03648,00054,40.5717,-74.10931,Staten Island
5053564,28 ZWICKY AVENUE,502,03692,00023,40.57658,-74.10218,STATEN ISLAND
5053574,2236 HYLAN BOULEVARD,502,03697,00006,40.57584,-74.10374,STATEN ISLAND
5054373,1255 MASON AVENUE,502,03743,00036,40.5737,-74.09917,Staten Island
5055331,2488 HYLAN BOULEVARD,502,03900,00012,40.5706,-74.10915,STATEN ISLAND
5055345,239 JAQUES AVENUE,502,03901,00010,40.57094,-74.10852,STATEN ISLAND
5055347,2424 HYLAN BOULEVARD,502,03901,00017,40.57165,-74.10765,Staten Island
5055719,510 NEW DORP LANE,502,04031,00115,40.56832,-74.10616,Staten Island
5056479,13 HETT AVENUE,502,04064,00038,40.56578,-74.10132,STATEN ISLAND
5057453,79 10 STREET,502,04214,00014,40.57114,-74.11597,Staten Island
5057468,41 7 STREET,502,04215,00017,40.57134,-74.11909,STATEN ISLAND
5057576,267 ROSE AVENUE,502,04220,00023,40.57142,-74.11435,Staten Island
5057678,320 ROSS AVENUE,502,04224,00038,40.56975,-74.11384,STATEN ISLAND
5057756,376 ROSS AVENUE,502,04227,00029,40.56887,-74.11219,Staten Island
5057891,30 ALLISON AVENUE,502,04232,00020,40.56976,-74.12013,Staten Island
5057954,17 RENO AVENUE,502,04238,00048,40.56857,-74.1218,STATEN ISLAND
5058618,2 ACORN STREET,503,04287,00029,40.56482,-74.1246,Staten Island
5058734,745 CLAWSON STREET,503,04297,00026,40.56215,-74.12103,Staten Island
5058831,14 HOLLY PLACE,503,04305,00030,40.57417,-74.12403,Staten Island
5059267,42 BISHOP STREET,503,04335,00116,40.57142,-74.12344,Staten Island
5059957,127 BARBARA STREET,503,04375,00023,40.56927,-74.13304,Staten Island
5060012,164 AMBER STREET,503,04377,00047,40.56814,-74.13302,Staten Island
5060019,103 THOMAS STREET,503,04378,00010,40.56702,-74.1321,Staten Island
5060026,131 THOMAS STREET,503,04378,00024,40.56712,-74.13318,STATEN ISLAND
5061607,133 GREAVES AVENUE,503,04572,00017,40.55682,-74.14643,Staten Island
5062174,143 BARLOW AVENUE,503,04605,00040,40.55998,-74.1525,Staten Island
5062406,69 GIBSON AVENUE,503,04613,00104,40.55665,-74.15001,Staten Island
5063491,83 CHAMPLAIN AVENUE,503,04716,00043,40.56142,-74.12598,Staten Island
5064602,3544 AMBOY ROAD,503,05090,00007,40.55503,-74.13983,STATEN ISLAND
5065560,31 RAMBLE ROAD,503,05132,00034,40.55057,-74.14693,Staten Island
5065757,35 GRANDVIEW TERRACE,503,05148,00041,40.54689,-74.14642,STATEN ISLAND
5066096,19 MCKEE AVENUE,503,05200,00059,40.54569,-74.14137,STATEN ISLAND
5067200,315 BEACH ROAD,503,05264,00087,40.54103,-74.15586,Staten Island
5067578,4075 HYLAN BOULEVARD,503,05276,00044,40.54058,-74.14789,Staten Island
5067627,151 DRIGGS STREET,503,05278,00045,40.5404,-74.15131,STATEN ISLAND
5067666,81 RUSSELL STREET,503,05280,00028,40.53995,-74.14947,Staten Island
5067749,260 ARMSTRONG AVENUE,503,05283,00003,40.5401,-74.15337,STATEN ISLAND
5067919,221 THORNYCROFT AVENUE,503,05289,00064,40.53804,-74.15514,Staten Island
5068880,24 ROSS LANE,503,05328,00008,40.53952,-74.16579,Staten Island
5069204,394 LYNDALE AVENUE,503,05348,00412,40.53404,-74.15556,STATEN ISLAND
5069897,95 LENZIE STREET,503,05404,00035,40.53161,-74.16393,Staten Island
5073300,3721 RICHMOND AVENUE,503,05511,00041,40.54723,-74.16575,STATEN ISLAND
5073401,3651 RICHMOND AVENUE,503,05515,00007,40.54898,-74.16692,Staten Island
5074020,445 WILSON AVENUE,503,05595,00028,40.54548,-74.16605,Staten Island
5074036,14 BAYARD STREET,503,05596,00006,40.54654,-74.16725,Staten Island
5075863,151 GRANTWOOD AVENUE,503,05664,00100,40.55024,-74.1795,Staten Island
5079499,200 NEDRA LANE,503,06025,00030,40.55205,-74.19527,STATEN ISLAND
5079651,455 HUGUENOT AVENUE,503,06050,00002,40.54461,-74.19701,STATEN ISLAND
5080048,34 JEANNETTE AVENUE,503,06222,00023,40.543,-74.17591,STATEN ISLAND
5080248,383 JEFFERSON BOULEVARD,503,06236,00009,40.54716,-74.18621,Staten Island
5080646,132 JEFFERSON BOULEVARD,503,06260,00042,40.54332,-74.18008,STATEN ISLAND
5081074,476 SHELDON AVENUE,503,06301,00073,40.54253,-74.1907,STATEN ISLAND
5081337,125 DOWNES AVENUE,503,06320,00018,40.53756,-74.18392,STATEN ISLAND
5081936,113 WEAVER STREET,503,06371,00049,40.53215,-74.16827,Staten Island
5082132,62 NEWTON STREET,503,06441,00158,40.52739,-74.1734,STATEN ISLAND
5082160,20 ZEPHYR AVENUE,503,06452,00013,40.52326,-74.17295,Staten Island
5082328,399 COLON STREET,503,06535,00070,40.52336,-74.18092,Staten Island
5082794,89 ORMSBY AVENUE,503,06671,00085,40.51861,-74.19585,STATEN ISLAND
5083089,283 WOODVALE AVENUE,503,06749,00007,40.5177,-74.20708,Staten Island
5083121,42 EXCELSIOR AVENUE,503,06750,00114,40.52069,-74.20617,Staten Island
5083285,243 GAR SHARROTT AVENUE,503,06793,00001,40.51769,-74.2122,Staten Island
5083431,19 ALBOURNE AVENUE EAST,503,06820,00016,40.53165,-74.19554,STATEN ISLAND
5083957,463 VERNON AVENUE,503,06853,00063,40.5299,-74.19785,STATEN ISLAND
5083992,258 ALBOURNE AVENUE,503,06857,00007,40.52996,-74.20037,Staten Island
5084277,459 RAMONA AVENUE,503,06882,00013,40.53782,-74.20114,STATEN ISLAND
5084655,593 FOSTER ROAD,503,06894,00001,40.54086,-74.20657,STATEN ISLAND
5084825,1818 CARLTON AVENUE,503,06913,00070,40.5331,-74.20441,Staten Island
5084921,909 RATHBUN AVENUE,503,06925,00012,40.53721,-74.20602,Staten Island
5085235,30 MINTURN AVENUE,503,06946,00075,40.52929,-74.20876,STATEN ISLAND
5085529,6215 AMBOY ROAD,503,06993,00154,40.52449,-74.2133,Staten Island
5086719,2911 ARTHUR KILL ROAD,503,07187,00001,40.55189,-74.22905,STATEN ISLAND
5086931,145 DUNHAM STREET,503,07495,00037,40.52521,-74.21685,Staten Island
5087086,6647 AMBOY ROAD,503,07550,00047,40.51846,-74.22403,Staten Island
5087087,6651 AMBOY ROAD,503,07550,00049,40.51861,-74.22412,Staten Island
5087088,6659 AMBOY ROAD,503,07550,00052,40.51859,-74.22436,Staten Island
5087089,6675 AMBOY ROAD,503,07550,00058,40.51868,-74.22466,Staten Island
5087281,15 BEDELL STREET,503,07702,00134,40.52135,-74.21428,Staten Island
5087283,25 GILBERT PLACE,503,07702,00146,40.5219,-74.21436,Staten Island
5087633,29 TRUMAN STREET,503,07853,00119,40.5108,-74.23735,Staten Island
5087703,645 ROCKAWAY STREET,503,07861,00068,40.50124,-74.23914,STATEN ISLAND
5087735,320 SPRAGUE AVENUE,503,07863,00095,40.50306,-74.23775,Staten Island
5087793,82 SPRAGUE AVENUE,503,07867,00010,40.50921,-74.2404,STATEN ISLAND
5087885,358 MANHATTAN STREET,503,07884,00016,40.50122,-74.24166,Staten Island
5087953,280 MANHATTAN STREET,503,07887,00031,40.50331,-74.24238,Staten Island
5087994,411 YETMAN AVENUE,503,07889,00079,40.50627,-74.24184,Staten Island
5088090,528 ACADEMY AVENUE,503,07894,00001,40.50777,-74.24362,STATEN ISLAND
5088094,342 SLEIGHT AVENUE,503,07895,00018,40.50902,-74.24232,Staten Island
5088300,747 CLERMONT AVENUE,503,07924,00052,40.5012,-74.24761,STATEN ISLAND
5088343,7610 AMBOY ROAD,503,07929,00004,40.5082,-74.24903,Staten Island
5088463,32 CONNECTICUT STREET,503,07942,00013,40.50663,-74.25103,STATEN ISLAND
5089083,271 BARNARD AVENUE,503,08041,00017,40.51251,-74.23985,STATEN ISLAND
5089104,234 BREHAUT AVENUE,503,08041,00086,40.51347,-74.24024,STATEN ISLAND
5089150,241 WOOD AVENUE,503,08043,00038,40.5119,-74.24252,STATEN ISLAND
5089191,224 WOOD AVENUE,503,08044,00062,40.51187,-74.24344,Staten Island
5089922,20 BRISTOL AVENUE,501,00680,00020,40.61281,-74.10905,STATEN ISLAND
5092708,160 VAIL AVENUE,503,06744,00042,40.51679,-74.20721,STATEN ISLAND
5093215,92 CONNECTICUT STREET,503,07939,00020,40.50515,-74.25066,Staten Island
5095554,35 GIFFORDS GLEN,503,05433,00033,40.55043,-74.15244,Staten Island
5103937,59 NORWALK AVENUE,502,00704,00001,40.60546,-74.11862,Staten Island
5105104,188 PLEASANT PLAINS AVENUE,503,07536,00055,40.52328,-74.2221,Staten Island
5106758,1815 VICTORY BOULEVARD,501,00371,00061,40.61324,-74.12393,STATEN ISLAND
5107008,545 PORT RICHMOND AVENUE,501,01056,00014,40.6295,-74.14048,STATEN ISLAND
5107239,1860 FOREST AVENUE,501,01706,00001,40.62482,-74.15063,STATEN ISLAND
5107288,2800D VICTORY BLVD,502,02040,00001,40.60125,-74.15036,STATEN ISLAND
5107289,2800E VICTORY BOULEVARD,502,02040,00001,40.60125,-74.15036,Staten Island
5107496,2096 CLOVE ROAD,502,03162,00008,40.60334,-74.0835,STATEN ISLAND
5108458,57 CLEVELAND PLACE,502,03087,00001,40.60164,-74.06785,Staten Island
5108871,82 WARREN STREET,501,00561,00024,40.62087,-74.08214,Staten Island
5108962,231 WESTWOOD AVENUE,502,00706,00001,40.60765,-74.11965,STATEN ISLAND
5108963,791 MANOR ROAD,502,00706,00001,40.60765,-74.11965,Staten Island
5108965,247 WESTWOOD AVENUE,502,00706,00001,40.60765,-74.11965,STATEN ISLAND
5110030,773 MANOR ROAD,502,00706,00001,40.60765,-74.11965,Staten Island
5110755,10 PROL PLACE,503,05411,00040,40.53364,-74.15353,Staten Island
5110756,10A PROL PLACE,503,05411,00040,40.53364,-74.15353,Staten Island
5113119,80 WARREN STREET,501,00561,00024,40.62087,-74.08214,STATEN ISLAND
5113144,170 HOWARD AVENUE,501,00589,00001,40.62621,-74.08924,STATEN ISLAND
5113169,715 OCEAN TERRACE,502,00683,00001,40.6083,-74.1059,STATEN ISLAND
5119510,156 SAND LANE,502,03274,00045,40.59564,-74.0701,Staten Island
5124001,227 BARNARD AVENUE,503,08041,00037,40.51335,-74.24066,Staten Island
5124002,227 GAR BARNARD AVENUE,503,08041,00037,40.51335,-74.24066,STATEN ISLAND
5125607,111 HOWARD AVENUE,501,00613,00027,40.62765,-74.08848,Staten Island
5127083,1 NASSAU PLACE,503,07971,00125,40.51903,-74.23774,Staten Island
5136638,130 GAR ELM STREET,501,00158,00102,40.6386,-74.11436,STATEN ISLAND
5137888,16GAR HUDSON STREET,501,00541,00051,40.62466,-74.08115,STATEN ISLAND
5137909,215 GAR TARGEE STREET,501,00563,00038,40.62198,-74.08408,Staten Island
5139657,306 GAR HUMBERT STREET,502,03274,00003,40.59542,-74.07036,Staten Island
5139861,53GAR MCLAUGHLIN STREET,502,03411,00078,40.59022,-74.07283,Staten Island
5141041,859 GAR CARLTON BOULEVARD,503,05694,00018,40.54539,-74.17654,STATEN ISLAND
5141455,320GAR SPRAGUE AVENUE,503,07863,00095,40.50306,-74.23775,Staten Island
5141466,82GAR SPRAGUE AVENUE,503,07867,00010,40.50921,-74.2404,STATEN ISLAND
5141480,437 GAR BRIGHTON STREET,503,07881,00065,40.49918,-74.24133,STATEN ISLAND
5141529,747GAR CLERMONT AVENUE,503,07924,00052,40.5012,-74.24761,STATEN ISLAND
5143923,43REAR MACE STREET,502,02244,00037,40.57532,-74.13028,Staten Island
5144282,2028GAR CLOVE ROAD,502,03159,00041,40.60472,-74.08479,Staten Island
5144418,275GAR SEAVIEW AVENUE,502,03344,00039,40.58705,-74.09272,Staten Island
5144715,267 GAR ROSE AVENUE,502,04220,00023,40.57142,-74.11435,Staten Island
5145395,6651GAR AMBOY ROAD,503,07550,00049,40.51861,-74.22412,Staten Island
5146589,345 SPRAGUE AVENUE,503,07826,00200,40.50251,-74.23691,STATEN ISLAND
5147278,32 SILVER COURT,501,00254,00151,40.62511,-74.1015,Staten Island
5151825,23 INEZ STREET,503,06705,00078,40.51868,-74.2004,Staten Island
5154167,144 GAR EGBERT AVENUE,501,00355,00083,40.62444,-74.12759,STATEN ISLAND
5154307,306 REAR HUMBERT STREET,502,03274,00003,40.59542,-74.07036,Staten Island
5155178,345 MERSEREAU AVENUE,501,01248,00001,40.62926,-74.16345,STATEN ISLAND
5155218,50 FRONT STREET,501,00487,00100,40.63054,-74.07044,STATEN ISLAND
5155342,6675REAR AMBOY ROAD,503,07550,00058,40.51868,-74.22466,Staten Island
5155344,6675GAR AMBOY ROAD,503,07550,00058,40.51868,-74.22466,Staten Island
5155393,465 MOSEL AVENUE,502,02921,00053,40.60577,-74.08311,STATEN ISLAND
5156610,385 FATHER CAPODANNO BOULEVARD,502,03491,00014,40.58847,-74.06921,STATEN ISLAND
5156898,4401 VICTORY BOULEVARD,502,02705,00001,40.59297,-74.19785,Staten Island
5158015,492 DOANE AVENUE,503,05451,00079,40.56199,-74.15845,Staten Island
5158016,490 DOANE AVENUE,503,05451,00080,40.5619,-74.15842,Staten Island
5158499,488 BUTLER BOULEVARD,503,07710,00300,40.50613,-74.22458,STATEN ISLAND
5164122,27 INEZ STREET,503,06705,00178,40.51865,-74.20055,STATEN ISLAND
5164590,451 VERNON AVENUE,503,06853,00058,40.53009,-74.19796,Staten Island
5164825,3307 RICHMOND AVENUE,503,05533,00023,40.55803,-74.16923,Staten Island
5164826,3305 RICHMOND AVENUE,503,05533,00025,40.55828,-74.16897,Staten Island
5165335,4285 ARTHUR KILL ROAD,503,07400,00020,40.53743,-74.23724,STATEN ISLAND
5166155,35A BAY STREET,501,00001,07504,40.64166,-74.07505,STATEN ISLAND
5166321,26 CANTON AVENUE,503,06272,00014,40.54746,-74.18975,Staten Island
5166322,26 GAR CANTON AVENUE,503,06272,00014,40.54746,-74.18975,Staten Island
5166323,22 CANTON AVENUE,503,06272,00016,40.5474,-74.18963,Staten Island
5166324,22 GAR CANTON AVENUE,503,06272,00016,40.5474,-74.18963,Staten Island
5167022,331 BURGHER AVENUE,502,03360,00016,40.59064,-74.08766,STATEN ISLAND
5167227,2S FRONT STREET,501,00487,00100,40.63054,-74.07044,STATEN ISLAND
5169688,437 BRIGHTON STREET,503,07881,00065,40.49918,-74.24133,STATEN ISLAND
5170503,83 10 STREET,502,04214,00015,40.57096,-74.11578,Staten Island
5170676,2800X VICTORY BOULEVARD,502,02040,00001,40.60125,-74.15036,STATEN ISLAND
5170823,60 COOPER AVENUE,502,03327,00151,40.5928,-74.08782,STATEN ISLAND
5171159,111 JOHN STREET,501,01121,00074,40.63594,-74.14342,STATEN ISLAND
5171400,346 COLE STREET,503,07566,00018,40.52246,-74.22807,Staten Island
5171424,336 COLE STREET,503,07566,00021,40.52246,-74.22807,Staten Island
5171556,155 PARK AVENUE,501,01020,00001,40.63673,-74.13239,STATEN ISLAND
5174509,4119 RICHMOND AVENUE,503,05268,00037,40.53842,-74.15921,Staten Island
5174675,22 PORT RICHMOND AVENUE,501,01073,00066,40.64024,-74.13186,STATEN ISLAND
5174773,47 LONGFELLOW AVENUE,502,00837,00487,40.60654,-74.09983,Staten Island
5174778,420 NELSON AVENUE,503,05212,00150,40.54046,-74.14175,STATEN ISLAND
5174810,6 HILLTOP PLACE,503,05249,00009,40.54403,-74.15022,Staten Island
5174822,4465 VICTORY BOULEVARD,502,99999,00001,40.58567,-74.2021,STATEN ISLAND
5174842,477 BERTRAM AVENUE,503,06454,00035,40.52369,-74.17405,STATEN ISLAND
5174843,473 BERTRAM AVENUE,503,06454,00040,40.52383,-74.17416,STATEN ISLAND
5174844,485 BERTRAM AVENUE,503,06454,00030,40.52355,-74.17395,STATEN ISLAND
5174845,489 BERTRAM AVENUE,503,06454,00025,40.52341,-74.17384,STATEN ISLAND
5174851,4995 ARTHUR KILL ROAD,503,07983,00100,40.52045,-74.23972,STATEN ISLAND
5174922,30 ZWICKY AVENUE,502,03692,00024,40.57667,-74.10191,STATEN ISLAND
5175064,54 SEELEY LANE,503,05223,00055,40.54869,-74.15324,Staten Island
5175066,50 SEELEY LANE,503,05223,00057,40.5485,-74.15337,Staten Island
5175221,2E FRONT STREET,501,00487,00100,40.63054,-74.07044,STATEN ISLAND
5175236,58 COOPER AVENUE,502,03327,00050,40.5928,-74.08782,STATEN ISLAND
5175245,839 FATHER CAPODANNO BOULEVARD,502,03847,00024,40.5757,-74.08372,STATEN ISLAND
5175319,3655 RICHMOND AVENUE,503,05515,00006,40.54886,-74.16689,Staten Island
5175321,56 BARTLETT AVENUE,503,05515,00073,40.54892,-74.16649,STATEN ISLAND
5175334,57 ELDER AVENUE,503,06789,00135,40.51924,-74.20983,STATEN ISLAND
5175340,7036 AMBOY ROAD,503,07798,00001,40.51519,-74.23437,Staten Island
5175378,73 HEMLOCK STREET,503,07032,00085,40.54446,-74.20988,Staten Island
5175404,71 BOMBAY STREET,503,07035,00014,40.54473,-74.21291,STATEN ISLAND
5175406,75 BOMBAY STREET,503,07035,00012,40.54473,-74.21291,STATEN ISLAND
5175408,79 BOMBAY STREET,503,07035,00010,40.54451,-74.21282,STATEN ISLAND
5175409,83 BOMBAY STREET,503,07035,00008,40.54451,-74.21282,Staten Island
5175412,728 MAGUIRE AVENUE,503,07035,00068,40.54468,-74.21252,Staten Island
5175414,732 MAGUIRE AVENUE,503,07035,00066,40.54468,-74.21252,Staten Island
5175417,736 MAGUIRE AVENUE,503,07035,00064,40.5449,-74.2126,Staten Island
5175419,740 MAGUIRE AVENUE,503,07035,00062,40.5449,-74.2126,Staten Island
5175467,67 ELDER AVENUE,503,06789,00139,40.51951,-74.20966,STATEN ISLAND
5175754,38 OAKDALE AVENUE,502,00859,00042,40.59785,-74.09982,Staten Island
5175795,229 ODER AVENUE,501,02887,00021,40.61043,-74.08522,Staten Island
5175796,223 ODER AVENUE,501,02887,00024,40.61053,-74.08511,Staten Island
5175797,225 ODER AVENUE,501,02887,00023,40.61075,-74.08522,Staten Island
5175824,1951A ARTHUR KILL ROAD,503,06169,00037,40.55593,-74.20247,Staten Island
5175827,345A MERSEREAU AVENUE,501,01248,00001,40.62924,-74.1638,STATEN ISLAND
5175828,345B MERSEREAU AVENUE,501,01248,00001,40.62924,-74.1638,STATEN ISLAND
5175837,30 PLEASANT VALLEY AVENUE,501,00622,00093,40.61563,-74.08891,STATEN ISLAND
5175838,107 BLOOMINGDALE ROAD,503,06998,00009,40.52679,-74.2157,Staten Island
5175851,435 GAR BRIGHTON STREET,503,07881,00066,40.49925,-74.24164,Staten Island
5175856,435 BRIGHTON STREET,503,07881,00066,40.49925,-74.24164,Staten Island
5175866,133GAR SHELDON AVENUE,503,05710,00060,40.54905,-74.18276,Staten Island
5175868,127GAR SHELDON AVENUE,503,05710,00058,40.54913,-74.18269,Staten Island
5175908,55 GAR SEA GATE ROAD,501,03066,00255,40.60889,-74.05886,Staten Island
5175959,565 WESTWOOD AVENUE,502,00765,00084,40.60578,-74.12966,STATEN ISLAND
5175966,77GAR GUYON AVENUE,503,04265,00020,40.56483,-74.12818,STATEN ISLAND
5175967,75 GUYON AVENUE,503,04265,00021,40.56484,-74.12823,STATEN ISLAND
5175968,77 GUYON AVENUE,503,04265,00020,40.56483,-74.12818,STATEN ISLAND
5175978,930 A WEST FINGERBOARD ROAD,502,03197,00001,40.60024,-74.08678,Staten Island
5175979,930 B WEST FINGERBOARD ROAD,502,03197,00001,40.60024,-74.08678,Staten Island
5176017,28 TENAFLY PLACE,503,06249,00212,40.53755,-74.18,STATEN ISLAND
5176024,1010 ANNADALE ROAD,503,06249,00211,40.53726,-74.17973,Staten Island
5176037,29 RADIGAN AVENUE,503,07046,00123,40.54461,-74.2142,STATEN ISLAND
5176038,23 RADIGAN AVENUE,503,07046,00122,40.54464,-74.21393,STATEN ISLAND
5176039,15 RADIGAN AVENUE,503,07046,00119,40.54468,-74.2137,STATEN ISLAND
5176040,34 CARLTON PLACE,502,00838,00177,40.60501,-74.09814,STATEN ISLAND
5176047,213A SIMONSON AVENUE,501,01176,00158,40.63123,-74.15201,STATEN ISLAND
5176060,365 ADAMS AVENUE,502,03683,00010,40.5785,-74.09628,Staten Island
5176069,152 CLINTON AVENUE,501,00074,00051,40.64085,-74.09796,STATEN ISLAND
5176084,79B SOUTH GOFF AVENUE,503,06789,00002,40.52191,-74.21163,Staten Island
5176085,670 ARDEN AVENUE,503,06230,00041,40.54628,-74.1804,STATEN ISLAND
5176086,670GAR ARDEN AVENUE,503,06230,00041,40.54628,-74.1804,STATEN ISLAND
5176087,674 ARDEN AVENUE,503,06230,00043,40.5462,-74.18025,STATEN ISLAND
5176088,674GAR ARDEN AVENUE,503,06230,00043,40.5462,-74.18025,STATEN ISLAND
5176105,18 TOTTENVILLE PLACE,503,07965,00038,40.50691,-74.25373,STATEN ISLAND
5176107,162GAR WEINER STREET,503,07577,00080,40.52411,-74.22962,STATEN ISLAND
5176150,241 RIDGECREST AVENUE,503,05268,00210,40.53976,-74.15952,Staten Island
5176151,245 RIDGECREST AVENUE,503,05268,00211,40.53985,-74.15919,Staten Island
5176176,16 CALLAN AVENUE,502,00878,00035,40.59942,-74.10783,Staten Island
5176187,1438 CLOVE ROAD,501,00658,00018,40.61272,-74.09969,STATEN ISLAND
5176188,33 ONEIDA AVENUE,501,00658,00016,40.61263,-74.10049,STATEN ISLAND
5176223,125 RAMAPO AVENUE,503,06894,00003,40.54091,-74.20639,STATEN ISLAND
5176237,11 VIRGINIA AVENUE,501,02847,00086,40.61541,-74.06776,Staten Island
5176238,12 VIRGINIA AVENUE,501,02848,00034,40.61539,-74.06775,STATEN ISLAND
5176239,30 BUFFINGTON AVENUE,503,06252,00012,40.5384,-74.18275,STATEN ISLAND
5176240,30 GAR BUFFINGTON AVENUE,503,06252,00012,40.5384,-74.18275,STATEN ISLAND
5176260,1 HANNAH STREET,501,00487,00099,40.63657,-74.07355,Staten Island
5176262,343 EDISON STREET,502,03636,00001,40.57346,-74.11303,Staten Island
5176265,146 RICHIE AVENUE,502,02620,00169,40.59462,-74.18419,STATEN ISLAND
5176288,2559 FOREST AVENUE,501,01384,00150,40.6261,-74.17546,Staten Island
5176295,179 GARFIELD AVENUE,501,03076,00019,40.60533,-74.06727,STATEN ISLAND
5176299,61 SHADYSIDE AVENUE,503,06751,00082,40.52137,-74.20906,STATEN ISLAND
5176304,354 PACIFIC AVENUE,503,05239,00065,40.54375,-74.15999,STATEN ISLAND
5176309,350 PACIFIC AVENUE,503,05239,00063,40.54368,-74.15993,Staten Island
5176311,346 PACIFIC AVENUE,503,05239,00061,40.54362,-74.15987,Staten Island
5176322,425 PHILIP AVENUE,503,06455,00056,40.52557,-74.1745,Staten Island
5176323,425 GAR PHILIP AVENUE,503,06455,00056,40.52537,-74.17467,Staten Island
5176335,20 CRESTON PLACE,501,00578,00052,40.63359,-74.08363,STATEN ISLAND
5176342,256 LINDENWOOD AVENUE,503,05249,00011,40.54386,-74.15015,Staten Island
5176371,100F LUTEN AVENUE,503,06613,00001,40.52809,-74.19203,Staten Island
5176417,14GAR SINGLETON STREET,503,06675,00029,40.52245,-74.19763,Staten Island
5176418,14 SINGLETON STREET,503,06675,00029,40.52245,-74.19763,Staten Island
5176420,18 SINGLETON STREET,503,06675,00026,40.52237,-74.19781,Staten Island
5176423,726 GAR DELAFIELD AVENUE,501,00224,00022,40.62938,-74.12275,STATEN ISLAND
5176424,10 CHARTER OAK ROAD,502,00894,00422,40.58856,-74.10875,STATEN ISLAND
5176523,83 RUSTIC PLACE,503,05147,00049,40.54752,-74.1475,STATEN ISLAND
5176524,14GAR DOE PLACE,501,00175,00045,40.63663,-74.11535,STATEN ISLAND
5176540,427 ODER AVENUE,502,03154,00032,40.60686,-74.08886,Staten Island
5176546,209 SOUTH AVENUE,501,01257,00023,40.63469,-74.16587,Staten Island
5176554,79GAR PERRY AVENUE,501,00725,00042,40.61024,-74.12976,STATEN ISLAND
5176555,79 PERRY AVENUE,501,00725,00042,40.61024,-74.12976,STATEN ISLAND
5176556,80 PURDY AVENUE,501,00725,00044,40.61026,-74.12958,STATEN ISLAND
5176557,78 PURDY AVENUE,501,00725,00045,40.61026,-74.12951,STATEN ISLAND
5176558,77 PERRY AVENUE,501,00725,00043,40.61034,-74.12977,STATEN ISLAND
5176564,263 OAKDALE STREET,503,05239,00057,40.54304,-74.15989,Staten Island
5176565,261 OAKDALE STREET,503,05239,00058,40.54306,-74.15985,Staten Island
5176566,259 OAKDALE STREET,503,05239,00059,40.54309,-74.15981,Staten Island
5176567,257 OAKDALE STREET,503,05239,00060,40.54312,-74.15976,Staten Island
5176568,348 PACIFIC AVENUE,503,05239,00062,40.54365,-74.1599,Staten Island
5176569,352 PACIFIC AVENUE,503,05239,00064,40.54372,-74.15996,Staten Island
5176571,356 PACIFIC AVENUE,503,05239,00066,40.54378,-74.16002,STATEN ISLAND
5176581,306 ELTINGVILLE BOULEVARD,503,05520,00138,40.55247,-74.16637,Staten Island
5176582,310 ELTINGVILLE BOULEVARD,503,05520,00141,40.55257,-74.16639,Staten Island
5176583,314 ELTINGVILLE BOULEVARD,503,05520,00142,40.55267,-74.16641,Staten Island
5176587,4305 ARTHUR KILL ROAD,503,07400,00010,40.5371,-74.23734,STATEN ISLAND
5176603,72 GRAVES STREET,502,00810,00017,40.60381,-74.12998,Staten Island
5176604,74 GRAVES STREET,502,00810,00018,40.60374,-74.12997,Staten Island
5176605,76 GRAVES STREET,502,00810,00019,40.60367,-74.12996,Staten Island
5176606,78 GRAVES STREET,502,00810,00020,40.60361,-74.12995,Staten Island
5176607,96 GRAVES STREET,502,00810,00027,40.60316,-74.12988,Staten Island
5176608,100 GRAVES STREET,502,00810,00029,40.60303,-74.12987,Staten Island
5176609,102 GRAVES STREET,502,00810,00030,40.60297,-74.12985,Staten Island
5176610,98 GRAVES STREET,502,00810,00028,40.60309,-74.12988,Staten Island
5176611,104 GRAVES STREET,502,00810,00031,40.6029,-74.12984,Staten Island
5176612,94 GRAVES STREET,502,00810,00026,40.60322,-74.12989,Staten Island
5176613,106 GRAVES STREET,502,00810,00032,40.60283,-74.12984,Staten Island
5176614,92 GRAVES STREET,502,00810,00025,40.60329,-74.12991,Staten Island
5176615,88 GRAVES STREET,502,00810,00024,40.60335,-74.12991,Staten Island
5176616,86 GRAVES STREET,502,00810,00023,40.60341,-74.12992,Staten Island
5176617,82 GRAVES STREET,502,00810,00022,40.60348,-74.12994,Staten Island
5176618,80 GRAVES STREET,502,00810,00021,40.60354,-74.12994,Staten Island
5176621,75 WELLBROOK AVENUE,502,00810,00014,40.60364,-74.13032,Staten Island
5176622,77 WELLBROOK AVENUE,502,00810,00013,40.60357,-74.13031,Staten Island
5176623,107 WELLBROOK AVENUE,502,00810,00001,40.6028,-74.13019,STATEN ISLAND
5176627,95 WELLBROOK AVENUE,502,00810,00005,40.60306,-74.13023,STATEN ISLAND
5176633,81 WELLBROOK AVENUE,502,00810,00011,40.60344,-74.13029,Staten Island
5176634,79 WELLBROOK AVENUE,502,00810,00012,40.60351,-74.13029,Staten Island
5176637,61 MURIEL STREET,503,07310,00006,40.53854,-74.23552,STATEN ISLAND
5176679,14 GROVE STREET,501,00536,00007,40.62698,-74.08133,Staten Island
5176681,432 ARLENE STREET,502,02230,00062,40.60744,-74.16557,Staten Island
5176691,6907 AMBOY ROAD,503,08007,00040,40.51788,-74.23167,STATEN ISLAND
5176697,6903 AMBOY ROAD,503,08007,00039,40.51777,-74.23141,STATEN ISLAND
5176709,60 QUINTARD STREET,502,03347,00036,40.59558,-74.08443,STATEN ISLAND
5176721,212 HOLDEN BOULEVARD,502,00808,00017,40.60386,-74.12853,Staten Island
5176726,24 SCUDDER AVENUE,503,06901,00322,40.52613,-74.20531,STATEN ISLAND
5176742,16GAR LATHAM PLACE,503,07026,00180,40.54232,-74.2093,Staten Island
5176743,16 LATHAM PLACE,503,07026,00180,40.54232,-74.2093,Staten Island
5176748,210 HOLDEN BOULEVARD,502,00808,00018,40.60386,-74.12846,Staten Island
5176750,254 GAR NORWAY AVENUE,502,03394,00092,40.59245,-74.07793,Staten Island
5176756,38 WHITLOCK AVENUE,502,00908,00160,40.59513,-74.11124,Staten Island
5176759,4691 AMBOY ROAD,503,05593,00025,40.54048,-74.16833,Staten Island
5176760,4693 AMBOY ROAD,503,05593,00026,40.54022,-74.16836,Staten Island
5176761,4697 AMBOY ROAD,503,05593,00028,40.54037,-74.16853,Staten Island
5176762,1233 ARDEN AVENUE,503,05593,00029,40.54032,-74.16867,Staten Island
5176763,58 RATHBUN AVENUE,503,05704,00034,40.54842,-74.18058,STATEN ISLAND
5176793,829 ROCKLAND AVENUE,502,01965,00049,40.58857,-74.14473,STATEN ISLAND
5176794,831 ROCKLAND AVENUE,502,01965,00049,40.58857,-74.14481,STATEN ISLAND
5176795,837 ROCKLAND AVENUE,502,01965,00049,40.58857,-74.14504,Staten Island
5176810,35 BEETHOVEN STREET,501,03002,00002,40.60816,-74.07039,Staten Island
5176813,25 GREENLEAF AVENUE,501,00227,00024,40.63045,-74.12743,Staten Island
5176815,28 HOPE AVENUE,501,02863,00025,40.6103,-74.06457,Staten Island
5176816,22 HOPE AVENUE,501,02863,00029,40.61037,-74.06444,Staten Island
5176821,215 GAR CENTER STREET,503,04437,00006,40.57151,-74.14241,STATEN ISLAND
5176828,215 CENTER STREET,503,04437,00006,40.57151,-74.14241,STATEN ISLAND
5176830,1050 DRUMGOOLE ROAD WEST,503,06264,00056,40.5446,-74.18365,Staten Island
5176831,1054 DRUMGOOLE ROAD WEST,503,06264,00057,40.5445,-74.18374,Staten Island
5176839,115 NORWOOD AVENUE,501,02838,00032,40.6201,-74.07541,Staten Island
5176847,219 BARNARD AVENUE,503,08041,00039,40.51353,-74.24083,Staten Island
5176848,223 BARNARD AVENUE,503,08041,00038,40.51345,-74.24076,Staten Island
5176851,449 WILSON AVENUE,503,05595,00029,40.54543,-74.16622,Staten Island
5176861,29 CASTLETON AVENUE,501,00108,00034,40.63576,-74.08592,Staten Island
5176903,62 RATHBUN AVENUE,503,05704,00033,40.54831,-74.18067,STATEN ISLAND
5176914,63GAR ARBUTUS AVENUE,503,06523,00051,40.53248,-74.18505,STATEN ISLAND
5176922,41 PINE STREET,501,00105,00004,40.63633,-74.08733,Staten Island
5176926,1458 CASTLETON AVENUE,501,01030,00064,40.63423,-74.13162,Staten Island
5176927,202 HUNTER AVENUE,502,03574,00043,40.5803,-74.10206,Staten Island
5176937,193 CHARLES AVENUE,501,01095,00008,40.63501,-74.13779,STATEN ISLAND
5176939,187 LUCILLE AVENUE,503,07086,00005,40.54802,-74.21954,Staten Island
5176940,685 OAKLAND AVENUE,501,00288,00008,40.62454,-74.10902,Staten Island
5176941,689 OAKLAND AVENUE,501,00288,00007,40.62446,-74.109,Staten Island
5176945,93 HANOVER AVENUE,503,06708,00022,40.51939,-74.20061,STATEN ISLAND
5176947,87 HANOVER AVENUE,503,06708,00021,40.51943,-74.20043,STATEN ISLAND
5176948,93GAR HANOVER AVENUE,503,06708,00022,40.51939,-74.20061,STATEN ISLAND
5176949,87GAR HANOVER AVENUE,503,06708,00021,40.51943,-74.20043,STATEN ISLAND
5176957,172 NORTH RAILROAD STREET,503,06279,00162,40.53895,-74.18472,Staten Island
5176958,178 NORTH RAILROAD STREET,503,06279,00160,40.53889,-74.18486,Staten Island
5176982,230 RATHBUN AVENUE,503,06264,00021,40.54475,-74.1842,Staten Island
5176983,226 RATHBUN AVENUE,503,06264,00023,40.54473,-74.18393,Staten Island
5176990,467 MOSEL AVENUE,502,02921,00006,40.60606,-74.08315,STATEN ISLAND
5176995,1000 WEST SERVICE ROAD,502,05900,00500,40.58129,-74.19249,STATEN ISLAND
5177001,17 ELTINGE STREET,502,00844,00039,40.60292,-74.09518,STATEN ISLAND
5177002,15 ELTINGE STREET,502,00844,00034,40.60291,-74.09512,STATEN ISLAND
5177010,25GAR BUEL AVENUE,502,03530,00059,40.58893,-74.10067,Staten Island
5177013,25 BUEL AVENUE,502,03530,00059,40.58893,-74.10067,Staten Island
5177015,47 WILLOW POND ROAD,502,00879,00050,40.59817,-74.10978,STATEN ISLAND
5177021,19 TRUMAN STREET,503,07853,00117,40.51077,-74.23717,Staten Island
5177022,44 NORTH RAILROAD STREET,503,06254,00048,40.54052,-74.1804,STATEN ISLAND
5177031,258 VAN PELT AVENUE,501,01216,00069,40.6296,-74.15544,Staten Island
5177032,258GAR VAN PELT AVENUE,501,01216,00069,40.6296,-74.15544,STATEN ISLAND
5177033,260GAR VAN PELT AVENUE,501,01216,00070,40.62956,-74.15544,STATEN ISLAND
5177034,260 VAN PELT AVENUE,501,01216,00070,40.62956,-74.15544,Staten Island
5177038,126 ST STEPHENS PLACE,502,00942,00102,40.57777,-74.11855,Staten Island
5177039,130 ST STEPHENS PLACE,502,00942,00103,40.57772,-74.11832,Staten Island
5177051,35 LAYTON AVENUE,501,00049,00181,40.64166,-74.08466,Staten Island
5177062,71 GIBSON AVENUE,503,04613,00102,40.55668,-74.14991,Staten Island
5177063,67 GIBSON AVENUE,503,04613,00106,40.55662,-74.15012,Staten Island
5177064,65 GIBSON AVENUE,503,04613,00107,40.55637,-74.15015,Staten Island
5177065,465 STEWART AVENUE,501,00483,00010,40.61225,-74.1455,Staten Island
5177066,467 STEWART AVENUE,501,00483,00009,40.61216,-74.14551,Staten Island
5177067,471 STEWART AVENUE,501,00483,00008,40.6127,-74.14568,Staten Island
5177069,108 MOSELY AVENUE,503,06214,00027,40.5397,-74.17395,STATEN ISLAND
5177070,110 MOSELY AVENUE,503,06214,00028,40.5397,-74.17395,STATEN ISLAND
5177071,112 MOSELY AVENUE,503,06214,00029,40.5397,-74.17395,STATEN ISLAND
5177083,966 DRUMGOOLE ROAD WEST,503,06232,00133,40.5465,-74.18204,Staten Island
5177084,367 POILLON AVENUE,503,06431,00280,40.5262,-74.17401,STATEN ISLAND
5177088,347 BEACH AVENUE,502,04228,00058,40.56824,-74.11374,Staten Island
5177089,285 CLIFTON AVENUE,501,02973,00015,40.61222,-74.07287,STATEN ISLAND
5177092,107 QUINLAN AVENUE,501,00721,00066,40.60968,-74.12859,Staten Island
5177093,103 QUINLAN AVENUE,501,00721,00068,40.60963,-74.12886,Staten Island
5177095,29 BROWN AVENUE,503,05142,00011,40.55009,-74.14964,Staten Island
5177096,42 HILLSIDE TERRACE,503,05142,00111,40.55007,-74.14904,Staten Island
5177100,106 MOSELY AVENUE,503,06214,00026,40.5397,-74.17395,STATEN ISLAND
5177101,483 WOODROW ROAD,503,05772,00052,40.55349,-74.18537,Staten Island
5177102,487 WOODROW ROAD,503,05772,00054,40.55341,-74.18545,Staten Island
5177104,32 OLYMPIA BOULEVARD,502,03401,00003,40.59261,-74.06926,Staten Island
5177105,28 OLYMPIA BOULEVARD,502,03401,00005,40.59279,-74.06918,Staten Island
5177106,20 CHURCH AVENUE,502,02625,00025,40.59325,-74.18671,Staten Island
5177112,3 MADERA STREET,503,06681,00110,40.52719,-74.20039,STATEN ISLAND
5177113,11 MADERA STREET,503,06681,00112,40.52703,-74.20028,STATEN ISLAND
5177114,7 MADERA STREET,503,06681,00111,40.52711,-74.20033,STATEN ISLAND
5177119,911 RATHBUN AVENUE,503,06925,00014,40.53718,-74.20613,STATEN ISLAND
5177120,907 RATHBUN AVENUE,503,06925,00010,40.53724,-74.20591,Staten Island
5177121,403 YETMAN AVENUE,503,07889,00082,40.50635,-74.24216,Staten Island
5177122,407 YETMAN AVENUE,503,07889,00081,40.50627,-74.24213,Staten Island
5177125,279 ALTER AVENUE,502,03337,00049,40.5892,-74.09177,STATEN ISLAND
5177133,86 SPRAGUE AVENUE,503,07867,00020,40.50933,-74.23975,STATEN ISLAND
5177134,79C SOUTH GOFF AVENUE,503,06789,00201,40.52191,-74.21163,STATEN ISLAND
5177135,693 BEMENT AVENUE,501,00293,00009,40.62436,-74.11034,STATEN ISLAND
5177138,283 CLIFTON AVENUE,501,02973,00013,40.61226,-74.07279,STATEN ISLAND
5177139,281 CLIFTON AVENUE,501,02973,00012,40.6123,-74.07272,STATEN ISLAND
5177146,12 CODDINGTON AVENUE,502,04220,00040,40.57175,-74.11432,STATEN ISLAND
5177147,16 CODDINGTON AVENUE,502,04220,00042,40.57168,-74.1142,STATEN ISLAND
5177148,201 BREHAUT AVENUE,503,08040,00048,40.51448,-74.24049,STATEN ISLAND
5177151,69 ALTER AVENUE,502,03300,00088,40.59261,-74.09787,Staten Island
5177156,544 BRITTON AVENUE,502,03154,00045,40.60655,-74.08838,Staten Island
5177157,546 BRITTON AVENUE,502,03154,00047,40.60651,-74.08842,Staten Island
5177160,253 CASWELL AVENUE,501,00477,00004,40.61402,-74.14478,STATEN ISLAND
5177161,259 CASWELL AVENUE,501,00477,00005,40.61432,-74.14507,STATEN ISLAND
5177164,30 TENAFLY PLACE,503,06249,00309,40.53749,-74.18005,STATEN ISLAND
5177165,1014 ANNADALE ROAD,503,06249,00310,40.53721,-74.17978,Staten Island
5177168,23 EDWIN STREET,503,05394,00032,40.53757,-74.16836,STATEN ISLAND
5177169,27 EDWIN STREET,503,05394,00034,40.5375,-74.16852,STATEN ISLAND
5177170,1748 CARLTON AVENUE,503,06872,00057,40.53354,-74.20205,STATEN ISLAND
5177171,1750 CARLTON AVENUE,503,06872,00058,40.53369,-74.2023,STATEN ISLAND
5177173,71 GLOVER STREET,503,05307,00102,40.53797,-74.14667,STATEN ISLAND
5177175,128 CROMWELL AVENUE,502,03319,00013,40.59055,-74.0968,Staten Island
5177176,132 CROMWELL AVENUE,502,03319,00014,40.5905,-74.09671,Staten Island
5177178,174 GELDNER AVENUE,502,00939,00193,40.57952,-74.11973,STATEN ISLAND
5177179,178 GELDNER AVENUE,502,00939,00192,40.57937,-74.11951,STATEN ISLAND
5177180,272 MORRISON AVENUE,501,00300,00040,40.62816,-74.11553,STATEN ISLAND
5177181,278 MORRISON AVENUE,501,00300,00038,40.62828,-74.11549,STATEN ISLAND
5177183,48 HUNTER AVENUE,502,03565,00040,40.58275,-74.10666,STATEN ISLAND
5177184,105 BLOOMINGDALE ROAD,503,06998,00008,40.52673,-74.21567,Staten Island
5177185,103 BLOOMINGDALE ROAD,503,06998,00007,40.52666,-74.21564,Staten Island
5177186,101 BLOOMINGDALE ROAD,503,06998,00006,40.52676,-74.2159,Staten Island
5177195,124 HAWLEY AVENUE,503,06815,00114,40.53067,-74.19511,Staten Island
5177196,126 HAWLEY AVENUE,503,06815,00115,40.53065,-74.19521,Staten Island
5177197,130 HAWLEY AVENUE,503,06815,00117,40.53059,-74.1953,Staten Island
5177198,132 HAWLEY AVENUE,503,06815,00118,40.53056,-74.19534,Staten Island
5177199,134 HAWLEY AVENUE,503,06815,00119,40.53051,-74.1954,Staten Island
5177202,27 WEED AVENUE,502,04035,00007,40.5668,-74.10452,STATEN ISLAND
5177203,31 WEED AVENUE,502,04035,00009,40.56689,-74.10476,STATEN ISLAND
5177205,339 DEWEY AVENUE,503,05441,00041,40.55365,-74.15443,Staten Island
5177206,335 DEWEY AVENUE,503,05441,00039,40.55392,-74.15443,Staten Island
5177207,114 PLEASANT PLAINS AVENUE,503,07533,00185,40.52344,-74.2197,Staten Island
5177208,116 PLEASANT PLAINS AVENUE,503,07533,00085,40.52343,-74.21976,Staten Island
5177209,118 PLEASANT PLAINS AVENUE,503,07533,00084,40.52343,-74.21983,Staten Island
5177210,120 PLEASANT PLAINS AVENUE,503,07533,00083,40.52364,-74.22031,Staten Island
5177211,122 PLEASANT PLAINS AVENUE,503,07533,00082,40.52342,-74.21994,Staten Island
5177212,124 PLEASANT PLAINS AVENUE,503,07533,00081,40.52338,-74.22069,Staten Island
5177214,233 BARNARD AVENUE,503,08041,00036,40.51316,-74.24088,Staten Island
5177215,297 WOODVALE AVENUE,503,06749,00190,40.51735,-74.20779,Staten Island
5177216,293 WOODVALE AVENUE,503,06749,00001,40.51742,-74.20783,Staten Island
5177221,51 DAHLIA STREET,503,06085,00067,40.54443,-74.1989,Staten Island
5177222,45 DAHLIA STREET,503,06085,00065,40.54415,-74.19903,Staten Island
5177223,47 DAHLIA STREET,503,06085,00066,40.54419,-74.19904,Staten Island
5177224,148 WOODVALE AVENUE,503,06789,00028,40.52079,-74.20945,Staten Island
5177225,156 WOODVALE AVENUE,503,06789,00133,40.52063,-74.2094,Staten Island
5177226,154 WOODVALE AVENUE,503,06789,00033,40.52067,-74.20941,Staten Island
5177228,40 PRICES LANE,502,02772,00035,40.59367,-74.18952,STATEN ISLAND
5177229,42 PRICES LANE,502,02772,00036,40.59364,-74.18947,STATEN ISLAND
5177230,44 PRICES LANE,502,02772,00037,40.59361,-74.18952,STATEN ISLAND
5177231,82 PARK HILL CIRCLE,501,02867,00210,40.61737,-74.07766,Staten Island
5177236,151 WEED AVENUE,502,04040,00071,40.56418,-74.10688,Staten Island
5177239,145 BEDFORD AVENUE,502,03572,00015,40.58033,-74.10484,STATEN ISLAND
5177240,147 BEDFORD AVENUE,502,03572,00013,40.58031,-74.1048,STATEN ISLAND
5177257,16 BOYLE PLACE,502,02264,00050,40.57667,-74.13174,STATEN ISLAND
5177261,54 MEREDITH AVENUE,502,02776,00089,40.59553,-74.18866,Staten Island
5177262,56 MEREDITH AVENUE,502,02776,00090,40.59531,-74.18888,Staten Island
5177263,204 BUEL AVENUE,502,03538,00112,40.58603,-74.09547,STATEN ISLAND
5177265,59 YORK AVENUE,501,00052,00053,40.64511,-74.08816,Staten Island
5177266,309 LIBERTY AVENUE,502,03380,00092,40.58573,-74.09172,Staten Island
5177267,311 LIBERTY AVENUE,502,03380,00091,40.58557,-74.09138,Staten Island
5177271,437 RICHARD AVENUE,503,07710,00129,40.50757,-74.22376,Staten Island
5177274,837 IONIA AVENUE,503,06875,00016,40.53637,-74.20084,STATEN ISLAND
5177275,833 IONIA AVENUE,503,06875,00014,40.53642,-74.20067,STATEN ISLAND
5177276,837 GAR IONIA AVENUE,503,06875,00016,40.53637,-74.20084,STATEN ISLAND
5177277,833 GAR IONIA AVENUE,503,06875,00014,40.53642,-74.20067,STATEN ISLAND
5177280,77 DEKAY STREET,501,00153,00042,40.63251,-74.10877,Staten Island
5177281,79 DEKAY STREET,501,00153,00043,40.63251,-74.10881,Staten Island
5177285,112 RIDGEWOOD PLACE,501,00131,00047,40.63262,-74.09815,Staten Island
5177286,116 RIDGEWOOD PLACE,501,00131,00048,40.63254,-74.09814,Staten Island
5177291,100GAR ATLANTIC AVENUE,502,03296,00020,40.59341,-74.09512,STATEN ISLAND
5177295,76 STEELE AVENUE,502,03629,00020,40.5755,-74.11644,Staten Island
5177296,78 STEELE AVENUE,502,03629,00022,40.57548,-74.11639,Staten Island
5177304,278 HUNTER AVENUE,502,03685,00015,40.57941,-74.09986,Staten Island
5177305,282 HUNTER AVENUE,502,03685,00016,40.57937,-74.09978,Staten Island
5177324,714 OAKLAND AVENUE,501,00298,00039,40.62362,-74.10911,Staten Island
5177326,34 QUINLAN AVENUE,501,00722,00030,40.61161,-74.12907,STATEN ISLAND
5177328,73 GLOVER STREET,503,05307,00101,40.53802,-74.14627,STATEN ISLAND
5177333,36 QUINLAN AVENUE,501,00722,00032,40.61157,-74.12907,Staten Island
5177336,444 BEMENT AVENUE,501,00166,00025,40.63089,-74.11189,Staten Island
5177337,440 BEMENT AVENUE,501,00166,00022,40.63103,-74.11152,Staten Island
5177338,438 BEMENT AVENUE,501,00166,00021,40.63106,-74.11179,Staten Island
5177341,2159 VICTORY BOULEVARD,501,00462,00165,40.61253,-74.13527,Staten Island
5177342,2163 VICTORY BOULEVARD,501,00462,00170,40.6125,-74.13535,Staten Island
5177344,846 WOODROW ROAD,503,06319,00099,40.54553,-74.19335,STATEN ISLAND
5177345,852 WOODROW ROAD,503,06319,00097,40.54545,-74.1935,STATEN ISLAND
5177346,324 BRYSON AVENUE,501,00483,00057,40.61318,-74.14468,STATEN ISLAND
5177347,322 BRYSON AVENUE,501,00483,00055,40.61332,-74.14495,STATEN ISLAND
5177353,35 ELTINGVILLE BOULEVARD,503,05497,00167,40.54527,-74.16447,Staten Island
5177354,138 POUCH TERRACE,502,03036,00030,40.60322,-74.0766,Staten Island
5177357,26 TENAFLY PLACE,503,06249,00312,40.53759,-74.18018,Staten Island
5177358,1008 ANNADALE ROAD,503,06249,00311,40.53724,-74.17938,Staten Island
5177359,48 NORTH RAILROAD STREET,503,06254,00047,40.5405,-74.1805,STATEN ISLAND
5177371,97 ORMSBY AVENUE,503,06671,00079,40.51881,-74.19613,Staten Island
5177372,101 ORMSBY AVENUE,503,06671,00077,40.51884,-74.19614,Staten Island
5177373,99 ORMSBY AVENUE,503,06671,00078,40.51883,-74.19614,Staten Island
5177378,26 JANSEN STREET,503,05401,00006,40.53357,-74.16559,Staten Island
5177379,26GAR JANSEN STREET,503,05401,00006,40.53377,-74.16563,Staten Island
5177380,32 JANSEN STREET,503,05401,00005,40.53371,-74.16578,Staten Island
5177381,32GAR JANSEN STREET,503,05401,00005,40.53371,-74.16578,Staten Island
5177384,56 NEWTON STREET,503,06441,00160,40.52755,-74.17377,Staten Island
5177385,60 NEWTON STREET,503,06441,00159,40.52752,-74.17384,Staten Island
5177386,64 NEWTON STREET,503,06441,00158,40.52748,-74.17392,Staten Island
5177394,10 KEPPEL AVENUE,503,07867,00013,40.50933,-74.24,Staten Island
5177395,12 KEPPEL AVENUE,503,07867,00012,40.50929,-74.24014,Staten Island
5177401,95G LENZIE STREET,503,05404,00035,40.53137,-74.16393,Staten Island
5177402,2206 SOUTH RAILROAD AVENUE,503,05018,00013,40.55724,-74.13549,Staten Island
5177403,2204 SOUTH RAILROAD AVENUE,503,05018,00014,40.55727,-74.13545,Staten Island
5177417,2208 SOUTH RAILROAD AVENUE,503,05018,00012,40.55721,-74.13553,Staten Island
5177418,2210 SOUTH RAILROAD AVENUE,503,05018,00011,40.55717,-74.13557,Staten Island
5177419,2212 SOUTH RAILROAD AVENUE,503,05018,00010,40.55714,-74.1356,Staten Island
5177420,2216 SOUTH RAILROAD AVENUE,503,05018,00008,40.55709,-74.13568,Staten Island
5177421,2214 SOUTH RAILROAD AVENUE,503,05018,00009,40.55712,-74.13564,Staten Island
5177422,2218 SOUTH RAILROAD AVENUE,503,05018,00007,40.55706,-74.13572,Staten Island
5177423,182 PLEASANT PLAINS AVENUE,503,07536,00058,40.52354,-74.22206,Staten Island
5177424,184 PLEASANT PLAINS AVENUE,503,07536,00057,40.52353,-74.22212,Staten Island
5177425,186 PLEASANT PLAINS AVENUE,503,07536,00056,40.52353,-74.22218,Staten Island
5177426,190 PLEASANT PLAINS AVENUE,503,07536,00054,40.52353,-74.2223,Staten Island
5177427,192 PLEASANT PLAINS AVENUE,503,07536,00053,40.52352,-74.22236,Staten Island
5177435,50 DENT ROAD,503,05128,00045,40.54988,-74.14523,Staten Island
5177437,280 SANILAC STREET,502,03703,00033,40.5747,-74.10232,Staten Island
5177438,282 SANILAC STREET,502,03703,00032,40.57438,-74.10262,Staten Island
5177439,14 FURMAN STREET,503,06246,00034,40.53721,-74.17886,Staten Island
5177440,20 FURMAN STREET,503,06246,00036,40.53716,-74.17882,Staten Island
5177443,284 SANILAC STREET,502,03703,00031,40.57435,-74.10265,Staten Island
5177444,286 SANILAC STREET,502,03703,00030,40.57431,-74.10268,Staten Island
5177446,3947 VICTORY BOULEVARD,502,02783,00051,40.59433,-74.18621,Staten Island
5177447,3943 VICTORY BOULEVARD,502,02783,00050,40.59438,-74.18613,Staten Island
5177449,128 HAWLEY AVENUE,503,06815,00116,40.53062,-74.19525,Staten Island
5177451,1024 IONIA AVENUE,503,06918,00010,40.53443,-74.20699,Staten Island
5177452,1018 IONIA AVENUE,503,06918,00012,40.53447,-74.20683,STATEN ISLAND
5177454,147 WEED AVENUE,502,04040,00070,40.56426,-74.10712,Staten Island
5177460,17 BEDELL STREET,503,07702,00135,40.52135,-74.21428,Staten Island
5177463,19 BEDELL STREET,503,07702,00136,40.52135,-74.21428,Staten Island
5177465,222 ALBEE AVENUE,503,06321,00107,40.53717,-74.18271,Staten Island
5177466,226 ALBEE AVENUE,503,06321,00109,40.53708,-74.18266,Staten Island
5177468,129 RAMAPO AVENUE,503,06894,00002,40.54075,-74.20617,STATEN ISLAND
5177469,133 RAMAPO AVENUE,503,06894,00001,40.54072,-74.20627,STATEN ISLAND
5177478,64A NEWTON STREET,503,06441,00158,40.52748,-74.17392,Staten Island
5177479,60A NEWTON STREET,503,06441,00159,40.52752,-74.17384,Staten Island
5177480,56A NEWTON STREET,503,06441,00160,40.52755,-74.17377,Staten Island
5177484,15 CHAMPLAIN AVENUE,503,04658,00057,40.56241,-74.12798,STATEN ISLAND
5177485,19 CHAMPLAIN AVENUE,503,04658,00056,40.56236,-74.12791,Staten Island
5177491,106 JACQUES AVENUE,502,03643,00037,40.57274,-74.1124,STATEN ISLAND
5177492,108 JACQUES AVENUE,502,03643,00038,40.57272,-74.11236,STATEN ISLAND
5177505,49 WITTEMAN PLACE,502,00837,00342,40.60959,-74.10173,Staten Island
5177506,47 WITTEMAN PLACE,502,00837,00343,40.60954,-74.10173,Staten Island
5177507,45 WITTEMAN PLACE,502,00837,00344,40.6095,-74.10172,Staten Island
5177508,43 WITTEMAN PLACE,502,00837,00345,40.60946,-74.10172,Staten Island
5177545,443 PURDY AVENUE,501,00747,00030,40.60975,-74.14236,Staten Island
5177546,445 PURDY AVENUE,501,00747,00031,40.60974,-74.14239,Staten Island
5177547,224 ALBEE AVENUE,503,06321,00107,40.53702,-74.18299,Staten Island
5177580,252 VICTORY BOULEVARD,501,00576,00025,40.63504,-74.08475,Staten Island
5177583,262 ARMSTRONG AVENUE,503,05283,00003,40.54013,-74.15306,Staten Island
5177584,258 ARMSTRONG AVENUE,503,05283,00005,40.54006,-74.153,Staten Island
5177712,191 CHARLES AVENUE,501,01095,00007,40.63522,-74.13789,Staten Island
5800465,2840 AMBOY ROAD,503,04257,00001,40.56867,-74.12531,Staten Island
5801182,2725 ARTHUR KILL ROAD,503,07162,00001,40.55231,-74.22332,Staten Island
5803169,197 CANAL STREET,501,00527,00050,40.62542,-74.07974,STATEN ISLAND
5807840,108 GLASCOE AVENUE,501,01456,00029,40.61895,-74.14005,Staten Island
5816152,172 RICHMOND TERRACE,501,00013,00092,40.64654,-74.07902,STATEN ISLAND
5816167,178 RICHMOND TERRACE,501,00013,00082,40.64634,-74.07938,STATEN ISLAND
5816300,3002 RICHMOND TERRACE,501,01227,00055,40.63687,-74.16003,STATEN ISLAND
5818493,8 STUYVESANT PLACE,501,00013,00100,40.6459,-74.07863,STATEN ISLAND
5833932,138 GRYMES HILL ROAD,501,00593,00130,40.6231,-74.09384,STATEN ISLAND
5857787,132 ALDEN PLACE,501,00088,00010,40.63709,-74.09271,Staten Island
5857915,2 FRONT STREET,501,00487,00100,40.63054,-74.07044,STATEN ISLAND
5858485,24 HOPE AVENUE,501,02863,00027,40.61034,-74.06448,Staten Island
5862706,21 VAN TUYL STREET,501,00081,00028,40.6384,-74.08921,STATEN ISLAND
5862707,25 VAN TUYL STREET,501,00081,00029,40.63836,-74.08927,STATEN ISLAND
5871263,128 GAR LOCKMAN AVENUE,501,01237,00157,40.6341,-74.16162,Staten Island
